,Open,High,Low,Close
2018-01-01,1279.1400146484375,1279.1400146484375,1279.1400146484375,1279.1400146484375
2018-01-02,1246.3338623046875,1281.469970703125,1246.3338623046875,1279.1400146484375
2018-01-03,1280.4599609375,1284.52001953125,1276.25,1281.3800048828125
2018-01-04,1277.969970703125,1284.9100341796875,1275.4200439453125,1277.4100341796875
2018-01-05,1280.8699951171875,1283.5,1275.510009765625,1280.3499755859375
2018-01-08,1250.9034423828125,1280.9300537109375,1250.9034423828125,1276.239990234375
2018-01-09,1278.050048828125,1278.050048828125,1272.3199462890625,1277.5400390625
2018-01-10,1277.239990234375,1282.27001953125,1273.949951171875,1278.3299560546875
2018-01-11,1277.97998046875,1283.469970703125,1273.780029296875,1278.75
2018-01-12,1281.8199462890625,1290.780029296875,1279.1400146484375,1282.0899658203125
2018-01-15,1290.3199462890625,1305.9200439453125,1290.3199462890625,1258.94580078125
2018-01-16,1303.4100341796875,1305.469970703125,1297.699951171875,1302.3900146484375
2018-01-17,1303.9100341796875,1308.9000244140625,1301.6500244140625,1303.3399658203125
2018-01-18,1300.949951171875,1309.5799560546875,1300.4100341796875,1299.4599609375
2018-01-19,1307.989990234375,1309.3199462890625,1302.1199951171875,1308.510009765625
2018-01-22,1309.02001953125,1311.300048828125,1305.949951171875,1278.1806640625
2018-01-23,1307.97998046875,1319.68994140625,1307.6099853515625,1309.72998046875
2018-01-24,1318.699951171875,1320.7900390625,1312.4000244140625,1320.469970703125
2018-01-25,1319.3499755859375,1326.3699951171875,1312.1400146484375,1318.72998046875
2018-01-26,1318.81005859375,1326.030029296875,1318.81005859375,1319.3900146484375
2018-01-29,1320.9300537109375,1326.1500244140625,1320.800048828125,1320.9300537109375
2018-01-30,1323.699951171875,1331.6600341796875,1322.3900146484375,1324.219970703125
2018-01-31,1329.9200439453125,1330.8800048828125,1324.2900390625,1330.7900390625
2018-02-01,1326.239990234375,1335.93994140625,1325.7099609375,1327.3499755859375
2018-02-02,1338.3399658203125,1355.5799560546875,1338.3399658203125,1340.0699462890625
2018-02-05,1356.75,1357.530029296875,1345.9300537109375,1356.75
2018-02-06,1355.6099853515625,1357.68994140625,1335.489990234375,1351.8800048828125
2018-02-07,1337.8800048828125,1345.0,1327.6600341796875,1335.9300537109375
2018-02-08,1335.02001953125,1340.06005859375,1329.739990234375,1336.1700439453125
2018-02-09,1343.8499755859375,1343.8499755859375,1326.8599853515625,1343.31005859375
2018-02-12,1326.8199462890625,1332.1400146484375,1325.8499755859375,1326.8199462890625
2018-02-13,1328.6099853515625,1339.5699462890625,1327.3800048828125,1331.780029296875
2018-02-14,1337.4599609375,1338.72998046875,1325.9000244140625,1338.6400146484375
2018-02-15,1333.31005859375,1338.3599853515625,1326.989990234375,1333.8800048828125
2018-02-16,1328.22998046875,1333.7900390625,1324.02001953125,1329.0999755859375
2018-02-19,1322.4599609375,1325.5799560546875,1319.06005859375,1322.4599609375
2018-02-20,1323.3199462890625,1327.75,1321.260009765625,1322.3199462890625
2018-02-21,1323.760009765625,1326.010009765625,1318.449951171875,1322.9300537109375
2018-02-22,1321.6700439453125,1332.030029296875,1321.6700439453125,1319.8499755859375
2018-02-23,1330.4599609375,1330.47998046875,1321.6800537109375,1331.219970703125
2018-02-26,1322.510009765625,1322.510009765625,1314.02001953125,1294.148681640625
2018-02-27,1317.800048828125,1322.5899658203125,1314.22998046875,1316.989990234375
2018-02-28,1319.3800048828125,1323.8699951171875,1316.1300048828125,1321.1500244140625
2018-03-01,1323.030029296875,1324.550048828125,1317.1199951171875,1322.969970703125
2018-03-02,1326.9000244140625,1335.030029296875,1319.449951171875,1327.449951171875
2018-03-05,1328.719970703125,1332.0400390625,1325.1300048828125,1328.719970703125
2018-03-06,1327.010009765625,1328.239990234375,1314.699951171875,1327.989990234375
2018-03-07,1322.800048828125,1328.1300048828125,1320.43994140625,1319.9000244140625
2018-03-08,1322.300048828125,1330.1300048828125,1320.949951171875,1323.1400146484375
2018-03-09,1320.1099853515625,1320.1099853515625,1308.72998046875,1320.780029296875
2018-03-12,1309.43994140625,1314.6700439453125,1308.469970703125,1309.43994140625
2018-03-13,1311.47998046875,1316.75,1310.68994140625,1312.25
2018-03-14,1321.3399658203125,1322.9000244140625,1311.3499755859375,1321.2099609375
2018-03-15,1315.3800048828125,1320.27001953125,1312.1199951171875,1314.449951171875
2018-03-16,1314.449951171875,1317.3499755859375,1308.8499755859375,1314.969970703125
2018-03-19,1314.0699462890625,1321.3900146484375,1311.780029296875,1314.0699462890625
2018-03-20,1321.9100341796875,1323.5,1312.3399658203125,1322.72998046875
2018-03-21,1310.449951171875,1316.469970703125,1310.010009765625,1310.8900146484375
2018-03-22,1314.06005859375,1329.8399658203125,1314.06005859375,1313.3900146484375
2018-03-23,1331.449951171875,1336.489990234375,1325.6300048828125,1330.8499755859375
2018-03-25,1300.7047119140625,1341.4599609375,1300.7047119140625,1337.4000244140625
2018-03-26,1337.8299560546875,1338.1300048828125,1326.6800537109375,1338.0
2018-03-27,1331.489990234375,1332.5899658203125,1311.81005859375,1332.3699951171875
2018-03-28,1310.5999755859375,1314.8699951171875,1303.300048828125,1308.5400390625
2018-03-29,1306.219970703125,1306.219970703125,1306.219970703125,1306.219970703125
2018-04-01,1280.1405029296875,1280.1405029296875,1280.1405029296875,1306.219970703125
2018-04-02,1306.219970703125,1306.219970703125,1292.1099853515625,1280.1405029296875
2018-04-03,1293.5699462890625,1308.6600341796875,1293.5699462890625,1293.47998046875
2018-04-04,1298.8399658203125,1305.3699951171875,1296.3599853515625,1298.8399658203125
2018-04-05,1300.449951171875,1312.300048828125,1300.449951171875,1300.47998046875
2018-04-08,1313.4300537109375,1317.010009765625,1306.75,1313.4300537109375
2018-04-09,1316.760009765625,1319.75,1309.0999755859375,1316.760009765625
2018-04-10,1315.0400390625,1323.010009765625,1314.260009765625,1314.52001953125
2018-04-11,1317.1600341796875,1323.530029296875,1316.0799560546875,1318.27001953125
2018-04-12,1317.4200439453125,1319.719970703125,1313.8800048828125,1318.93994140625
2018-04-15,1320.0999755859375,1328.6600341796875,1320.0999755859375,1320.0999755859375
2018-04-16,1324.2099609375,1324.2099609375,1315.8299560546875,1324.2099609375
2018-04-17,1316.219970703125,1320.6199951171875,1315.02001953125,1318.6800537109375
2018-04-18,1317.7900390625,1319.3499755859375,1309.8599853515625,1317.02001953125
2018-04-19,1314.72998046875,1317.93994140625,1313.25,1315.93994140625
2018-04-22,1284.0701904296875,1319.5,1284.0701904296875,1314.780029296875
2018-04-23,1316.199951171875,1316.5999755859375,1311.1300048828125,1318.47998046875
2018-04-24,1316.010009765625,1320.77001953125,1313.550048828125,1317.4100341796875
2018-04-25,1314.3199462890625,1315.4300537109375,1303.7099609375,1315.6300048828125
2018-04-26,1303.6300048828125,1304.3599853515625,1288.2099609375,1303.6300048828125
2018-04-29,1293.8800048828125,1294.9200439453125,1288.8199462890625,1293.8800048828125
2018-04-30,1291.6199951171875,1291.6199951171875,1291.6199951171875,1291.6199951171875
2018-05-01,1263.5430908203125,1291.8599853515625,1263.5430908203125,1291.6199951171875
2018-05-02,1289.1099853515625,1290.7099609375,1285.0999755859375,1288.8900146484375
2018-05-03,1287.56005859375,1290.6700439453125,1282.449951171875,1287.56005859375
2018-05-06,1283.050048828125,1288.3499755859375,1283.050048828125,1283.050048828125
2018-05-07,1286.199951171875,1286.4100341796875,1276.739990234375,1286.75
2018-05-08,1279.3599853515625,1281.8699951171875,1277.010009765625,1278.469970703125
2018-05-09,1278.1400146484375,1278.7099609375,1266.5,1276.8399658203125
2018-05-10,1269.489990234375,1275.6800537109375,1269.489990234375,1267.8800048828125
2018-05-13,1273.9100341796875,1281.1800537109375,1273.9100341796875,1273.9100341796875
2018-05-14,1275.77001953125,1280.9000244140625,1274.219970703125,1275.43994140625
2018-05-15,1276.06005859375,1278.219970703125,1268.7900390625,1275.3900146484375
2018-05-16,1271.989990234375,1276.93994140625,1271.550048828125,1271.489990234375
2018-05-17,1274.25,1274.969970703125,1271.18994140625,1274.25
2018-05-20,1242.3880615234375,1274.239990234375,1242.3880615234375,1271.1800537109375
2018-05-21,1268.72998046875,1270.4200439453125,1264.0999755859375,1268.72998046875
2018-05-22,1268.7099609375,1270.760009765625,1260.97998046875,1265.6400146484375
2018-05-23,1258.239990234375,1272.7900390625,1258.239990234375,1258.239990234375
2018-05-24,1267.22998046875,1267.22998046875,1254.68994140625,1264.7900390625
2018-05-27,1254.77001953125,1257.3499755859375,1246.18994140625,1254.77001953125
2018-05-28,1248.510009765625,1251.2900390625,1242.06005859375,1247.469970703125
2018-05-29,1248.8800048828125,1258.739990234375,1244.3399658203125,1250.2099609375
2018-05-30,1254.6400146484375,1261.9599609375,1251.8800048828125,1253.8900146484375
2018-05-31,1260.7099609375,1260.7099609375,1246.2900390625,1262.6199951171875
2018-06-03,1248.4300537109375,1254.199951171875,1248.4300537109375,1248.4300537109375
2018-06-04,1251.6300048828125,1253.0999755859375,1247.1700439453125,1252.010009765625
2018-06-05,1254.6800537109375,1256.760009765625,1249.47998046875,1254.6800537109375
2018-06-06,1256.3900146484375,1265.9000244140625,1255.6800537109375,1254.530029296875
2018-06-07,1263.31005859375,1267.5999755859375,1260.77001953125,1263.1600341796875
2018-06-10,1235.3707275390625,1269.1500244140625,1235.3707275390625,1263.6500244140625
2018-06-11,1266.9300537109375,1271.719970703125,1260.81005859375,1266.9599609375
2018-06-12,1267.6199951171875,1276.0,1267.6199951171875,1267.6199951171875
2018-06-13,1278.0,1280.9100341796875,1259.3699951171875,1280.0799560546875
2018-06-14,1256.7900390625,1282.1400146484375,1256.0999755859375,1261.1800537109375
2018-06-17,1279.3199462890625,1283.8199462890625,1276.22998046875,1279.3199462890625
2018-06-18,1283.9300537109375,1290.02001953125,1281.9000244140625,1283.9300537109375
2018-06-19,1287.0999755859375,1287.0999755859375,1276.8299560546875,1287.6700439453125
2018-06-20,1281.52001953125,1287.6700439453125,1277.8399658203125,1282.1400146484375
2018-06-21,1286.530029296875,1296.9200439453125,1284.949951171875,1287.530029296875
2018-06-24,1294.7099609375,1303.8699951171875,1294.7099609375,1294.7099609375
2018-06-25,1304.0400390625,1307.5999755859375,1300.2900390625,1303.3599853515625
2018-06-26,1301.7900390625,1303.06005859375,1295.25,1301.7900390625
2018-06-27,1296.3299560546875,1301.43994140625,1293.4300537109375,1297.6800537109375
2018-06-28,1295.260009765625,1301.1800537109375,1292.969970703125,1295.260009765625
2018-07-01,1301.3800048828125,1303.199951171875,1296.969970703125,1301.3800048828125
2018-07-02,1301.52001953125,1306.1199951171875,1294.8699951171875,1301.52001953125
2018-07-03,1298.5999755859375,1302.7099609375,1297.510009765625,1297.530029296875
2018-07-04,1299.9300537109375,1309.469970703125,1298.8299560546875,1299.0899658203125
2018-07-05,1309.510009765625,1312.1700439453125,1302.52001953125,1306.81005859375
2018-07-08,1308.4000244140625,1308.9000244140625,1304.699951171875,1308.4000244140625
2018-07-09,1307.5,1310.9000244140625,1303.5999755859375,1307.5
2018-07-10,1311.9000244140625,1317.300048828125,1311.5999755859375,1304.5
2018-07-11,1314.5999755859375,1317.9000244140625,1310.300048828125,1315.800048828125
2018-07-12,1309.0999755859375,1319.199951171875,1307.5999755859375,1309.0999755859375
2018-07-15,1319.0999755859375,1321.300048828125,1315.9000244140625,1319.0999755859375
2018-07-16,1319.4000244140625,1320.199951171875,1312.699951171875,1320.0999755859375
2018-07-17,1313.5,1318.300048828125,1312.0999755859375,1311.4000244140625
2018-07-18,1314.9000244140625,1321.5,1313.5,1316.800048828125
2018-07-19,1321.699951171875,1323.300048828125,1317.9000244140625,1321.699951171875
2018-07-22,1320.4000244140625,1330.4000244140625,1320.4000244140625,1288.699951171875
2018-07-23,1325.0,1328.300048828125,1316.300048828125,1323.699951171875
2018-07-24,1316.4000244140625,1319.0,1307.800048828125,1317.699951171875
2018-07-25,1310.699951171875,1314.5,1306.800048828125,1309.0999755859375
2018-07-26,1306.9000244140625,1308.0,1297.5,1307.4000244140625
2018-07-29,1299.300048828125,1307.4000244140625,1299.300048828125,1299.300048828125
2018-07-30,1306.5999755859375,1313.5999755859375,1301.300048828125,1307.199951171875
2018-07-31,1302.300048828125,1309.0999755859375,1302.199951171875,1299.699951171875
2018-08-01,1303.699951171875,1312.0,1303.0999755859375,1304.5
2018-08-02,1307.199951171875,1308.0,1297.199951171875,1306.699951171875
2018-08-05,1298.0,1302.9000244140625,1295.800048828125,1298.0
2018-08-06,1300.300048828125,1301.5999755859375,1295.199951171875,1300.300048828125
2018-08-07,1296.199951171875,1299.9000244140625,1295.4000244140625,1294.9000244140625
2018-08-08,1297.199951171875,1298.300048828125,1292.9000244140625,1295.300048828125
2018-08-09,1293.800048828125,1297.0999755859375,1286.5,1292.199951171875
2018-08-12,1288.0,1295.199951171875,1287.300048828125,1288.0
2018-08-13,1293.699951171875,1293.800048828125,1279.9000244140625,1294.699951171875
2018-08-14,1278.199951171875,1287.0,1277.9000244140625,1278.199951171875
2018-08-15,1285.9000244140625,1287.0999755859375,1278.5999755859375,1288.4000244140625
2018-08-16,1280.5,1281.5,1277.199951171875,1280.5
2018-08-19,1278.9000244140625,1283.5,1277.9000244140625,1278.9000244140625
2018-08-20,1283.800048828125,1288.800048828125,1283.0999755859375,1282.9000244140625
2018-08-21,1291.5,1298.0,1291.4000244140625,1291.5
2018-08-22,1294.800048828125,1299.5,1293.300048828125,1294.300048828125
2018-08-23,1297.199951171875,1297.9000244140625,1289.0999755859375,1299.300048828125
2018-08-26,1293.800048828125,1295.9000244140625,1290.0,1293.800048828125
2018-08-27,1294.5999755859375,1296.5,1291.300048828125,1294.300048828125
2018-08-28,1294.300048828125,1299.199951171875,1292.9000244140625,1293.699951171875
2018-08-29,1297.5999755859375,1299.5,1293.699951171875,1297.5
2018-08-30,1299.4000244140625,1302.0999755859375,1293.699951171875,1300.800048828125
2018-09-02,1292.699951171875,1292.699951171875,1286.0,1292.699951171875
2018-09-03,1290.0999755859375,1292.699951171875,1288.300048828125,1293.0
2018-09-04,1295.0,1303.0999755859375,1291.0999755859375,1298.699951171875
2018-09-05,1300.699951171875,1305.5999755859375,1299.4000244140625,1300.5
2018-09-06,1304.0,1306.5,1298.300048828125,1306.5999755859375
2018-09-09,1302.4000244140625,1308.9000244140625,1301.0,1302.4000244140625
2018-09-10,1307.9000244140625,1309.199951171875,1302.300048828125,1317.699951171875
2018-09-11,1303.199951171875,1309.4000244140625,1302.699951171875,1304.5999755859375
2018-09-12,1301.699951171875,1310.9000244140625,1300.300048828125,1308.5
2018-09-13,1308.0,1309.5999755859375,1302.9000244140625,1309.800048828125
2018-09-16,1302.9000244140625,1313.800048828125,1302.9000244140625,1302.9000244140625
2018-09-17,1314.199951171875,1317.800048828125,1310.800048828125,1313.0999755859375
2018-09-18,1308.699951171875,1311.699951171875,1305.5,1308.699951171875
2018-09-19,1305.5,1315.300048828125,1304.5999755859375,1309.699951171875
2018-09-20,1314.300048828125,1316.199951171875,1306.699951171875,1314.300048828125
2018-09-23,1308.699951171875,1318.9000244140625,1308.699951171875,1308.699951171875
2018-09-24,1313.4000244140625,1317.0999755859375,1311.9000244140625,1313.4000244140625
2018-09-25,1313.0,1314.199951171875,1306.300048828125,1312.4000244140625
2018-09-26,1309.5999755859375,1310.5,1295.5,1308.5999755859375
2018-09-27,1295.0999755859375,1295.800048828125,1283.699951171875,1294.0
2018-09-30,1286.699951171875,1290.199951171875,1284.5,1286.699951171875
2018-10-01,1286.800048828125,1291.5,1286.800048828125,1287.4000244140625
2018-10-02,1290.5999755859375,1295.300048828125,1289.4000244140625,1290.5999755859375
2018-10-03,1290.0999755859375,1302.4000244140625,1289.5,1291.300048828125
2018-10-04,1303.300048828125,1303.300048828125,1295.4000244140625,1304.199951171875
2018-10-07,1302.9000244140625,1305.699951171875,1300.800048828125,1269.0
2018-10-08,1302.699951171875,1303.199951171875,1298.5,1302.0
2018-10-09,1299.300048828125,1312.9000244140625,1299.0,1302.4000244140625
2018-10-10,1315.699951171875,1322.300048828125,1309.699951171875,1317.5999755859375
2018-10-11,1314.0999755859375,1316.300048828125,1303.199951171875,1314.4000244140625
2018-10-14,1306.300048828125,1311.0999755859375,1305.199951171875,1306.300048828125
2018-10-15,1309.4000244140625,1310.4000244140625,1298.0,1314.5
2018-10-16,1298.5999755859375,1302.699951171875,1297.0,1298.5
2018-10-17,1296.800048828125,1306.800048828125,1296.0999755859375,1295.800048828125
2018-10-18,1301.800048828125,1304.0999755859375,1293.5,1301.5999755859375
2018-10-21,1302.0999755859375,1302.699951171875,1296.199951171875,1302.0999755859375
2018-10-22,1298.199951171875,1306.0999755859375,1298.0999755859375,1296.5
2018-10-23,1300.5,1301.199951171875,1289.4000244140625,1303.699951171875
2018-10-24,1298.4000244140625,1299.5999755859375,1290.4000244140625,1296.199951171875
2018-10-25,1291.0999755859375,1300.300048828125,1290.9000244140625,1291.0999755859375
2018-10-29,1298.699951171875,1301.800048828125,1267.9000244140625,1298.699951171875
2018-10-30,1299.5,1299.699951171875,1291.0,1298.800048828125
2018-10-31,1291.0,1293.199951171875,1288.9000244140625,1290.4000244140625
2018-11-01,1288.5,1291.0,1282.199951171875,1290.800048828125
2018-11-02,1282.4000244140625,1285.0,1270.0999755859375,1287.0999755859375
2018-11-05,1271.699951171875,1279.5999755859375,1271.699951171875,1271.699951171875
2018-11-06,1278.300048828125,1282.9000244140625,1277.4000244140625,1279.300048828125
2018-11-07,1282.0,1286.0,1278.699951171875,1280.5
2018-11-08,1276.699951171875,1278.199951171875,1271.300048828125,1274.9000244140625
2018-11-09,1272.5999755859375,1280.699951171875,1272.5999755859375,1272.0999755859375
2018-11-12,1280.300048828125,1281.0999755859375,1276.4000244140625,1280.300048828125
2018-11-13,1277.5,1278.800048828125,1270.5,1276.300048828125
2018-11-14,1277.9000244140625,1281.199951171875,1275.699951171875,1279.199951171875
2018-11-15,1279.800048828125,1281.4000244140625,1274.199951171875,1279.300048828125
2018-11-16,1276.5,1284.699951171875,1275.0,1276.0
2018-11-19,1279.0999755859375,1288.800048828125,1279.0999755859375,1253.0
2018-11-20,1291.300048828125,1291.300048828125,1283.9000244140625,1289.5999755859375
2018-11-21,1284.5,1289.9000244140625,1283.699951171875,1283.9000244140625
2018-11-22,1284.4000244140625,1290.300048828125,1283.5,1294.800048828125
2018-11-23,1286.5999755859375,1290.800048828125,1281.5,1294.4000244140625
2018-11-26,1284.5999755859375,1284.5999755859375,1255.800048828125,1284.5999755859375
2018-11-27,1279.800048828125,1279.9000244140625,1273.300048828125,1279.199951171875
2018-11-28,1275.5999755859375,1276.199951171875,1269.5999755859375,1276.699951171875
2018-11-29,1274.800048828125,1276.5999755859375,1270.5,1274.199951171875
2018-11-30,1272.699951171875,1277.300048828125,1265.0999755859375,1272.0999755859375
2018-12-03,1266.699951171875,1266.699951171875,1258.0999755859375,1266.699951171875
2018-12-04,1259.0,1262.5,1256.5,1258.0999755859375
2018-12-05,1260.0999755859375,1263.5999755859375,1258.199951171875,1259.4000244140625
2018-12-06,1262.699951171875,1276.699951171875,1262.699951171875,1261.0999755859375
2018-12-07,1271.0999755859375,1280.0999755859375,1268.199951171875,1273.199951171875
2018-12-10,1279.5999755859375,1289.5,1279.5999755859375,1279.5999755859375
2018-12-11,1280.0999755859375,1287.0,1276.300048828125,1284.5999755859375
2018-12-12,1275.800048828125,1280.699951171875,1274.699951171875,1276.4000244140625
2018-12-13,1277.300048828125,1279.4000244140625,1272.800048828125,1277.9000244140625
2018-12-14,1278.5,1283.9000244140625,1277.199951171875,1280.199951171875
2018-12-17,1279.0,1282.4000244140625,1278.9000244140625,1279.0
2018-12-18,1283.0,1285.5999755859375,1279.300048828125,1280.0999755859375
2018-12-19,1281.300048828125,1284.4000244140625,1276.800048828125,1279.4000244140625
2018-12-20,1283.9000244140625,1288.0999755859375,1280.800048828125,1284.5999755859375
2018-12-21,1286.0,1288.300048828125,1278.300048828125,1282.5
2018-12-24,1282.0,1285.0,1279.5,1282.0
2018-12-25,1280.699951171875,1280.699951171875,1280.699951171875,1280.699951171875
2018-12-26,1280.699951171875,1280.699951171875,1280.699951171875,1280.699951171875
2018-12-27,1251.800048828125,1282.300048828125,1251.800048828125,1280.699951171875
2018-12-28,1279.300048828125,1280.699951171875,1274.5,1279.4000244140625
2018-12-31,1276.5999755859375,1276.800048828125,1268.5999755859375,1276.5999755859375
2019-01-01,1276.199951171875,1276.199951171875,1276.199951171875,1276.199951171875
2019-01-02,1276.199951171875,1285.0999755859375,1269.199951171875,1276.199951171875
2019-01-03,1268.699951171875,1284.199951171875,1268.699951171875,1269.4000244140625
2019-01-04,1281.5,1285.0,1272.300048828125,1280.199951171875
2019-01-07,1271.199951171875,1282.0999755859375,1271.199951171875,1271.199951171875
2019-01-08,1281.800048828125,1289.5999755859375,1280.4000244140625,1281.199951171875
2019-01-09,1285.0999755859375,1289.0999755859375,1280.0999755859375,1284.0
2019-01-10,1291.0,1294.0999755859375,1284.5,1292.199951171875
2019-01-11,1286.4000244140625,1287.800048828125,1281.199951171875,1284.5999755859375
2019-01-14,1281.5,1287.5999755859375,1281.5,1281.5
2019-01-15,1286.0,1286.300048828125,1277.5,1286.800048828125
2019-01-16,1279.9000244140625,1281.0,1273.699951171875,1281.0999755859375
2019-01-17,1275.9000244140625,1281.0,1274.300048828125,1274.4000244140625
2019-01-18,1275.5999755859375,1279.0999755859375,1273.5,1276.199951171875
2019-01-21,1279.0999755859375,1286.0999755859375,1279.0999755859375,1279.0999755859375
2019-01-22,1283.199951171875,1286.699951171875,1281.800048828125,1287.0
2019-01-23,1283.0999755859375,1284.5999755859375,1278.0999755859375,1283.5999755859375
2019-01-24,1280.0999755859375,1285.300048828125,1274.5999755859375,1280.800048828125
2019-01-25,1273.800048828125,1275.199951171875,1267.5,1274.0
2019-01-28,1275.5999755859375,1279.9000244140625,1273.0,1240.0
2019-01-29,1278.0,1279.199951171875,1274.199951171875,1279.4000244140625
2019-01-30,1275.199951171875,1277.9000244140625,1274.5999755859375,1278.0
2019-01-31,1276.0,1279.4000244140625,1272.699951171875,1273.300048828125
2019-02-01,1271.5999755859375,1283.4000244140625,1270.4000244140625,1272.199951171875
2019-02-04,1280.699951171875,1282.0999755859375,1277.4000244140625,1280.699951171875
2019-02-05,1281.800048828125,1282.0999755859375,1273.0999755859375,1281.699951171875
2019-02-06,1275.699951171875,1276.0,1272.5999755859375,1275.800048828125
2019-02-07,1271.699951171875,1277.5,1271.699951171875,1274.5
2019-02-08,1274.9000244140625,1276.199951171875,1270.0,1273.9000244140625
2019-02-11,1243.699951171875,1272.699951171875,1243.699951171875,1272.5
2019-02-12,1269.0,1269.5999755859375,1264.800048828125,1268.4000244140625
2019-02-13,1269.300048828125,1271.5999755859375,1266.4000244140625,1269.300048828125
2019-02-14,1265.5999755859375,1273.4000244140625,1264.800048828125,1265.5
2019-02-15,1270.9000244140625,1274.0,1265.4000244140625,1274.199951171875
2019-02-18,1270.699951171875,1274.4000244140625,1270.699951171875,1270.699951171875
2019-02-19,1272.0999755859375,1275.4000244140625,1270.699951171875,1271.300048828125
2019-02-20,1272.300048828125,1274.199951171875,1270.199951171875,1271.199951171875
2019-02-21,1272.300048828125,1277.5,1272.300048828125,1272.300048828125
2019-02-22,1275.5,1276.5999755859375,1271.0999755859375,1274.300048828125
2019-02-25,1246.199951171875,1271.5999755859375,1246.199951171875,1272.5
2019-02-26,1268.5,1270.4000244140625,1266.5,1269.4000244140625
2019-02-27,1270.9000244140625,1273.9000244140625,1269.5999755859375,1269.0999755859375
2019-02-28,1271.0999755859375,1280.5999755859375,1270.699951171875,1269.699951171875
2019-03-01,1278.199951171875,1282.699951171875,1276.199951171875,1278.199951171875
2019-03-04,1281.300048828125,1281.300048828125,1273.800048828125,1281.300048828125
2019-03-05,1275.5,1275.9000244140625,1271.5,1278.699951171875
2019-03-06,1272.0,1276.0,1271.0,1272.9000244140625
2019-03-07,1275.5,1277.4000244140625,1268.699951171875,1274.5
2019-03-08,1267.800048828125,1276.0,1265.5,1268.5
2019-03-11,1273.4000244140625,1275.4000244140625,1271.5999755859375,1273.4000244140625
2019-03-12,1272.300048828125,1273.800048828125,1268.0,1272.9000244140625
2019-03-13,1273.0,1278.9000244140625,1272.0999755859375,1271.9000244140625
2019-03-14,1280.0,1284.4000244140625,1278.5999755859375,1279.9000244140625
2019-03-15,1282.800048828125,1288.0,1280.699951171875,1283.800048828125
2019-03-18,1285.0999755859375,1285.199951171875,1282.0,1285.0999755859375
2019-03-19,1281.4000244140625,1283.199951171875,1279.9000244140625,1281.9000244140625
2019-03-20,1282.9000244140625,1282.9000244140625,1279.5999755859375,1282.4000244140625
2019-03-21,1284.800048828125,1287.5999755859375,1280.9000244140625,1285.300048828125
2019-03-22,1282.4000244140625,1288.0999755859375,1279.5,1282.4000244140625
2019-03-25,1252.300048828125,1282.5999755859375,1252.300048828125,1284.0
2019-03-26,1279.300048828125,1282.0999755859375,1278.5,1282.699951171875
2019-03-27,1278.699951171875,1282.4000244140625,1274.800048828125,1278.0999755859375
2019-03-28,1279.699951171875,1280.199951171875,1275.4000244140625,1280.5
2019-03-29,1273.300048828125,1276.699951171875,1272.199951171875,1273.4000244140625
2019-03-31,1275.4000244140625,1275.4000244140625,1269.300048828125,1275.4000244140625
2019-04-01,1268.4000244140625,1273.0999755859375,1267.5,1268.9000244140625
2019-04-02,1272.9000244140625,1274.5,1270.300048828125,1272.9000244140625
2019-04-03,1274.4000244140625,1277.5999755859375,1273.199951171875,1274.4000244140625
2019-04-04,1274.4000244140625,1277.300048828125,1272.9000244140625,1273.9000244140625
2019-04-07,1275.800048828125,1288.4000244140625,1275.800048828125,1275.800048828125
2019-04-08,1284.800048828125,1286.199951171875,1283.0999755859375,1284.800048828125
2019-04-09,1284.0999755859375,1286.4000244140625,1277.9000244140625,1284.0999755859375
2019-04-10,1281.0999755859375,1285.300048828125,1281.0999755859375,1281.699951171875
2019-04-11,1283.9000244140625,1286.5999755859375,1280.0999755859375,1284.699951171875
2019-04-14,1280.5,1281.5,1279.0,1280.5
2019-04-15,1280.699951171875,1283.5,1280.4000244140625,1281.800048828125
2019-04-16,1282.300048828125,1284.4000244140625,1277.0999755859375,1282.300048828125
2019-04-17,1278.9000244140625,1283.800048828125,1276.4000244140625,1277.699951171875
2019-04-18,1276.199951171875,1276.199951171875,1276.199951171875,1276.199951171875
2019-04-21,1276.199951171875,1276.199951171875,1276.199951171875,1276.199951171875
2019-04-22,1250.800048828125,1285.300048828125,1250.800048828125,1276.199951171875
2019-04-23,1281.5,1294.5,1280.800048828125,1281.300048828125
2019-04-24,1287.9000244140625,1296.9000244140625,1287.9000244140625,1287.9000244140625
2019-04-25,1289.800048828125,1293.5,1286.4000244140625,1290.5
2019-04-28,1290.300048828125,1295.0,1290.300048828125,1290.300048828125
2019-04-29,1295.0999755859375,1308.0,1295.0,1295.800048828125
2019-04-30,1305.0999755859375,1305.0999755859375,1305.0999755859375,1305.0999755859375
2019-05-01,1305.0999755859375,1305.0999755859375,1301.5999755859375,1305.0999755859375
2019-05-02,1304.0,1307.5999755859375,1300.699951171875,1302.699951171875
2019-05-05,1303.0,1311.0999755859375,1303.0,1303.0
2019-05-06,1307.800048828125,1313.300048828125,1305.5,1307.800048828125
2019-05-07,1310.300048828125,1313.199951171875,1307.800048828125,1310.300048828125
2019-05-08,1312.199951171875,1331.0,1310.199951171875,1312.199951171875
2019-05-09,1320.699951171875,1327.5999755859375,1318.300048828125,1322.699951171875
2019-05-12,1318.9000244140625,1337.9000244140625,1318.9000244140625,1318.9000244140625
2019-05-13,1335.0,1335.0999755859375,1303.699951171875,1332.800048828125
2019-05-14,1330.5,1333.800048828125,1329.0999755859375,1329.5999755859375
2019-05-15,1330.4000244140625,1335.0999755859375,1327.5999755859375,1328.800048828125
2019-05-16,1330.5999755859375,1335.199951171875,1328.4000244140625,1330.0
2019-05-19,1331.800048828125,1332.800048828125,1329.5,1331.800048828125
2019-05-20,1330.300048828125,1333.199951171875,1328.5,1332.800048828125
2019-05-21,1330.0999755859375,1333.0999755859375,1325.199951171875,1330.0999755859375
2019-05-22,1328.0,1330.0,1322.800048828125,1326.800048828125
2019-05-23,1328.9000244140625,1330.5,1325.5,1329.0999755859375
2019-05-26,1326.9000244140625,1326.9000244140625,1323.5,1326.9000244140625
2019-05-27,1323.0,1330.5,1323.0,1323.0
2019-05-28,1325.5,1333.300048828125,1325.5,1324.5999755859375
2019-05-29,1326.0,1326.5,1321.300048828125,1327.5
2019-05-30,1321.300048828125,1329.800048828125,1321.300048828125,1321.300048828125
2019-06-02,1327.0,1327.0,1318.4000244140625,1327.0
2019-06-03,1323.800048828125,1332.5,1323.800048828125,1323.9000244140625
2019-06-04,1325.0,1328.5999755859375,1322.0,1323.5
2019-06-05,1323.4000244140625,1332.0,1323.0999755859375,1323.4000244140625
2019-06-06,1327.9000244140625,1339.199951171875,1326.199951171875,1328.9000244140625
2019-06-09,1337.9000244140625,1340.5,1337.0,1337.9000244140625
2019-06-10,1339.5999755859375,1340.0,1332.0999755859375,1337.9000244140625
2019-06-11,1334.4000244140625,1340.300048828125,1334.4000244140625,1333.199951171875
2019-06-12,1336.199951171875,1339.4000244140625,1332.0,1335.0999755859375
2019-06-13,1333.199951171875,1336.800048828125,1327.199951171875,1331.800048828125
2019-06-16,1329.199951171875,1332.800048828125,1328.300048828125,1329.199951171875
2019-06-17,1330.4000244140625,1332.4000244140625,1312.300048828125,1328.800048828125
2019-06-18,1315.800048828125,1318.0999755859375,1313.0,1312.699951171875
2019-06-19,1316.300048828125,1318.300048828125,1305.300048828125,1314.800048828125
2019-06-20,1308.9000244140625,1315.4000244140625,1308.800048828125,1306.800048828125
2019-06-23,1316.0,1317.4000244140625,1314.0,1316.0
2019-06-24,1315.4000244140625,1316.699951171875,1311.699951171875,1313.5
2019-06-25,1313.4000244140625,1316.0,1308.300048828125,1313.4000244140625
2019-06-26,1311.5999755859375,1314.800048828125,1310.5999755859375,1310.5
2019-06-27,1314.9000244140625,1316.800048828125,1310.4000244140625,1314.0999755859375
2019-06-30,1313.199951171875,1318.9000244140625,1309.0999755859375,1313.199951171875
2019-07-01,1308.5999755859375,1318.9000244140625,1308.5999755859375,1308.5999755859375
2019-07-02,1316.699951171875,1322.199951171875,1314.9000244140625,1315.5999755859375
2019-07-03,1318.9000244140625,1320.4000244140625,1315.4000244140625,1318.9000244140625
2019-07-04,1317.0,1319.5999755859375,1314.699951171875,1317.0
2019-07-07,1317.5,1325.0,1317.5,1317.5
2019-07-08,1322.5,1324.699951171875,1320.5,1321.800048828125
2019-07-09,1322.800048828125,1325.699951171875,1320.5999755859375,1323.5
2019-07-10,1322.0999755859375,1324.9000244140625,1318.300048828125,1322.0
2019-07-11,1320.199951171875,1327.800048828125,1320.199951171875,1319.5
2019-07-14,1325.199951171875,1329.199951171875,1325.199951171875,1325.199951171875
2019-07-15,1326.5999755859375,1329.0,1319.800048828125,1326.9000244140625
2019-07-16,1320.9000244140625,1325.0999755859375,1319.9000244140625,1320.300048828125
2019-07-17,1323.0,1328.5999755859375,1318.699951171875,1323.0
2019-07-18,1318.0999755859375,1322.5999755859375,1315.699951171875,1317.800048828125
2019-07-21,1290.9000244140625,1321.0999755859375,1290.9000244140625,1318.4000244140625
2019-07-22,1317.5999755859375,1319.199951171875,1313.5999755859375,1316.0999755859375
2019-07-23,1314.199951171875,1314.5,1308.699951171875,1313.0999755859375
2019-07-24,1311.5,1320.4000244140625,1308.800048828125,1311.5
2019-07-25,1317.5999755859375,1320.5999755859375,1313.699951171875,1317.5999755859375
2019-07-28,1316.0,1317.9000244140625,1314.5,1316.0
2019-07-29,1317.5999755859375,1317.5999755859375,1313.199951171875,1317.5999755859375
2019-07-30,1316.4000244140625,1318.5999755859375,1314.199951171875,1317.0
2019-07-31,1312.9000244140625,1315.0999755859375,1309.5,1312.9000244140625
2019-08-01,1322.9000244140625,1337.300048828125,1320.5,1322.9000244140625
2019-08-04,1336.800048828125,1363.300048828125,1336.800048828125,1336.800048828125
2019-08-05,1367.0999755859375,1370.199951171875,1352.699951171875,1367.0999755859375
2019-08-06,1357.5999755859375,1369.0999755859375,1355.9000244140625,1357.300048828125
2019-08-07,1358.300048828125,1360.5999755859375,1350.199951171875,1356.9000244140625
2019-08-08,1349.0,1362.0999755859375,1349.0,1349.0
2019-08-11,1358.9000244140625,1366.5,1358.5,1358.9000244140625
2019-08-12,1365.5999755859375,1372.800048828125,1348.5999755859375,1364.199951171875
2019-08-13,1347.0999755859375,1357.800048828125,1347.0999755859375,1347.0999755859375
2019-08-14,1353.300048828125,1357.800048828125,1344.5999755859375,1353.300048828125
2019-08-15,1345.699951171875,1348.4000244140625,1334.800048828125,1345.699951171875
2019-08-18,1339.0,1342.9000244140625,1339.0,1339.0
2019-08-19,1341.199951171875,1343.699951171875,1334.5,1341.199951171875
2019-08-20,1337.4000244140625,1340.4000244140625,1329.300048828125,1337.4000244140625
2019-08-21,1333.300048828125,1342.0,1331.9000244140625,1332.199951171875
2019-08-22,1339.0999755859375,1355.300048828125,1335.5,1340.0999755859375
2019-08-25,1308.300048828125,1357.0999755859375,1308.300048828125,1350.800048828125
2019-08-26,1343.800048828125,1348.5,1342.5,1343.800048828125
2019-08-27,1342.4000244140625,1346.5,1342.4000244140625,1342.4000244140625
2019-08-28,1342.5,1347.300048828125,1335.800048828125,1342.5
2019-08-29,1334.800048828125,1337.300048828125,1326.4000244140625,1334.800048828125
2019-09-01,1329.0999755859375,1330.4000244140625,1326.699951171875,1329.0999755859375
2019-09-02,1329.300048828125,1331.4000244140625,1325.699951171875,1329.300048828125
2019-09-03,1327.5,1328.5999755859375,1321.5,1326.800048828125
2019-09-04,1326.800048828125,1327.699951171875,1318.5,1326.699951171875
2019-09-05,1319.9000244140625,1321.199951171875,1310.800048828125,1319.199951171875
2019-09-08,1313.699951171875,1318.0,1312.699951171875,1283.4000244140625
2019-09-09,1315.199951171875,1316.800048828125,1312.5999755859375,1315.5999755859375
2019-09-10,1313.9000244140625,1316.800048828125,1307.4000244140625,1313.9000244140625
2019-09-11,1308.800048828125,1310.0999755859375,1291.199951171875,1309.9000244140625
2019-09-12,1306.199951171875,1308.9000244140625,1301.800048828125,1306.199951171875
2019-09-15,1304.800048828125,1310.300048828125,1300.800048828125,1304.800048828125
2019-09-16,1302.300048828125,1312.300048828125,1301.5999755859375,1301.5999755859375
2019-09-17,1313.5999755859375,1317.800048828125,1313.5,1313.5999755859375
2019-09-18,1312.199951171875,1320.5999755859375,1312.199951171875,1311.699951171875
2019-09-19,1317.5999755859375,1318.5999755859375,1306.699951171875,1317.5999755859375
2019-09-22,1314.5,1315.0999755859375,1309.4000244140625,1314.5
2019-09-23,1312.0,1315.4000244140625,1308.5999755859375,1311.0
2019-09-24,1315.9000244140625,1318.5,1311.699951171875,1314.9000244140625
2019-09-25,1311.5999755859375,1315.0,1310.0,1311.5999755859375
2019-09-26,1308.699951171875,1313.5999755859375,1306.199951171875,1308.699951171875
2019-09-29,1314.800048828125,1314.800048828125,1281.5,1314.800048828125
2019-09-30,1305.800048828125,1313.800048828125,1301.300048828125,1304.5
2019-10-01,1315.199951171875,1319.9000244140625,1312.5999755859375,1313.199951171875
2019-10-02,1318.800048828125,1321.0999755859375,1315.0,1318.800048828125
2019-10-03,1316.800048828125,1318.0999755859375,1307.800048828125,1316.800048828125
2019-10-06,1307.300048828125,1314.699951171875,1307.300048828125,1307.300048828125
2019-10-07,1311.5999755859375,1316.300048828125,1308.0999755859375,1311.5999755859375
2019-10-08,1312.9000244140625,1316.0,1311.0999755859375,1312.9000244140625
2019-10-09,1314.199951171875,1318.0999755859375,1308.0,1314.699951171875
2019-10-10,1308.300048828125,1311.5999755859375,1299.4000244140625,1308.300048828125
2019-10-13,1305.4200439453125,1308.3499755859375,1302.5799560546875,1305.4200439453125
2019-10-14,1304.050048828125,1307.7900390625,1302.800048828125,1304.050048828125
2019-10-15,1306.3599853515625,1313.0699462890625,1304.4599609375,1305.050048828125
2019-10-16,1313.4300537109375,1314.1500244140625,1305.1500244140625,1311.6700439453125
2019-10-17,1312.0799560546875,1314.6099853515625,1310.5999755859375,1310.1500244140625
2019-10-20,1315.5699462890625,1315.5699462890625,1304.6700439453125,1315.5699462890625
2019-10-21,1305.0,1307.4200439453125,1302.9300537109375,1305.0
2019-10-22,1303.489990234375,1306.5899658203125,1300.1400146484375,1303.280029296875
2019-10-23,1300.9300537109375,1306.1600341796875,1299.43994140625,1300.9300537109375
2019-10-24,1302.530029296875,1304.300048828125,1296.93994140625,1302.530029296875
2019-10-28,1296.8800048828125,1297.7099609375,1294.6600341796875,1296.8800048828125
2019-10-29,1295.25,1296.75,1288.3800048828125,1294.530029296875
2019-10-30,1295.760009765625,1297.8399658203125,1293.5999755859375,1295.22998046875
2019-10-31,1297.219970703125,1304.1099853515625,1293.8199462890625,1297.4300537109375
2019-11-01,1302.969970703125,1304.25,1297.4000244140625,1303.260009765625
2019-11-04,1299.22998046875,1299.22998046875,1292.5999755859375,1299.22998046875
2019-11-05,1290.239990234375,1291.18994140625,1278.6400146484375,1292.6300048828125
2019-11-06,1279.81005859375,1284.0,1278.31005859375,1278.8199462890625
2019-11-07,1284.6099853515625,1285.5799560546875,1273.6700439453125,1283.8199462890625
2019-11-08,,,,
2019-11-11,1275.4000244140625,1287.0999755859375,1275.4000244140625,1275.4000244140625
2019-11-12,1283.6300048828125,1284.719970703125,1277.5899658203125,1283.8199462890625
2019-11-13,1281.719970703125,1288.1700439453125,1281.719970703125,1282.3599853515625
2019-11-14,1287.3399658203125,1290.3399658203125,1285.1500244140625,1287.3399658203125
2019-11-15,1285.5799560546875,1288.1300048828125,1282.52001953125,1286.4100341796875
2019-11-18,1284.7099609375,1291.5699462890625,1284.7099609375,1284.8900146484375
2019-11-19,1291.5999755859375,1293.8599853515625,1288.9300537109375,1290.739990234375
2019-11-20,1292.81005859375,1295.9599609375,1291.949951171875,1292.1500244140625
2019-11-21,1295.530029296875,1304.52001953125,1294.68994140625,1294.969970703125
2019-11-22,1300.9599609375,1304.5899658203125,1299.050048828125,1299.6199951171875
2019-11-25,1299.2099609375,1299.2099609375,1291.1800537109375,1299.3699951171875
2019-11-26,1289.8199462890625,1296.5999755859375,1287.449951171875,1290.8900146484375
2019-11-27,1292.5400390625,1295.31005859375,1291.030029296875,1291.6700439453125
2019-11-28,1296.8800048828125,1298.1700439453125,1293.1500244140625,1293.18994140625
2019-11-29,1296.4100341796875,1301.030029296875,1294.4300537109375,1296.050048828125
2019-12-02,1300.6199951171875,1313.43994140625,1300.6199951171875,1300.3699951171875
2019-12-03,1311.8399658203125,1321.510009765625,1310.0400390625,1310.9000244140625
2019-12-04,1315.93994140625,1323.02001953125,1315.93994140625,1315.93994140625
2019-12-05,1318.97998046875,1321.199951171875,1315.0899658203125,1318.0899658203125
2019-12-06,1318.719970703125,1322.510009765625,1311.199951171875,1318.530029296875
2019-12-09,1310.5699462890625,1320.43994140625,1310.5699462890625,1310.0
2019-12-10,1316.780029296875,1321.06005859375,1315.030029296875,1315.6400146484375
2019-12-11,1319.050048828125,1323.3399658203125,1318.6700439453125,1319.050048828125
2019-12-12,1323.0999755859375,1325.760009765625,1304.8800048828125,1323.0400390625
2019-12-13,1308.72998046875,1311.5699462890625,1300.97998046875,1307.97998046875
2019-12-16,1306.3900146484375,1307.9599609375,1300.010009765625,1306.02001953125
2019-12-17,1301.18994140625,1301.530029296875,1270.6407470703125,1300.1600341796875
2019-12-18,1295.75,1300.5699462890625,1294.6099853515625,1295.18994140625
2019-12-19,1294.1800537109375,1297.77001953125,1292.47998046875,1293.8599853515625
2019-12-20,1291.8299560546875,1294.18994140625,1282.75,1291.9300537109375
2019-12-23,1282.4100341796875,1290.0,1282.4100341796875,1282.93994140625
2019-12-24,1288.6199951171875,1291.0,1284.31005859375,1289.2099609375
2019-12-25,1288.02001953125,1288.8699951171875,1288.02001953125,1288.02001953125
2019-12-26,1288.199951171875,1288.8699951171875,1288.199951171875,1288.199951171875
2019-12-27,1288.199951171875,1295.6700439453125,1256.387451171875,1288.199951171875
2019-12-30,1294.43994140625,1297.0400390625,1291.1300048828125,1295.97998046875
2019-12-31,1294.8499755859375,1297.8900146484375,1291.0799560546875,1295.31005859375
2020-01-01,1294.8800048828125,1294.8800048828125,1293.6500244140625,1294.8800048828125
2020-01-02,1294.5400390625,1297.2900390625,1292.6099853515625,1294.5400390625
2020-01-03,1292.8299560546875,1302.199951171875,1290.449951171875,1291.2900390625
2020-01-06,1299.3399658203125,1308.5400390625,1299.3399658203125,1299.3499755859375
2020-01-07,1304.949951171875,1305.5899658203125,1298.6400146484375,1305.5400390625
2020-01-08,1300.449951171875,1314.6800537109375,1293.9100341796875,1300.510009765625
2020-01-09,1290.280029296875,1291.050048828125,1284.2099609375,1288.800048828125
2020-01-10,1286.75,1290.7900390625,1283.47998046875,1285.6300048828125
2020-01-13,1287.4000244140625,1288.0799560546875,1283.2900390625,1287.4000244140625
2020-01-14,1282.97998046875,1289.780029296875,1280.219970703125,1284.699951171875
2020-01-15,1287.1700439453125,1292.18994140625,1285.0400390625,1287.1700439453125
2020-01-16,1292.3599853515625,1293.8800048828125,1289.0400390625,1290.8900146484375
2020-01-17,1291.0400390625,1291.0400390625,1284.4599609375,1290.18994140625
2020-01-20,1286.5400390625,1286.5400390625,1283.3900146484375,1286.699951171875
2020-01-21,1285.1700439453125,1296.3699951171875,1284.0999755859375,1283.969970703125
2020-01-22,1294.47998046875,1294.47998046875,1287.5799560546875,1294.47998046875
2020-01-23,1292.6800537109375,1294.9599609375,1288.949951171875,1290.5799560546875
2020-01-24,1291.0699462890625,1291.0699462890625,1286.5400390625,1291.0699462890625
2020-01-27,1288.6500244140625,1298.3900146484375,1288.6500244140625,1288.72998046875
2020-01-28,1296.3199462890625,1299.6800537109375,1293.6700439453125,1295.4100341796875
2020-01-29,1293.8599853515625,1297.0799560546875,1292.280029296875,1294.0699462890625
2020-01-30,1297.77001953125,1314.1800537109375,1296.8299560546875,1297.1300048828125
2020-01-31,1308.25,1326.510009765625,1305.449951171875,1309.469970703125
2020-02-03,1325.3399658203125,1325.3399658203125,1314.3299560546875,1324.9100341796875
2020-02-04,1316.47998046875,1318.5899658203125,1306.02001953125,1315.31005859375
2020-02-05,1305.6800537109375,1314.550048828125,1298.6300048828125,1305.6800537109375
2020-02-06,1301.2900390625,1302.280029296875,1293.77001953125,1300.800048828125
2020-02-07,1300.300048828125,1310.43994140625,1299.739990234375,1301.06005859375
2020-02-10,1303.5699462890625,1303.5699462890625,1295.2099609375,1304.3699951171875
2020-02-11,1293.300048828125,1294.260009765625,1286.8499755859375,1294.260009765625
2020-02-12,1288.8699951171875,1290.52001953125,1282.199951171875,1288.8699951171875
2020-02-13,1280.9100341796875,1286.949951171875,1279.969970703125,1280.219970703125
2020-02-14,1281.699951171875,1284.489990234375,1278.72998046875,1282.260009765625
2020-02-17,1280.4200439453125,1282.9000244140625,1280.4200439453125,1280.719970703125
2020-02-18,1283.3800048828125,1289.489990234375,1282.699951171875,1282.5899658203125
2020-02-19,1282.6099853515625,1286.97998046875,1281.25,1283.800048828125
2020-02-20,1288.1300048828125,1303.8800048828125,1286.219970703125,1287.3199462890625
2020-02-21,1298.9300537109375,1313.1600341796875,1296.699951171875,1298.1099853515625
2020-02-24,1307.5699462890625,1322.8199462890625,1307.5699462890625,1308.469970703125
2020-02-25,1320.1800537109375,1321.56005859375,1311.25,1321.1800537109375
2020-02-26,1321.5,1324.8900146484375,1315.3900146484375,1321.260009765625
2020-02-27,1320.1500244140625,1332.97998046875,1318.9000244140625,1318.0400390625
2020-02-28,1332.6400146484375,1337.199951171875,1321.5400390625,1331.77001953125
2020-03-02,1322.030029296875,1328.739990234375,1315.6099853515625,1322.47998046875
2020-03-03,1324.969970703125,1332.5999755859375,1314.9200439453125,1323.6700439453125
2020-03-04,1318.800048828125,1326.5699462890625,1311.219970703125,1318.800048828125
2020-03-05,1319.3599853515625,1330.25,1312.3699951171875,1317.6600341796875
2020-03-06,1332.43994140625,1350.550048828125,1332.1700439453125,1332.280029296875
2020-03-09,1340.1800537109375,1380.780029296875,1340.1800537109375,1341.0799560546875
2020-03-10,1366.199951171875,1368.8699951171875,1350.260009765625,1367.219970703125
2020-03-11,1338.6800537109375,1357.7099609375,1336.1400146484375,1338.3399658203125
2020-03-12,1342.6700439453125,1364.199951171875,1341.72998046875,1340.1800537109375
2020-03-13,1352.3299560546875,1372.8399658203125,1338.3599853515625,1352.969970703125
2020-03-16,1344.3599853515625,1378.3299560546875,1344.3599853515625,1343.699951171875
2020-03-17,1375.760009765625,1390.300048828125,1358.4000244140625,1375.8599853515625
2020-03-18,1363.4000244140625,1387.5899658203125,1354.3399658203125,1363.4000244140625
2020-03-19,1375.6300048828125,1407.5799560546875,1336.989990234375,1375.949951171875
2020-03-20,1339.72998046875,1351.31005859375,1328.5699462890625,1339.02001953125
2020-03-23,1340.6700439453125,1376.7099609375,1340.6700439453125,1341.469970703125
2020-03-24,1358.47998046875,1364.0799560546875,1333.7099609375,1367.8900146484375
2020-03-25,1331.4100341796875,1337.81005859375,1323.8800048828125,1331.8199462890625
2020-03-26,1341.6600341796875,1343.97998046875,1332.219970703125,1341.719970703125
2020-03-27,1339.6099853515625,1349.489990234375,1332.260009765625,1338.8499755859375
2020-03-29,1349.719970703125,1357.6199951171875,1347.3900146484375,1349.719970703125
2020-03-30,1348.3299560546875,1348.8399658203125,1333.9300537109375,1348.260009765625
2020-03-31,1341.0999755859375,1356.030029296875,1340.7099609375,1342.5999755859375
2020-04-01,1353.8499755859375,1358.0699462890625,1331.75,1351.8399658203125
2020-04-02,1330.8299560546875,1336.989990234375,1326.5400390625,1330.780029296875
2020-04-05,1335.1500244140625,1335.1500244140625,1321.4300537109375,1334.97998046875
2020-04-06,1321.6500244140625,1324.1500244140625,1314.0699462890625,1319.800048828125
2020-04-07,1322.4100341796875,1328.6500244140625,1319.6199951171875,1322.02001953125
2020-04-08,1317.4599609375,1327.72998046875,1315.800048828125,1318.6800537109375
2020-04-09,1322.02001953125,1322.1700439453125,1322.02001953125,1322.02001953125
2020-04-12,1322.1700439453125,1322.1700439453125,1292.6734619140625,1322.030029296875
2020-04-13,1322.1700439453125,1332.81005859375,1322.1700439453125,1322.1700439453125
2020-04-14,1329.1700439453125,1334.8399658203125,1327.8599853515625,1329.1700439453125
2020-04-15,1337.010009765625,1337.4599609375,1327.3699951171875,1332.93994140625
2020-04-16,1326.4300537109375,1326.93994140625,1315.0,1331.97998046875
2020-04-19,1321.530029296875,1325.8800048828125,1321.3800048828125,1320.75
2020-04-20,1325.75,1342.280029296875,1324.9599609375,1325.010009765625
2020-04-21,1337.6800537109375,1340.5899658203125,1334.5699462890625,1335.8800048828125
2020-04-22,1332.5799560546875,1334.72998046875,1324.449951171875,1330.8299560546875
2020-04-23,1327.3399658203125,1333.4599609375,1322.81005859375,1327.2900390625
2020-04-26,1330.1500244140625,1330.5400390625,1324.199951171875,1330.4300537109375
2020-04-27,1322.760009765625,1327.3699951171875,1320.68994140625,1321.300048828125
2020-04-28,1322.5999755859375,1323.3199462890625,1315.25,1320.9100341796875
2020-04-29,1315.0400390625,1324.6300048828125,1306.02001953125,1315.0400390625
2020-04-30,1328.550048828125,1328.550048828125,1327.75,1328.550048828125
2020-05-03,1327.739990234375,1343.050048828125,1327.739990234375,1328.31005859375
2020-05-04,1333.0899658203125,1334.0,1320.699951171875,1332.719970703125
2020-05-05,1322.2099609375,1327.010009765625,1319.760009765625,1323.0
2020-05-06,1325.06005859375,1325.68994140625,1315.260009765625,1325.0699462890625
2020-05-07,1318.780029296875,1322.9200439453125,1316.4599609375,1320.0699462890625
2020-05-10,1320.8199462890625,1325.72998046875,1319.0400390625,1320.219970703125
2020-05-11,1321.8399658203125,1329.6800537109375,1320.800048828125,1320.3599853515625
2020-05-12,1329.4300537109375,1331.1300048828125,1325.3199462890625,1329.3199462890625
2020-05-13,1327.699951171875,1332.0799560546875,1323.8900146484375,1326.989990234375
2020-05-14,1323.9300537109375,1337.300048828125,1323.9300537109375,1324.949951171875
2020-05-17,1332.3199462890625,1337.0400390625,1329.4100341796875,1332.43994140625
2020-05-18,1334.22998046875,1343.31005859375,1332.1300048828125,1336.02001953125
2020-05-19,1338.43994140625,1347.3399658203125,1337.06005859375,1337.0699462890625
2020-05-20,1345.949951171875,1353.5799560546875,1345.2900390625,1346.1300048828125
2020-05-21,1349.9100341796875,1355.02001953125,1348.780029296875,1349.77001953125
2020-05-24,1351.0699462890625,1354.1800537109375,1349.97998046875,1350.219970703125
2020-05-25,1352.06005859375,1352.300048828125,1345.989990234375,1350.699951171875
2020-05-26,1351.489990234375,1361.7099609375,1349.4100341796875,1349.969970703125
2020-05-27,1361.530029296875,1366.4599609375,1360.1800537109375,1361.800048828125
2020-05-28,1370.22998046875,1377.1199951171875,1369.18994140625,1369.9599609375
2020-05-31,1365.43994140625,1366.469970703125,1359.47998046875,1366.5699462890625
2020-06-01,1361.47998046875,1365.1400146484375,1358.6700439453125,1360.0400390625
2020-06-02,1361.68994140625,1366.6800537109375,1358.5,1361.5899658203125
2020-06-03,1364.3399658203125,1377.52001953125,1362.72998046875,1364.1500244140625
2020-06-04,1378.1199951171875,1379.449951171875,1357.3199462890625,1378.2900390625
2020-06-07,1355.199951171875,1360.199951171875,1349.699951171875,1354.9599609375
2020-06-08,1352.050048828125,1359.489990234375,1348.300048828125,1349.18994140625
2020-06-09,1356.8499755859375,1358.949951171875,1347.550048828125,1357.0799560546875
2020-06-10,1355.260009765625,1365.3399658203125,1352.3599853515625,1351.6500244140625
2020-06-11,1361.1500244140625,1363.550048828125,1351.8499755859375,1359.6700439453125
2020-06-14,1353.4599609375,1367.31005859375,1353.4599609375,1353.489990234375
2020-06-15,1366.0799560546875,1374.989990234375,1360.0400390625,1367.3699951171875
2020-06-16,1363.4200439453125,1370.18994140625,1359.949951171875,1364.050048828125
2020-06-17,1366.1400146484375,1367.1500244140625,1355.030029296875,1365.010009765625
2020-06-18,1356.1700439453125,1358.3900146484375,1348.239990234375,1357.4300537109375
2020-06-21,1353.1400146484375,1363.1800537109375,1353.1400146484375,1353.739990234375
2020-06-22,1360.97998046875,1367.969970703125,1358.6099853515625,1361.1600341796875
2020-06-23,1364.8299560546875,1364.8299560546875,1353.8699951171875,1364.8299560546875
2020-06-24,1356.5699462890625,1357.72998046875,1346.4300537109375,1356.0400390625
2020-06-25,1343.4300537109375,1348.52001953125,1342.18994140625,1347.4100341796875
2020-06-28,1349.1800537109375,1353.199951171875,1347.4000244140625,1349.4300537109375
2020-06-29,1346.3299560546875,1349.97998046875,1342.81005859375,1347.6500244140625
2020-06-30,1345.969970703125,1352.1500244140625,1344.97998046875,1345.989990234375
2020-07-01,1350.6300048828125,1353.7099609375,1344.97998046875,1350.8599853515625
2020-07-02,1346.1800537109375,1349.780029296875,1344.18994140625,1346.52001953125
2020-07-05,1347.739990234375,1350.800048828125,1345.4200439453125,1347.1700439453125
2020-07-06,1345.68994140625,1350.5,1344.9300537109375,1346.81005859375
2020-07-07,1347.0899658203125,1352.5400390625,1344.8499755859375,1347.7099609375
2020-07-08,1349.8699951171875,1357.3199462890625,1349.3800048828125,1349.739990234375
2020-07-09,1349.7900390625,1358.3599853515625,1349.7900390625,1349.06005859375
2020-07-12,1355.199951171875,1364.0899658203125,1355.199951171875,1355.199951171875
2020-07-13,1365.3399658203125,1374.8399658203125,1365.0400390625,1364.300048828125
2020-07-14,1373.6700439453125,1373.800048828125,1366.469970703125,1373.25
2020-07-15,1369.6400146484375,1374.8699951171875,1369.0400390625,1369.469970703125
2020-07-16,1370.449951171875,1377.530029296875,1369.6099853515625,1370.280029296875
2020-07-19,1374.3599853515625,1379.02001953125,1371.0999755859375,1373.8299560546875
2020-07-20,1372.1400146484375,1372.8199462890625,1364.5999755859375,1374.6400146484375
2020-07-21,1374.4599609375,1385.989990234375,1374.4599609375,1375.7900390625
2020-07-22,1384.4000244140625,1392.4300537109375,1383.760009765625,1383.77001953125
2020-07-23,1392.969970703125,1398.760009765625,1391.1600341796875,1392.1600341796875
2020-07-26,1399.0699462890625,1407.18994140625,1398.030029296875,1398.4000244140625
2020-07-27,1405.9599609375,1407.0400390625,1399.4000244140625,1405.93994140625
2020-07-28,1404.1800537109375,1404.449951171875,1397.8699951171875,1404.260009765625
2020-07-29,1401.1500244140625,1409.6500244140625,1398.010009765625,1401.6099853515625
2020-07-30,1409.8599853515625,1415.43994140625,1404.3599853515625,1410.3699951171875
2020-08-02,1407.4300537109375,1407.4300537109375,1397.550048828125,1406.3399658203125
2020-08-03,1400.93994140625,1407.510009765625,1399.550048828125,1401.3399658203125
2020-08-04,1406.3199462890625,1409.43994140625,1401.1800537109375,1408.1800537109375
2020-08-05,1406.4100341796875,1408.1700439453125,1400.18994140625,1406.6099853515625
2020-08-06,1405.280029296875,1406.949951171875,1396.8800048828125,1405.219970703125
2020-08-09,1400.300048828125,1400.300048828125,1393.1500244140625,1400.3900146484375
2020-08-10,1390.8599853515625,1394.93994140625,1388.050048828125,1391.6700439453125
2020-08-11,1390.8800048828125,1397.219970703125,1387.6199951171875,1390.199951171875
2020-08-12,1393.72998046875,1402.969970703125,1393.4300537109375,1393.800048828125
2020-08-13,1398.1600341796875,1403.300048828125,1396.0899658203125,1398.8800048828125
2020-08-16,1404.25,1405.800048828125,1402.050048828125,1403.9200439453125
2020-08-17,1405.9300537109375,1415.780029296875,1404.760009765625,1404.3800048828125
2020-08-18,1409.97998046875,1413.3299560546875,1400.719970703125,1412.27001953125
2020-08-19,1400.949951171875,1407.530029296875,1399.300048828125,1399.239990234375
2020-08-20,1404.43994140625,1408.1700439453125,1399.81005859375,1404.9300537109375
2020-08-23,1404.9599609375,1405.0899658203125,1400.6300048828125,1404.219970703125
2020-08-24,1400.6800537109375,1404.739990234375,1397.6099853515625,1400.5699462890625
2020-08-25,1403.239990234375,1404.27001953125,1396.3699951171875,1403.5999755859375
2020-08-26,1402.010009765625,1402.6400146484375,1394.8699951171875,1401.1800537109375
2020-08-27,1401.0,1409.300048828125,1399.5899658203125,1402.010009765625
2020-08-30,1404.010009765625,1419.1099853515625,1404.010009765625,1403.550048828125
2020-08-31,1414.8499755859375,1420.8199462890625,1413.739990234375,1416.9100341796875
2020-09-01,1411.3199462890625,1411.9100341796875,1402.93994140625,1412.0799560546875
2020-09-02,1407.56005859375,1408.3800048828125,1400.0899658203125,1408.780029296875
2020-09-03,1410.6199951171875,1410.6199951171875,1401.68994140625,1410.6199951171875
2020-09-06,1404.4100341796875,1405.6800537109375,1401.469970703125,1404.43994140625
2020-09-07,1401.5,1403.6400146484375,1399.0400390625,1402.3900146484375
2020-09-08,1400.25,1400.8800048828125,1394.56005859375,1399.0699462890625
2020-09-09,1397.68994140625,1410.6700439453125,1397.1700439453125,1397.449951171875
2020-09-10,1402.81005859375,1407.050048828125,1402.4100341796875,1403.6400146484375
2020-09-13,1405.8499755859375,1405.8499755859375,1400.4000244140625,1405.43994140625
2020-09-14,1400.469970703125,1402.7099609375,1395.6600341796875,1401.0799560546875
2020-09-15,1396.739990234375,1396.989990234375,1384.43994140625,1396.3399658203125
2020-09-16,1384.93994140625,1385.3599853515625,1379.010009765625,1384.06005859375
2020-09-17,1384.3699951171875,1384.3699951171875,1372.530029296875,1384.280029296875
2020-09-20,1377.739990234375,1377.739990234375,1367.469970703125,1377.5799560546875
2020-09-21,1367.7099609375,1368.6500244140625,1358.969970703125,1369.1800537109375
2020-09-22,1359.7900390625,1364.1099853515625,1357.4000244140625,1360.72998046875
2020-09-23,1362.81005859375,1368.5400390625,1361.81005859375,1363.1700439453125
2020-09-24,1364.1300048828125,1368.5999755859375,1363.93994140625,1364.1300048828125
2020-09-27,1364.6099853515625,1365.050048828125,1359.9200439453125,1364.56005859375
2020-09-28,1362.3199462890625,1370.6400146484375,1362.02001953125,1360.449951171875
2020-09-29,1371.199951171875,1372.510009765625,1363.719970703125,1371.199951171875
2020-09-30,1364.6400146484375,1366.6300048828125,1361.2900390625,1363.989990234375
2020-10-01,1364.280029296875,1367.5699462890625,1360.9300537109375,1364.43994140625
2020-10-04,1364.8900146484375,1364.93994140625,1360.9300537109375,1364.8699951171875
2020-10-05,1363.4300537109375,1368.6700439453125,1362.5999755859375,1362.52001953125
2020-10-06,1365.9200439453125,1366.449951171875,1358.06005859375,1365.3900146484375
2020-10-07,1359.949951171875,1361.8699951171875,1350.5400390625,1360.81005859375
2020-10-08,1352.9000244140625,1353.9300537109375,1347.1500244140625,1352.9000244140625
2020-10-11,1350.800048828125,1358.280029296875,1350.800048828125,1351.0699462890625
2020-10-12,1355.3900146484375,1356.699951171875,1346.5400390625,1355.050048828125
2020-10-13,1347.239990234375,1348.97998046875,1340.3399658203125,1347.949951171875
2020-10-14,1344.9200439453125,1346.25,1339.5699462890625,1346.239990234375
2020-10-15,1338.25,1342.6099853515625,1335.6800537109375,1339.4100341796875
2020-10-18,1337.1700439453125,1342.5799560546875,1334.510009765625,1336.8499755859375
2020-10-19,1341.489990234375,1346.969970703125,1338.6500244140625,1339.8900146484375
2020-10-20,1344.8499755859375,1346.25,1338.8499755859375,1346.469970703125
2020-10-21,1342.4100341796875,1344.300048828125,1339.1600341796875,1342.469970703125
2020-10-22,1339.239990234375,1340.2900390625,1331.8399658203125,1340.22998046875
2020-10-26,1336.949951171875,1338.06005859375,1332.4599609375,1337.1600341796875
2020-10-27,1334.449951171875,1335.3399658203125,1328.5799560546875,1336.0
2020-10-28,1328.6300048828125,1333.1099853515625,1326.27001953125,1329.1099853515625
2020-10-29,1331.77001953125,1332.989990234375,1319.739990234375,1332.27001953125
2020-10-30,1319.81005859375,1326.9200439453125,1315.800048828125,1318.030029296875
2020-11-02,1322.5400390625,1322.5400390625,1317.27001953125,1322.6099853515625
2020-11-03,1317.6700439453125,1326.5899658203125,1316.7099609375,1317.6700439453125
2020-11-04,1329.1500244140625,1334.4100341796875,1321.68994140625,1329.1600341796875
2020-11-05,1325.43994140625,1329.739990234375,1321.6199951171875,1325.3599853515625
2020-11-06,1326.97998046875,1332.75,1322.3900146484375,1326.300048828125
2020-11-09,1330.6400146484375,1330.6400146484375,1317.75,1330.8399658203125
2020-11-10,1320.780029296875,1321.219970703125,1314.25,1322.5999755859375
2020-11-11,1317.6199951171875,1317.6199951171875,1307.52001953125,1319.1700439453125
2020-11-12,1308.030029296875,1314.3199462890625,1307.6700439453125,1309.1400146484375
2020-11-13,1315.4599609375,1316.5699462890625,1308.3699951171875,1314.5799560546875
2020-11-16,1309.81005859375,1313.010009765625,1307.06005859375,1310.5799560546875
2020-11-17,1311.280029296875,1313.9000244140625,1308.5999755859375,1311.1800537109375
2020-11-18,1310.5999755859375,1312.1300048828125,1307.6300048828125,1310.5999755859375
2020-11-19,1311.7099609375,1321.6800537109375,1310.800048828125,1309.989990234375
2020-11-20,1322.6800537109375,1324.780029296875,1319.6300048828125,1321.1400146484375
2020-11-23,1320.4300537109375,1323.2900390625,1316.0,1320.8399658203125
2020-11-24,1316.969970703125,1319.1500244140625,1313.5699462890625,1317.68994140625
2020-11-25,1317.8199462890625,1318.8699951171875,1313.719970703125,1319.5699462890625
2020-11-26,1316.75,1318.7099609375,1314.8499755859375,1317.050048828125
2020-11-27,1316.1099853515625,1319.31005859375,1313.6700439453125,1316.43994140625
2020-11-30,1320.510009765625,1326.4300537109375,1320.510009765625,1320.8199462890625
2020-12-01,1320.8199462890625,1333.6300048828125,1319.510009765625,1322.93994140625
2020-12-02,1332.7900390625,1333.5699462890625,1326.1099853515625,1334.0999755859375
2020-12-03,1331.31005859375,1331.7900390625,1321.5899658203125,1331.31005859375
2020-12-04,1325.6600341796875,1325.8399658203125,1312.550048828125,1325.0400390625
2020-12-07,1312.3699951171875,1315.8299560546875,1310.5899658203125,1311.6099853515625
2020-12-08,1311.010009765625,1315.469970703125,1310.3599853515625,1312.2099609375
2020-12-09,1313.6300048828125,1315.6400146484375,1309.8499755859375,1312.6700439453125
2020-12-10,1312.2900390625,1320.9300537109375,1310.050048828125,1311.699951171875
2020-12-11,1318.260009765625,1328.1099853515625,1317.25,1318.739990234375
2020-12-14,1320.989990234375,1327.72998046875,1320.989990234375,1321.27001953125
2020-12-15,1326.0899658203125,1330.3800048828125,1324.5699462890625,1326.0899658203125
2020-12-16,1322.8399658203125,1333.199951171875,1321.3499755859375,1322.27001953125
2020-12-17,1332.8499755859375,1339.81005859375,1331.7900390625,1332.3199462890625
2020-12-18,1339.7900390625,1346.1700439453125,1339.75,1339.72998046875
2020-12-21,1346.1800537109375,1353.3299560546875,1341.010009765625,1346.0699462890625
2020-12-22,1348.760009765625,1354.8599853515625,1346.3299560546875,1347.7900390625
2020-12-23,1349.300048828125,1351.9200439453125,1345.3199462890625,1349.300048828125
2020-12-24,1347.3199462890625,1349.0899658203125,1341.72998046875,1346.0999755859375
2020-12-25,1342.199951171875,1342.199951171875,1342.0899658203125,1342.199951171875
2020-12-28,1342.0899658203125,1342.0899658203125,1336.4100341796875,1342.1500244140625
2020-12-29,1337.52001953125,1340.9200439453125,1333.9000244140625,1337.9300537109375
2020-12-30,1336.219970703125,1337.949951171875,1328.81005859375,1337.2900390625
2020-12-31,1337.0,1337.31005859375,1328.199951171875,1337.0
2021-01-01,1325.1800537109375,1325.1800537109375,1324.5899658203125,1325.1800537109375
2021-01-04,1324.5899658203125,1331.8299560546875,1306.2020263671875,1324.8399658203125
2021-01-05,1328.739990234375,1335.969970703125,1327.25,1329.8599853515625
2021-01-06,1335.77001953125,1339.3499755859375,1332.75,1335.530029296875
2021-01-07,1339.72998046875,1341.800048828125,1336.1700439453125,1340.0999755859375
2021-01-08,1340.3499755859375,1343.5899658203125,1332.760009765625,1340.5999755859375
2021-01-11,1334.050048828125,1336.43994140625,1331.989990234375,1334.27001953125
2021-01-12,1334.1199951171875,1337.3399658203125,1331.9599609375,1333.27001953125
2021-01-13,1333.97998046875,1337.5799560546875,1332.25,1334.1400146484375
2021-01-14,1334.0,1338.3699951171875,1327.699951171875,1333.56005859375
2021-01-15,1330.97998046875,1334.6199951171875,1330.239990234375,1330.469970703125
2021-01-18,1332.4599609375,1335.4300537109375,1331.8299560546875,1332.449951171875
2021-01-19,1332.1600341796875,1337.52001953125,1329.510009765625,1332.050048828125
2021-01-20,1335.9000244140625,1336.719970703125,1328.9599609375,1336.1400146484375
2021-01-21,1328.81005859375,1337.510009765625,1328.739990234375,1327.530029296875
2021-01-22,1337.3399658203125,1346.030029296875,1337.02001953125,1336.8800048828125
2021-01-25,1343.719970703125,1343.719970703125,1335.52001953125,1343.6500244140625
2021-01-26,1336.5999755859375,1340.9000244140625,1335.3699951171875,1337.469970703125
2021-01-27,1339.5899658203125,1342.9599609375,1335.0999755859375,1338.8399658203125
2021-01-28,1342.97998046875,1354.31005859375,1342.97998046875,1340.0400390625
2021-01-29,1348.0999755859375,1355.47998046875,1346.780029296875,1347.989990234375
2021-02-01,1355.9599609375,1355.9599609375,1347.969970703125,1356.31005859375
2021-02-02,1346.5400390625,1348.4000244140625,1339.8900146484375,1346.5400390625
2021-02-03,1339.47998046875,1342.3699951171875,1337.6800537109375,1340.3800048828125
2021-02-04,1338.77001953125,1343.8199462890625,1338.43994140625,1338.6700439453125
2021-02-05,1339.5899658203125,1346.449951171875,1338.68994140625,1338.6400146484375
2021-02-08,1344.72998046875,1348.5699462890625,1343.8299560546875,1344.9599609375
2021-02-09,1344.5899658203125,1348.0,1343.0400390625,1344.5899658203125
2021-02-10,1344.6300048828125,1347.4300537109375,1338.030029296875,1344.800048828125
2021-02-11,1339.4200439453125,1340.4100341796875,1336.0699462890625,1339.4200439453125
2021-02-12,1336.9599609375,1338.989990234375,1334.550048828125,1336.9599609375
2021-02-15,1337.0,1337.0,1334.969970703125,1337.0799560546875
2021-02-16,1335.3699951171875,1340.43994140625,1331.3800048828125,1335.3699951171875
2021-02-17,1338.2099609375,1340.7099609375,1331.2099609375,1337.52001953125
2021-02-18,1330.7900390625,1338.1400146484375,1327.8299560546875,1330.18994140625
2021-02-19,1337.81005859375,1340.6600341796875,1335.25,1337.31005859375
2021-02-22,1337.6500244140625,1350.489990234375,1337.6500244140625,1339.18994140625
2021-02-23,1351.489990234375,1352.010009765625,1348.1600341796875,1352.06005859375
2021-02-24,1346.9599609375,1350.510009765625,1342.989990234375,1347.4200439453125
2021-02-25,1345.22998046875,1361.9000244140625,1344.5400390625,1345.27001953125
2021-02-26,1361.0,1368.18994140625,1358.8499755859375,1359.6500244140625
2021-03-01,1356.9200439453125,1356.9200439453125,1346.4000244140625,1356.8900146484375
2021-03-02,1328.6700439453125,1358.6700439453125,1328.6700439453125,1327.06005859375
2021-03-03,1357.4599609375,1357.8199462890625,1345.449951171875,1358.5400390625
2021-03-04,1358.1199951171875,1358.9599609375,1351.3699951171875,1360.9300537109375
2021-03-05,1355.52001953125,1355.989990234375,1342.989990234375,1357.27001953125
2021-03-08,1343.0899658203125,1354.719970703125,1342.5899658203125,1343.550048828125
2021-03-09,1351.4200439453125,1354.25,1348.1099853515625,1351.4599609375
2021-03-10,1350.5899658203125,1357.9000244140625,1350.300048828125,1350.56005859375
2021-03-11,1355.030029296875,1357.43994140625,1349.050048828125,1354.489990234375
2021-03-12,1353.25,1356.6400146484375,1348.68994140625,1353.2900390625
2021-03-15,1357.0699462890625,1357.0699462890625,1348.1099853515625,1357.0699462890625
2021-03-16,1349.77001953125,1352.4100341796875,1342.68994140625,1349.0
2021-03-17,1344.02001953125,1347.1500244140625,1340.68994140625,1344.3199462890625
2021-03-18,1343.050048828125,1345.3199462890625,1339.0400390625,1342.5799560546875
2021-03-19,1344.0999755859375,1348.1600341796875,1341.8699951171875,1341.760009765625
2021-03-22,1343.030029296875,1344.31005859375,1338.8900146484375,1343.030029296875
2021-03-23,1342.300048828125,1345.8900146484375,1338.8800048828125,1342.300048828125
2021-03-24,1341.219970703125,1342.56005859375,1336.0899658203125,1340.0999755859375
2021-03-25,1340.6300048828125,1340.699951171875,1336.530029296875,1339.7099609375
2021-03-26,1334.8399658203125,1334.8399658203125,1328.550048828125,1334.6700439453125
2021-03-28,1330.4300537109375,1335.6500244140625,1330.4300537109375,1330.969970703125
2021-03-29,1330.52001953125,1333.1700439453125,1328.199951171875,1331.27001953125
2021-03-30,1327.5999755859375,1327.6600341796875,1321.18994140625,1327.1600341796875
2021-03-31,1321.050048828125,1328.0,1319.300048828125,1321.4000244140625
2021-04-01,1327.489990234375,1327.9200439453125,1327.489990234375,1327.489990234375
2021-04-04,1327.9200439453125,1327.9200439453125,1323.1300048828125,1327.8299560546875
2021-04-05,1327.18994140625,1327.18994140625,1319.8199462890625,1327.18994140625
2021-04-06,1326.1099853515625,1329.47998046875,1324.0799560546875,1326.1099853515625
2021-04-07,1326.25,1329.050048828125,1323.1700439453125,1326.93994140625
2021-04-08,1328.68994140625,1333.25,1325.9599609375,1329.1800537109375
2021-04-11,1332.4000244140625,1338.5699462890625,1332.4000244140625,1332.510009765625
2021-04-12,1338.9599609375,1339.8699951171875,1334.5,1339.3399658203125
2021-04-13,1340.3900146484375,1341.5899658203125,1329.699951171875,1339.02001953125
2021-04-14,1335.81005859375,1338.6600341796875,1332.699951171875,1336.4000244140625
2021-04-15,1335.8900146484375,1338.9599609375,1331.31005859375,1335.6199951171875
2021-04-18,1336.81005859375,1341.0699462890625,1336.81005859375,1336.81005859375
2021-04-19,1341.52001953125,1345.239990234375,1338.280029296875,1341.52001953125
2021-04-20,1342.739990234375,1344.97998046875,1341.550048828125,1342.050048828125
2021-04-21,1342.4000244140625,1346.760009765625,1341.02001953125,1342.68994140625
2021-04-22,1344.81005859375,1346.6700439453125,1342.3699951171875,1343.1700439453125
2021-04-25,1316.6312255859375,1347.3399658203125,1316.6312255859375,1347.6400146484375
2021-04-26,1339.3800048828125,1343.7900390625,1337.1700439453125,1339.1400146484375
2021-04-27,1343.9100341796875,1346.010009765625,1339.9599609375,1344.489990234375
2021-04-28,1343.4200439453125,1345.0400390625,1340.260009765625,1345.0400390625
2021-04-29,1341.6800537109375,1346.7900390625,1340.6800537109375,1341.510009765625
2021-05-02,1342.0400390625,1353.489990234375,1342.0400390625,1342.1400146484375
2021-05-03,1349.6500244140625,1354.030029296875,1346.81005859375,1349.5999755859375
2021-05-04,1351.1400146484375,1352.52001953125,1348.010009765625,1351.1400146484375
2021-05-05,1349.52001953125,1353.699951171875,1348.300048828125,1348.2900390625
2021-05-06,1350.97998046875,1354.9200439453125,1348.8399658203125,1350.2099609375
2021-05-09,1351.7099609375,1354.719970703125,1350.760009765625,1352.3599853515625
2021-05-10,1353.2900390625,1363.050048828125,1353.2900390625,1353.2900390625
2021-05-11,1358.449951171875,1365.780029296875,1358.449951171875,1358.449951171875
2021-05-12,1366.3299560546875,1368.47998046875,1362.449951171875,1366.3199462890625
2021-05-13,1361.43994140625,1368.1199951171875,1359.1199951171875,1359.6199951171875
2021-05-16,1366.280029296875,1383.47998046875,1366.280029296875,1366.5
2021-05-17,1381.719970703125,1381.719970703125,1373.1700439453125,1381.739990234375
2021-05-18,1376.719970703125,1381.5699462890625,1375.75,1376.719970703125
2021-05-19,1376.1099853515625,1379.449951171875,1375.300048828125,1375.9200439453125
2021-05-20,1377.77001953125,1378.6099853515625,1368.77001953125,1377.219970703125
2021-05-23,1372.52001953125,1375.0799560546875,1372.010009765625,1372.719970703125
2021-05-24,1371.300048828125,1376.43994140625,1369.030029296875,1370.949951171875
2021-05-25,1373.7900390625,1380.1800537109375,1362.0,1373.699951171875
2021-05-26,1360.6800537109375,1363.6600341796875,1359.5899658203125,1359.9100341796875
2021-05-27,1360.93994140625,1361.81005859375,1352.8199462890625,1361.68994140625
2021-05-30,1356.3699951171875,1356.3699951171875,1348.489990234375,1357.050048828125
2021-05-31,1353.760009765625,1355.47998046875,1349.68994140625,1353.68994140625
2021-06-01,1352.75,1358.8800048828125,1352.1800537109375,1352.0799560546875
2021-06-02,1355.1500244140625,1357.550048828125,1353.0699462890625,1355.1500244140625
2021-06-03,1353.2900390625,1354.8199462890625,1348.030029296875,1352.8599853515625
2021-06-06,1349.8699951171875,1354.3299560546875,1349.3299560546875,1349.989990234375
2021-06-07,1352.77001953125,1359.0999755859375,1351.989990234375,1351.97998046875
2021-06-08,1359.030029296875,1360.27001953125,1354.6400146484375,1359.219970703125
2021-06-09,1358.4599609375,1359.510009765625,1353.77001953125,1359.0400390625
2021-06-10,1352.7900390625,1354.97998046875,1349.25,1352.2900390625
2021-06-13,1350.4200439453125,1355.47998046875,1349.3900146484375,1350.3800048828125
2021-06-14,1353.5799560546875,1355.800048828125,1351.97998046875,1352.6199951171875
2021-06-15,1353.72998046875,1355.2900390625,1352.6199951171875,1352.8900146484375
2021-06-16,1357.3199462890625,1357.3199462890625,1347.5400390625,1356.8599853515625
2021-06-17,1348.6199951171875,1350.1199951171875,1343.7900390625,1349.5999755859375
2021-06-20,1345.1300048828125,1350.969970703125,1344.25,1344.6600341796875
2021-06-21,1346.719970703125,1353.77001953125,1344.550048828125,1346.719970703125
2021-06-22,1350.75,1357.47998046875,1350.2900390625,1351.3299560546875
2021-06-23,1351.949951171875,1356.4300537109375,1348.25,1350.5799560546875
2021-06-24,1349.469970703125,1350.1199951171875,1343.75,1349.2099609375
2021-06-27,1343.969970703125,1349.449951171875,1343.969970703125,1343.969970703125
2021-06-28,1345.8800048828125,1347.9200439453125,1342.6800537109375,1345.8800048828125
2021-06-29,1344.6199951171875,1345.699951171875,1337.300048828125,1345.4100341796875
2021-06-30,1338.4100341796875,1344.4100341796875,1337.6400146484375,1338.969970703125
2021-07-01,1341.8499755859375,1345.1700439453125,1339.6600341796875,1342.3699951171875
2021-07-04,1340.1600341796875,1341.7900390625,1338.1600341796875,1340.25
2021-07-05,1342.3399658203125,1343.31005859375,1339.0,1339.3800048828125
2021-07-06,1341.56005859375,1347.030029296875,1340.97998046875,1342.3299560546875
2021-07-07,1344.3199462890625,1363.4100341796875,1342.8199462890625,1344.4200439453125
2021-07-08,1357.6500244140625,1359.52001953125,1355.47998046875,1357.06005859375
2021-07-11,1358.56005859375,1361.719970703125,1357.56005859375,1358.219970703125
2021-07-12,1359.0999755859375,1359.0999755859375,1352.5799560546875,1353.219970703125
2021-07-13,1352.8699951171875,1357.030029296875,1352.449951171875,1352.989990234375
2021-07-14,1352.8900146484375,1356.4200439453125,1344.5699462890625,1353.449951171875
2021-07-15,1347.1800537109375,1348.9100341796875,1342.8800048828125,1347.1800537109375
2021-07-18,1347.3399658203125,1362.9599609375,1347.3399658203125,1347.25
2021-07-19,1355.1600341796875,1358.02001953125,1350.1300048828125,1356.0
2021-07-20,1351.97998046875,1358.81005859375,1350.8499755859375,1351.5400390625
2021-07-21,1354.25,1357.5799560546875,1350.989990234375,1354.4000244140625
2021-07-22,1352.72998046875,1356.5899658203125,1350.010009765625,1353.239990234375
2021-07-25,1354.8800048828125,1361.4200439453125,1354.8800048828125,1353.8499755859375
2021-07-26,1359.260009765625,1367.47998046875,1354.25,1359.260009765625
2021-07-27,1363.6300048828125,1365.949951171875,1359.77001953125,1363.030029296875
2021-07-28,1361.1099853515625,1362.550048828125,1354.9000244140625,1361.1099853515625
2021-07-29,1358.510009765625,1367.9100341796875,1357.8299560546875,1357.8199462890625
2021-08-01,1365.9000244140625,1368.030029296875,1364.280029296875,1366.239990234375
2021-08-02,1364.8199462890625,1367.72998046875,1361.22998046875,1365.1600341796875
2021-08-03,1362.449951171875,1362.449951171875,1352.6199951171875,1362.449951171875
2021-08-04,1352.969970703125,1354.8399658203125,1349.25,1352.969970703125
2021-08-05,1350.5,1351.1600341796875,1345.8299560546875,1351.050048828125
2021-08-08,1346.25,1347.6600341796875,1343.1700439453125,1346.3199462890625
2021-08-09,1344.68994140625,1349.8199462890625,1344.010009765625,1344.68994140625
2021-08-10,1351.1099853515625,1357.56005859375,1349.5899658203125,1350.75
2021-08-11,1353.9599609375,1364.68994140625,1353.9599609375,1353.9599609375
2021-08-12,1363.1400146484375,1372.489990234375,1363.1400146484375,1362.9300537109375
2021-08-15,1369.280029296875,1374.9599609375,1369.280029296875,1369.4100341796875
2021-08-16,1371.5699462890625,1386.1500244140625,1371.02001953125,1370.989990234375
2021-08-17,1377.8800048828125,1379.75,1366.77001953125,1377.56005859375
2021-08-18,1368.56005859375,1375.27001953125,1367.719970703125,1368.6300048828125
2021-08-19,1372.02001953125,1381.550048828125,1367.52001953125,1372.2099609375
2021-08-22,1373.1700439453125,1375.219970703125,1370.969970703125,1373.1700439453125
2021-08-23,1371.260009765625,1373.43994140625,1366.510009765625,1372.1700439453125
2021-08-24,1367.2900390625,1370.489990234375,1366.010009765625,1367.199951171875
2021-08-25,1370.6500244140625,1376.5699462890625,1368.0899658203125,1368.9300537109375
2021-08-26,1374.2099609375,1377.8599853515625,1368.9100341796875,1375.27001953125
2021-08-29,1369.3499755859375,1375.68994140625,1369.3499755859375,1369.3800048828125
2021-08-30,1374.6700439453125,1374.9599609375,1364.800048828125,1374.6700439453125
2021-08-31,1367.699951171875,1369.300048828125,1362.0899658203125,1366.4599609375
2021-09-01,1368.030029296875,1374.280029296875,1367.77001953125,1368.0899658203125
2021-09-02,1373.4599609375,1374.0799560546875,1369.050048828125,1373.7900390625
2021-09-05,1371.9100341796875,1372.6300048828125,1369.9599609375,1371.9200439453125
2021-09-06,1371.47998046875,1380.1500244140625,1371.47998046875,1371.7099609375
2021-09-07,1375.3900146484375,1380.4599609375,1374.7900390625,1374.780029296875
2021-09-08,1378.9000244140625,1382.8399658203125,1377.9100341796875,1378.530029296875
2021-09-09,1382.3499755859375,1385.9599609375,1377.6300048828125,1381.81005859375
2021-09-12,1381.300048828125,1385.7900390625,1381.300048828125,1381.43994140625
2021-09-13,1383.5699462890625,1385.02001953125,1379.219970703125,1382.7099609375
2021-09-14,1381.8699951171875,1384.469970703125,1377.1400146484375,1381.8699951171875
2021-09-15,1378.010009765625,1382.3599853515625,1376.43994140625,1377.43994140625
2021-09-16,1381.1099853515625,1387.3499755859375,1381.050048828125,1381.77001953125
2021-09-19,1384.760009765625,1393.1600341796875,1384.760009765625,1384.699951171875
2021-09-20,1391.68994140625,1392.1099853515625,1386.1099853515625,1391.010009765625
2021-09-21,1387.239990234375,1388.25,1383.93994140625,1387.239990234375
2021-09-22,1380.6700439453125,1384.969970703125,1371.6300048828125,1380.719970703125
2021-09-23,1377.0699462890625,1382.699951171875,1375.3699951171875,1377.8599853515625
2021-09-26,1381.219970703125,1381.72998046875,1375.6600341796875,1381.300048828125
2021-09-27,1377.4000244140625,1387.6700439453125,1377.4000244140625,1375.7099609375
2021-09-28,1387.43994140625,1387.43994140625,1376.02001953125,1386.6500244140625
2021-09-29,1377.0799560546875,1377.0799560546875,1367.4000244140625,1376.3399658203125
2021-09-30,1370.47998046875,1375.1300048828125,1367.6300048828125,1370.47998046875
2021-10-03,1367.5400390625,1375.7099609375,1367.5400390625,1366.4300537109375
2021-10-04,1374.56005859375,1378.050048828125,1372.8599853515625,1374.52001953125
2021-10-05,1374.8900146484375,1383.47998046875,1374.8299560546875,1374.449951171875
2021-10-06,1375.3399658203125,1376.31005859375,1372.219970703125,1374.489990234375
2021-10-07,1374.6700439453125,1383.199951171875,1374.6700439453125,1375.050048828125
2021-10-10,1383.1199951171875,1383.5400390625,1379.9300537109375,1383.0699462890625
2021-10-11,1381.449951171875,1386.7099609375,1379.1099853515625,1379.8399658203125
2021-10-12,1379.9599609375,1381.280029296875,1371.75,1379.9599609375
2021-10-13,1376.050048828125,1378.77001953125,1371.0,1375.030029296875
2021-10-14,1370.25,1372.4300537109375,1368.9000244140625,1369.72998046875
2021-10-17,1370.4300537109375,1377.760009765625,1370.4300537109375,1370.47998046875
2021-10-18,1375.1700439453125,1376.0799560546875,1365.5799560546875,1375.3399658203125
2021-10-19,1366.8900146484375,1371.0999755859375,1362.699951171875,1366.3399658203125
2021-10-20,1367.949951171875,1371.25,1365.8599853515625,1367.780029296875
2021-10-21,1368.06005859375,1370.0799560546875,1364.8800048828125,1368.4300537109375
2021-10-24,1370.050048828125,1370.050048828125,1353.969970703125,1370.56005859375
2021-10-25,1354.9000244140625,1356.06005859375,1349.1600341796875,1354.530029296875
2021-10-26,1354.530029296875,1360.0999755859375,1351.4100341796875,1354.530029296875
2021-10-27,1358.0899658203125,1363.6600341796875,1353.489990234375,1359.3299560546875
2021-10-28,1366.239990234375,1366.239990234375,1355.1199951171875,1366.239990234375
2021-11-01,1356.699951171875,1364.4200439453125,1356.699951171875,1356.550048828125
2021-11-02,1363.06005859375,1364.77001953125,1360.5799560546875,1365.43994140625
2021-11-03,1364.06005859375,1371.4599609375,1363.47998046875,1364.06005859375
2021-11-04,1370.1199951171875,1370.1199951171875,1365.1199951171875,1369.4599609375
2021-11-05,1369.219970703125,1369.219970703125,1363.1099853515625,1368.68994140625
2021-11-08,1365.199951171875,1369.1500244140625,1363.93994140625,1366.02001953125
2021-11-09,1389.6300048828125,1390.8299560546875,1358.5899658203125,1391.9599609375
2021-11-10,1365.949951171875,1369.52001953125,1357.8699951171875,1365.949951171875
2021-11-11,1359.02001953125,1360.489990234375,1349.6600341796875,1359.8199462890625
2021-11-12,1351.93994140625,1364.77001953125,1344.1300048828125,1366.02001953125
2021-11-15,1349.77001953125,1350.8599853515625,1346.4000244140625,1348.760009765625
2021-11-16,1343.9200439453125,1344.5799560546875,1336.5999755859375,1343.5699462890625
2021-11-17,1337.7099609375,1339.219970703125,1333.6600341796875,1339.1800537109375
2021-11-18,1336.7900390625,1345.1400146484375,1308.1888427734375,1336.7900390625
2021-11-19,1343.280029296875,1347.3399658203125,1334.1800537109375,1343.6800537109375
2021-11-22,1338.81005859375,1339.0999755859375,1333.5799560546875,1338.699951171875
2021-11-23,1335.6800537109375,1340.5899658203125,1333.81005859375,1336.43994140625
2021-11-24,1335.8800048828125,1336.7099609375,1327.8199462890625,1337.22998046875
2021-11-25,1330.1300048828125,1336.1500244140625,1330.1300048828125,1330.1300048828125
2021-11-26,1332.8900146484375,1350.780029296875,1332.6500244140625,1332.5400390625
2021-11-29,1351.8399658203125,1351.8399658203125,1340.31005859375,1352.4599609375
2021-11-30,1341.969970703125,1351.27001953125,1332.47998046875,1343.3199462890625
2021-12-01,1340.9300537109375,1341.050048828125,1329.0400390625,1339.6300048828125
2021-12-02,1331.030029296875,1333.93994140625,1326.6400146484375,1330.72998046875
2021-12-03,1330.800048828125,1337.449951171875,1327.3800048828125,1328.530029296875
2021-12-06,1334.800048828125,1334.800048828125,1329.1400146484375,1334.6800537109375
2021-12-07,1330.969970703125,1333.6099853515625,1321.7099609375,1330.969970703125
2021-12-08,1325.0899658203125,1330.8299560546875,1323.800048828125,1325.0899658203125
2021-12-09,1329.47998046875,1332.3399658203125,1326.72998046875,1332.010009765625
2021-12-10,1329.010009765625,1334.3599853515625,1326.72998046875,1329.469970703125
2021-12-13,1300.77197265625,1341.9420166015625,1300.77197265625,1300.77197265625
2021-12-14,1335.06005859375,1338.1099853515625,1330.4599609375,1335.6500244140625
2021-12-15,1333.4100341796875,1338.1400146484375,1332.6400146484375,1332.81005859375
2021-12-16,1336.989990234375,1342.1500244140625,1332.9300537109375,1337.699951171875
2021-12-17,1342.68994140625,1344.1300048828125,1336.5699462890625,1342.68994140625
2021-12-20,1333.72998046875,1344.1400146484375,1333.72998046875,1333.06005859375
2021-12-21,1340.0699462890625,1346.8299560546875,1339.3900146484375,1340.2900390625
2021-12-22,1341.489990234375,1348.449951171875,1341.3599853515625,1341.8699951171875
2021-12-23,1346.0799560546875,1347.0799560546875,1340.6099853515625,1346.0799560546875
2021-12-24,1340.97998046875,1345.760009765625,1340.300048828125,1341.52001953125
2021-12-27,1342.0400390625,1344.219970703125,1340.219970703125,1342.0999755859375
2021-12-28,1343.489990234375,1345.4599609375,1340.02001953125,1342.530029296875
2021-12-29,1342.3599853515625,1346.47998046875,1336.75,1342.760009765625
2021-12-30,1344.0999755859375,1347.0999755859375,1341.5999755859375,1344.6099853515625
2021-12-31,1345.77001953125,1351.050048828125,1342.5799560546875,1346.1300048828125
2022-01-03,1350.25,1354.7099609375,1345.5999755859375,1351.300048828125
2022-01-04,1347.9300537109375,1354.4000244140625,1346.510009765625,1347.3900146484375
2022-01-05,1349.97998046875,1355.25,1349.1300048828125,1349.97998046875
2022-01-06,1356.6800537109375,1362.75,1353.489990234375,1355.3599853515625
2022-01-07,1360.300048828125,1364.3900146484375,1355.010009765625,1359.8199462890625
2022-01-10,1359.1800537109375,1359.1800537109375,1351.760009765625,1358.9000244140625
2022-01-11,1355.81005859375,1357.0,1349.3800048828125,1355.81005859375
2022-01-12,1354.5,1356.1199951171875,1350.0699462890625,1354.1600341796875
2022-01-13,1356.1400146484375,1359.239990234375,1354.989990234375,1355.3699951171875
2022-01-14,1357.9100341796875,1362.050048828125,1356.25,1358.0
2022-01-17,1357.199951171875,1362.469970703125,1357.1700439453125,1357.3800048828125
2022-01-18,1357.199951171875,1357.6400146484375,1349.739990234375,1357.199951171875
2022-01-19,1349.3499755859375,1352.0,1345.4200439453125,1349.8599853515625
2022-01-20,1347.010009765625,1352.0999755859375,1345.6300048828125,1346.030029296875
2022-01-21,1348.300048828125,1352.8199462890625,1347.3599853515625,1347.52001953125
2022-01-24,1351.1400146484375,1354.4300537109375,1350.47998046875,1351.8299560546875
2022-01-25,1352.6700439453125,1356.02001953125,1348.530029296875,1353.010009765625
2022-01-26,1350.72998046875,1352.75,1347.300048828125,1350.8499755859375
2022-01-27,1344.75,1350.3800048828125,1338.1300048828125,1344.75
2022-01-28,1340.9100341796875,1349.25,1339.52001953125,1340.0400390625
2022-01-31,1346.719970703125,1352.6700439453125,1346.719970703125,1346.719970703125
2022-02-01,1354.18994140625,1355.760009765625,1351.27001953125,1354.18994140625
2022-02-02,1354.7099609375,1359.0799560546875,1353.81005859375,1353.6600341796875
2022-02-03,1354.5,1373.06005859375,1354.5,1355.010009765625
2022-02-04,1371.1300048828125,1375.52001953125,1368.5,1372.1800537109375
2022-02-07,1370.4100341796875,1372.1099853515625,1366.699951171875,1371.1400146484375
2022-02-08,1368.72998046875,1369.5899658203125,1364.02001953125,1367.8900146484375
2022-02-09,1365.77001953125,1365.77001953125,1362.6500244140625,1364.3199462890625
2022-02-10,1362.2900390625,1371.1800537109375,1361.030029296875,1362.6700439453125
2022-02-11,1368.510009765625,1370.0,1358.0799560546875,1367.9100341796875
2022-02-14,1360.3699951171875,1360.3699951171875,1349.77001953125,1359.3699951171875
2022-02-15,1352.4000244140625,1359.199951171875,1352.0,1352.300048828125
2022-02-16,1358.010009765625,1362.25,1357.97998046875,1359.0
2022-02-17,1360.2900390625,1361.7099609375,1356.739990234375,1359.6700439453125
2022-02-18,1361.1700439453125,1361.1700439453125,1352.1400146484375,1360.0999755859375
2022-02-21,1352.1600341796875,1354.280029296875,1349.7099609375,1353.1500244140625
2022-02-22,1350.050048828125,1354.030029296875,1346.1600341796875,1348.199951171875
2022-02-23,1349.6400146484375,1351.9200439453125,1346.969970703125,1349.989990234375
2022-02-24,1348.989990234375,1353.9100341796875,1343.4100341796875,1347.0400390625
2022-02-25,1347.949951171875,1353.0,1341.9300537109375,1349.0999755859375
2022-02-28,1348.43994140625,1351.1500244140625,1341.1099853515625,1348.75
2022-03-01,1346.199951171875,1346.5799560546875,1335.1800537109375,1346.199951171875
2022-03-02,1340.0,1340.760009765625,1332.3399658203125,1340.530029296875
2022-03-03,1335.6500244140625,1338.530029296875,1332.3299560546875,1335.6600341796875
2022-03-04,1333.6700439453125,1338.719970703125,1325.219970703125,1334.1600341796875
2022-03-07,1329.199951171875,1339.9000244140625,1327.489990234375,1330.1800537109375
2022-03-08,1336.300048828125,1346.800048828125,1336.260009765625,1336.300048828125
2022-03-09,1343.3499755859375,1356.9599609375,1342.2099609375,1342.8199462890625
2022-03-10,1353.0400390625,1363.5,1344.719970703125,1352.949951171875
2022-03-11,1349.7099609375,1362.6099853515625,1348.81005859375,1351.7099609375
2022-03-14,1348.3299560546875,1359.68994140625,1348.3299560546875,1347.81005859375
2022-03-15,1357.6400146484375,1370.1700439453125,1356.4000244140625,1357.699951171875
2022-03-16,1361.219970703125,1362.0,1348.22998046875,1361.219970703125
2022-03-17,1346.72998046875,1352.93994140625,1334.1099853515625,1346.3299560546875
2022-03-18,1342.280029296875,1347.280029296875,1335.3599853515625,1342.81005859375
2022-03-21,1337.8499755859375,1342.6199951171875,1337.8499755859375,1336.5
2022-03-22,1341.2099609375,1344.43994140625,1334.4300537109375,1341.800048828125
2022-03-23,1338.260009765625,1338.989990234375,1333.449951171875,1339.280029296875
2022-03-24,1340.5799560546875,1343.989990234375,1336.47998046875,1340.5799560546875
2022-03-25,1342.0699462890625,1346.3900146484375,1339.2900390625,1342.8399658203125
2022-03-27,1314.6927490234375,1345.72998046875,1314.6927490234375,1344.219970703125
2022-03-28,1344.760009765625,1351.280029296875,1337.5699462890625,1344.0999755859375
2022-03-29,1339.8499755859375,1349.699951171875,1339.8499755859375,1340.6700439453125
2022-03-30,1351.2099609375,1352.3299560546875,1343.02001953125,1350.22998046875
2022-03-31,1343.8599853515625,1346.3900146484375,1341.77001953125,1343.469970703125
2022-04-03,1346.969970703125,1346.969970703125,1333.219970703125,1346.4000244140625
2022-04-04,1331.31005859375,1332.02001953125,1326.050048828125,1331.31005859375
2022-04-05,1328.1500244140625,1330.6800537109375,1323.300048828125,1328.1500244140625
2022-04-06,1326.1800537109375,1333.2900390625,1324.22998046875,1326.25
2022-04-07,1328.2900390625,1336.6099853515625,1326.219970703125,1327.47998046875
2022-04-10,1335.6700439453125,1346.7900390625,1335.6700439453125,1335.22998046875
2022-04-11,1342.97998046875,1345.25,1331.4100341796875,1342.97998046875
2022-04-12,1329.300048828125,1330.52001953125,1325.0,1328.739990234375
2022-04-13,1332.43994140625,1338.1600341796875,1321.199951171875,1331.1600341796875
2022-04-14,1330.8699951171875,1332.0,1330.4000244140625,1330.8699951171875
2022-04-17,1330.4000244140625,1330.4000244140625,1330.4000244140625,1330.93994140625
2022-04-18,1330.449951171875,1339.8800048828125,1329.699951171875,1330.449951171875
2022-04-19,1337.739990234375,1340.9000244140625,1331.0,1336.97998046875
2022-04-20,1337.97998046875,1350.3299560546875,1335.9000244140625,1337.3199462890625
2022-04-21,1345.1099853515625,1348.0,1336.8499755859375,1344.530029296875
2022-04-24,1341.5699462890625,1345.6300048828125,1338.5,1323.1800537109375
2022-04-25,1337.550048828125,1345.0,1335.3399658203125,1337.6500244140625
2022-04-26,1341.4200439453125,1345.0400390625,1332.5799560546875,1340.550048828125
2022-04-27,1334.93994140625,1341.02001953125,1331.9599609375,1335.43994140625
2022-04-28,1334.75,1334.8399658203125,1321.52001953125,1334.8499755859375
2022-05-01,1330.510009765625,1335.6199951171875,1329.3699951171875,1331.1099853515625
2022-05-02,1330.77001953125,1334.77001953125,1325.9300537109375,1330.77001953125
2022-05-03,1326.2900390625,1334.1500244140625,1324.1099853515625,1325.52001953125
2022-05-04,1328.4000244140625,1335.6400146484375,1324.1199951171875,1328.2099609375
2022-05-05,1337.6700439453125,1344.989990234375,1332.3199462890625,1337.219970703125
2022-05-08,1338.77001953125,1346.780029296875,1336.68994140625,1337.75
2022-05-09,1345.6700439453125,1348.4300537109375,1340.489990234375,1345.6700439453125
2022-05-10,1342.8199462890625,1347.010009765625,1337.4599609375,1343.43994140625
2022-05-11,1346.3599853515625,1355.6199951171875,1335.8599853515625,1343.4000244140625
2022-05-12,1337.0799560546875,1337.800048828125,1327.25,1338.97998046875
2022-05-15,1329.8699951171875,1340.0400390625,1329.8699951171875,1329.510009765625
2022-05-16,1334.6099853515625,1336.47998046875,1329.4100341796875,1335.27001953125
2022-05-17,1336.5999755859375,1338.9100341796875,1328.0699462890625,1334.7900390625
2022-05-18,1335.5,1344.0699462890625,1333.530029296875,1334.010009765625
2022-05-19,1340.1700439453125,1343.3900146484375,1335.5899658203125,1336.1199951171875
2022-05-22,1344.3199462890625,1348.1400146484375,1337.1199951171875,1344.3699951171875
2022-05-23,1343.8299560546875,1355.800048828125,1343.4100341796875,1343.3599853515625
2022-05-24,1351.9300537109375,1355.0,1346.6099853515625,1352.5699462890625
2022-05-25,1351.56005859375,1354.6099853515625,1349.3399658203125,1353.1099853515625
2022-05-26,1351.280029296875,1353.280029296875,1336.5,1351.280029296875
2022-05-29,1342.4000244140625,1342.4000244140625,1327.8599853515625,1342.719970703125
2022-05-30,1331.1099853515625,1333.6800537109375,1323.0,1330.5899658203125
2022-05-31,1332.199951171875,1334.75,1323.18994140625,1332.3699951171875
2022-06-01,1326.93994140625,1335.9000244140625,1326.3199462890625,1327.219970703125
2022-06-02,1333.260009765625,1340.449951171875,1332.6099853515625,1333.260009765625
2022-06-05,1340.0999755859375,1344.0799560546875,1336.9000244140625,1339.949951171875
2022-06-06,1340.010009765625,1343.8299560546875,1337.949951171875,1340.010009765625
2022-06-07,1341.0999755859375,1348.6300048828125,1338.5999755859375,1342.1099853515625
2022-06-08,1345.8599853515625,1351.4200439453125,1339.4300537109375,1345.8599853515625
2022-06-09,1340.68994140625,1349.8299560546875,1338.4300537109375,1341.0
2022-06-12,1344.1500244140625,1350.5699462890625,1343.3199462890625,1343.010009765625
2022-06-13,1343.219970703125,1347.199951171875,1340.4000244140625,1343.219970703125
2022-06-14,1344.72998046875,1354.949951171875,1339.6800537109375,1343.1400146484375
2022-06-15,1336.4100341796875,1360.0999755859375,1335.6400146484375,1334.97998046875
2022-06-16,1357.75,1360.699951171875,1348.6300048828125,1356.97998046875
2022-06-19,1354.5799560546875,1362.5699462890625,1354.5799560546875,1354.5799560546875
2022-06-20,1357.699951171875,1365.72998046875,1355.4599609375,1357.1600341796875
2022-06-21,1358.8699951171875,1373.81005859375,1358.3399658203125,1358.3399658203125
2022-06-22,1369.6099853515625,1376.8699951171875,1364.1500244140625,1368.22998046875
2022-06-23,1366.489990234375,1368.0699462890625,1357.8499755859375,1366.3399658203125
2022-06-26,1359.4599609375,1362.0799560546875,1353.8900146484375,1359.3499755859375
2022-06-27,1359.010009765625,1361.47998046875,1352.93994140625,1359.010009765625
2022-06-28,1357.8699951171875,1364.9200439453125,1356.5,1358.050048828125
2022-06-29,1357.6800537109375,1358.9100341796875,1348.5999755859375,1358.010009765625
2022-06-30,1350.1199951171875,1356.949951171875,1348.1700439453125,1348.0400390625
2022-07-03,1353.1500244140625,1356.739990234375,1348.449951171875,1352.9000244140625
2022-07-04,1350.5799560546875,1357.3299560546875,1342.6400146484375,1349.3199462890625
2022-07-05,1341.2900390625,1343.8399658203125,1325.8499755859375,1340.6600341796875
2022-07-06,1327.6500244140625,1330.760009765625,1317.3800048828125,1327.219970703125
2022-07-07,1318.4000244140625,1322.4100341796875,1311.9599609375,1317.4300537109375
2022-07-10,1317.239990234375,1324.6400146484375,1316.22998046875,1317.3199462890625
2022-07-11,1315.3699951171875,1316.449951171875,1307.93994140625,1315.3699951171875
2022-07-12,1309.0999755859375,1318.3599853515625,1302.3900146484375,1308.3699951171875
2022-07-13,1308.81005859375,1326.52001953125,1308.739990234375,1309.4300537109375
2022-07-14,1319.239990234375,1334.0799560546875,1319.239990234375,1318.8399658203125
2022-07-17,1329.469970703125,1339.0,1326.0799560546875,1329.6099853515625
2022-07-18,1336.5999755859375,1343.47998046875,1327.5699462890625,1337.030029296875
2022-07-19,1334.7099609375,1344.199951171875,1332.97998046875,1334.7099609375
2022-07-20,1333.97998046875,1343.1800537109375,1330.1800537109375,1335.1199951171875
2022-07-21,1334.81005859375,1339.6800537109375,1330.1400146484375,1334.93994140625
2022-07-24,1337.0699462890625,1341.800048828125,1335.6500244140625,1337.06005859375
2022-07-25,1340.25,1341.8299560546875,1323.9300537109375,1338.5899658203125
2022-07-26,1326.31005859375,1334.0400390625,1324.8299560546875,1326.6700439453125
2022-07-27,1332.6700439453125,1333.8399658203125,1317.02001953125,1332.0400390625
2022-07-28,1319.699951171875,1332.6700439453125,1319.47998046875,1319.699951171875
2022-07-31,1330.4599609375,1341.219970703125,1330.4200439453125,1331.5899658203125
2022-08-01,1340.7099609375,1344.199951171875,1332.1700439453125,1340.1700439453125
2022-08-02,1333.43994140625,1337.3499755859375,1326.8399658203125,1335.31005859375
2022-08-03,1327.52001953125,1335.1099853515625,1327.0999755859375,1328.0400390625
2022-08-04,1334.0699462890625,1334.0699462890625,1315.6600341796875,1334.22998046875
2022-08-07,1326.050048828125,1334.0,1324.7099609375,1325.8599853515625
2022-08-08,1323.97998046875,1337.010009765625,1323.97998046875,1323.97998046875
2022-08-09,1332.510009765625,1355.3800048828125,1332.510009765625,1333.6700439453125
2022-08-10,1334.43994140625,1344.43994140625,1334.43994140625,1335.06005859375
2022-08-11,1347.010009765625,1347.7900390625,1335.530029296875,1346.030029296875
2022-08-14,1334.6800537109375,1339.72998046875,1332.52001953125,1334.3599853515625
2022-08-15,1333.199951171875,1335.1400146484375,1326.780029296875,1333.260009765625
2022-08-16,1331.6199951171875,1339.6800537109375,1329.22998046875,1332.0799560546875
2022-08-17,1337.1800537109375,1346.3199462890625,1336.510009765625,1336.699951171875
2022-08-18,1336.010009765625,1343.739990234375,1333.4300537109375,1336.7900390625
2022-08-21,1339.0400390625,1345.1500244140625,1335.6500244140625,1339.18994140625
2022-08-22,1333.300048828125,1338.75,1328.0799560546875,1333.300048828125
2022-08-23,1333.6700439453125,1337.050048828125,1328.3900146484375,1333.93994140625
2022-08-24,1334.8599853515625,1338.4200439453125,1328.699951171875,1334.9300537109375
2022-08-25,1328.47998046875,1340.1700439453125,1324.300048828125,1329.47998046875
2022-08-28,1335.7099609375,1349.969970703125,1335.7099609375,1336.050048828125
2022-08-29,1344.550048828125,1352.489990234375,1344.280029296875,1344.550048828125
2022-08-30,1352.2900390625,1354.050048828125,1338.1099853515625,1351.25
2022-08-31,1346.219970703125,1359.8800048828125,1341.1400146484375,1346.8499755859375
2022-09-01,1348.199951171875,1363.8399658203125,1345.3199462890625,1347.449951171875
2022-09-04,1354.5999755859375,1361.2099609375,1354.5999755859375,1355.6199951171875
2022-09-05,1360.4100341796875,1370.25,1358.8599853515625,1360.2900390625
2022-09-06,1364.1400146484375,1375.1600341796875,1362.8199462890625,1363.3199462890625
2022-09-07,1373.5,1384.3800048828125,1373.5,1376.25
2022-09-08,1383.02001953125,1389.6500244140625,1381.199951171875,1383.02001953125
2022-09-11,1384.219970703125,1404.1300048828125,1384.219970703125,1384.489990234375
2022-09-12,1391.969970703125,1396.8499755859375,1373.3399658203125,1390.8800048828125
2022-09-13,1388.469970703125,1393.43994140625,1385.550048828125,1386.280029296875
2022-09-14,1387.2099609375,1398.0,1385.949951171875,1386.5
2022-09-15,1394.52001953125,1396.530029296875,1381.300048828125,1396.1400146484375
2022-09-18,1377.06005859375,1392.3900146484375,1377.06005859375,1386.530029296875
2022-09-19,1393.1099853515625,1395.75,1386.780029296875,1391.3800048828125
2022-09-20,1386.8299560546875,1389.06005859375,1375.1500244140625,1386.050048828125
2022-09-21,1372.6199951171875,1392.800048828125,1371.0999755859375,1371.75
2022-09-22,1381.3199462890625,1384.75,1373.1600341796875,1382.5799560546875
2022-09-25,1377.469970703125,1379.1500244140625,1350.5701904296875,1377.469970703125
2022-09-26,1377.8499755859375,1377.8499755859375,1350.5701904296875,1377.8499755859375
2022-09-27,1367.43994140625,1385.699951171875,1366.4200439453125,1365.739990234375
2022-09-28,1380.3800048828125,1398.47998046875,1379.969970703125,1383.0799560546875
2022-09-29,1404.0400390625,1408.56005859375,1397.5400390625,1404.0799560546875
2022-10-02,1410.0699462890625,1415.52001953125,1405.0899658203125,1410.7099609375
2022-10-03,1407.8599853515625,1414.9100341796875,1401.8199462890625,1407.6300048828125
2022-10-04,1413.3199462890625,1417.6800537109375,1396.9300537109375,1412.52001953125
2022-10-05,1401.9000244140625,1402.9599609375,1377.72998046875,1400.4200439453125
2022-10-06,1377.5899658203125,1385.9599609375,1373.3699951171875,1376.8900146484375
2022-10-09,1379.050048828125,1387.9000244140625,1379.050048828125,1379.06005859375
2022-10-10,1384.8900146484375,1394.6099853515625,1384.8900146484375,1384.8900146484375
2022-10-11,1388.3599853515625,1389.280029296875,1380.9599609375,1389.02001953125
2022-10-12,1381.0799560546875,1411.1800537109375,1377.2099609375,1381.6400146484375
2022-10-13,1397.52001953125,1405.02001953125,1392.8299560546875,1397.8199462890625
2022-10-16,1400.0400390625,1407.5799560546875,1394.739990234375,1400.3499755859375
2022-10-17,1408.0,1408.0,1396.8699951171875,1408.0
2022-10-18,1402.97998046875,1403.8399658203125,1392.25,1403.8800048828125
2022-10-19,1400.47998046875,1402.3499755859375,1395.2099609375,1399.0799560546875
2022-10-20,1397.8900146484375,1411.52001953125,1397.27001953125,1397.5400390625
2022-10-23,1407.8900146484375,1426.4200439453125,1407.8900146484375,1407.8800048828125
2022-10-24,1426.5,1428.010009765625,1412.3900146484375,1426.5
2022-10-25,1420.97998046875,1424.5400390625,1416.949951171875,1419.719970703125
2022-10-26,1425.050048828125,1431.300048828125,1411.8499755859375,1423.550048828125
2022-10-27,1416.75,1421.6600341796875,1412.260009765625,1415.5899658203125
2022-10-31,1415.52001953125,1419.0699462890625,1408.780029296875,1415.219970703125
2022-11-01,1407.8900146484375,1410.8199462890625,1397.3800048828125,1408.9100341796875
2022-11-02,1398.81005859375,1403.0,1397.06005859375,1397.7900390625
2022-11-03,1398.5899658203125,1399.68994140625,1387.31005859375,1398.0
2022-11-04,1387.6600341796875,1397.3399658203125,1380.6300048828125,1387.0899658203125
2022-11-07,1397.27001953125,1398.2900390625,1386.81005859375,1356.9287109375
2022-11-08,1394.550048828125,1395.780029296875,1374.260009765625,1394.3699951171875
2022-11-09,1383.81005859375,1387.949951171875,1365.949951171875,1384.31005859375
2022-11-10,1371.949951171875,1397.989990234375,1364.2900390625,1371.3800048828125
2022-11-11,1374.2900390625,1374.969970703125,1341.780029296875,1374.9599609375
2022-11-14,1359.1500244140625,1371.93994140625,1359.1500244140625,1359.1400146484375
2022-11-15,1364.9100341796875,1374.0999755859375,1357.06005859375,1364.9100341796875
2022-11-16,1361.6400146484375,1386.030029296875,1361.6099853515625,1362.31005859375
2022-11-17,1388.219970703125,1395.8699951171875,1381.0699462890625,1388.219970703125
2022-11-18,1389.47998046875,1391.199951171875,1380.1099853515625,1390.1500244140625
2022-11-21,1382.0,1394.4300537109375,1382.0,1382.4100341796875
2022-11-22,1392.199951171875,1393.9000244140625,1385.199951171875,1391.9100341796875
2022-11-23,1393.969970703125,1397.5699462890625,1387.27001953125,1392.77001953125
2022-11-24,1391.9300537109375,1393.0799560546875,1377.27001953125,1391.699951171875
2022-11-25,1379.77001953125,1393.0,1373.7900390625,1380.56005859375
2022-11-28,1387.0799560546875,1398.43994140625,1385.9300537109375,1387.530029296875
2022-11-29,1386.1199951171875,1386.4100341796875,1370.6400146484375,1386.4100341796875
2022-11-30,1366.8699951171875,1372.7900390625,1356.260009765625,1367.4599609375
2022-12-01,1354.6099853515625,1370.0400390625,1349.6400146484375,1355.3599853515625
2022-12-02,1371.25,1373.0,1350.8299560546875,1372.6700439453125
2022-12-05,1366.9599609375,1372.06005859375,1363.0,1367.6199951171875
2022-12-06,1368.719970703125,1388.4200439453125,1366.43994140625,1368.719970703125
2022-12-07,1381.5799560546875,1391.5,1373.030029296875,1379.9000244140625
2022-12-08,1381.219970703125,1389.6300048828125,1380.5,1380.5799560546875
2022-12-09,1389.2900390625,1389.2900390625,1366.72998046875,1388.8499755859375
2022-12-12,1372.1500244140625,1379.93994140625,1372.1500244140625,1371.81005859375
2022-12-13,1375.6500244140625,1393.3800048828125,1369.7099609375,1375.6500244140625
2022-12-14,1369.02001953125,1380.7900390625,1368.9000244140625,1369.02001953125
2022-12-15,1382.5400390625,1406.3900146484375,1382.5400390625,1382.5400390625
2022-12-16,1399.5,1399.5400390625,1384.010009765625,1399.5
2022-12-19,1384.9599609375,1386.4599609375,1375.8399658203125,1384.5899658203125
2022-12-20,1379.93994140625,1382.22998046875,1360.81005859375,1379.93994140625
2022-12-21,1365.800048828125,1367.9599609375,1358.010009765625,1362.81005859375
2022-12-22,1357.449951171875,1362.010009765625,1353.6199951171875,1356.3499755859375
2022-12-23,1367.699951171875,1368.31005859375,1354.530029296875,1367.699951171875
2022-12-26,1358.2099609375,1358.219970703125,1358.2099609375,1359.1300048828125
2022-12-27,1358.219970703125,1358.219970703125,1347.199951171875,1358.219970703125
2022-12-28,1352.31005859375,1353.6300048828125,1346.1400146484375,1352.31005859375
2022-12-29,1351.280029296875,1351.6199951171875,1343.5799560546875,1351.280029296875
2022-12-30,1343.4300537109375,1344.68994140625,1335.5999755859375,1343.4300537109375
2023-01-02,1349.2900390625,1361.0,1349.2900390625,1346.3499755859375
2023-01-03,1354.0799560546875,1361.3399658203125,1343.199951171875,1354.4000244140625
2023-01-04,1348.199951171875,1350.72998046875,1341.93994140625,1348.199951171875
2023-01-05,1347.260009765625,1349.949951171875,1341.06005859375,1347.1600341796875
2023-01-06,1339.510009765625,1339.530029296875,1326.6600341796875,1339.4200439453125
2023-01-09,1333.2900390625,1333.2900390625,1323.8699951171875,1332.8800048828125
2023-01-10,1330.0,1338.4300537109375,1326.22998046875,1328.9100341796875
2023-01-11,1331.989990234375,1342.550048828125,1329.4300537109375,1331.2900390625
2023-01-12,1336.0699462890625,1344.280029296875,1333.6500244140625,1335.4100341796875
2023-01-13,1343.8699951171875,1348.300048828125,1336.6700439453125,1343.3499755859375
2023-01-16,1312.2071533203125,1342.1199951171875,1312.2071533203125,1339.3499755859375
2023-01-17,1342.7099609375,1344.31005859375,1334.489990234375,1342.7099609375
2023-01-18,1332.510009765625,1341.6099853515625,1330.1700439453125,1333.3800048828125
2023-01-19,1334.780029296875,1339.699951171875,1328.5699462890625,1335.449951171875
2023-01-20,1333.7099609375,1338.8800048828125,1332.02001953125,1333.530029296875
2023-01-23,1334.050048828125,1340.27001953125,1332.969970703125,1334.8199462890625
2023-01-24,1335.2900390625,1343.18994140625,1334.739990234375,1335.9599609375
2023-01-25,1341.2099609375,1348.6700439453125,1338.6400146484375,1340.8399658203125
2023-01-26,1345.6500244140625,1345.6500244140625,1338.18994140625,1344.3399658203125
2023-01-27,1340.72998046875,1343.8900146484375,1333.6300048828125,1340.8199462890625
2023-01-30,1335.4300537109375,1338.56005859375,1330.1600341796875,1335.1800537109375
2023-01-31,1335.0699462890625,1340.6099853515625,1331.699951171875,1336.1600341796875
2023-02-01,1337.25,1340.199951171875,1334.5899658203125,1338.489990234375
2023-02-02,1344.469970703125,1346.4200439453125,1332.6500244140625,1344.469970703125
2023-02-03,1334.1500244140625,1348.6300048828125,1333.06005859375,1334.68994140625
2023-02-06,1345.56005859375,1355.760009765625,1345.56005859375,1344.1700439453125
2023-02-07,1351.4599609375,1352.6500244140625,1343.780029296875,1351.4599609375
2023-02-08,1345.5999755859375,1355.969970703125,1342.4000244140625,1345.72998046875
2023-02-09,1348.8599853515625,1356.0799560546875,1348.5400390625,1349.5799560546875
2023-02-10,1355.800048828125,1357.72998046875,1350.6600341796875,1357.1199951171875
2023-02-13,1352.31005859375,1366.0699462890625,1352.31005859375,1352.1300048828125
2023-02-14,1364.1199951171875,1366.1600341796875,1356.2900390625,1364.06005859375
2023-02-15,1365.8499755859375,1376.6800537109375,1364.5899658203125,1364.72998046875
2023-02-16,1372.050048828125,1379.7099609375,1369.22998046875,1371.280029296875
2023-02-17,1373.699951171875,1386.739990234375,1373.699951171875,1375.06005859375
2023-02-20,1384.4200439453125,1385.1099853515625,1382.3800048828125,1384.4200439453125
2023-02-21,1383.0899658203125,1391.1800537109375,1378.9300537109375,1384.1500244140625
2023-02-22,1389.47998046875,1390.81005859375,1380.77001953125,1389.47998046875
2023-02-23,1380.6500244140625,1384.2900390625,1370.7099609375,1379.8800048828125
2023-02-24,1373.989990234375,1387.72998046875,1373.1500244140625,1374.5699462890625
2023-02-27,1385.3599853515625,1397.550048828125,1385.3599853515625,1384.969970703125
2023-02-28,1397.050048828125,1405.3199462890625,1392.2099609375,1397.050048828125
2023-03-01,1396.81005859375,1398.5699462890625,1386.1600341796875,1398.3699951171875
2023-03-02,1393.739990234375,1398.3499755859375,1388.1300048828125,1391.5
2023-03-03,1386.5699462890625,1388.75,1377.8800048828125,1388.3199462890625
2023-03-06,1376.4300537109375,1386.6199951171875,1376.0799560546875,1376.030029296875
2023-03-07,1386.5899658203125,1391.3399658203125,1384.8399658203125,1384.72998046875
2023-03-08,1387.6300048828125,1392.760009765625,1383.800048828125,1389.25
2023-03-09,1387.6500244140625,1396.449951171875,1386.5400390625,1386.989990234375
2023-03-10,1401.3399658203125,1407.030029296875,1393.699951171875,1401.530029296875
2023-03-13,1368.52001953125,1399.010009765625,1368.52001953125,1403.010009765625
2023-03-14,1389.0400390625,1404.5699462890625,1388.52001953125,1389.0400390625
2023-03-15,1395.6199951171875,1402.3599853515625,1385.5899658203125,1395.3599853515625
2023-03-16,1387.260009765625,1392.800048828125,1382.1300048828125,1388.300048828125
2023-03-17,1381.06005859375,1391.6500244140625,1380.4000244140625,1379.3199462890625
2023-03-20,1394.699951171875,1401.260009765625,1393.550048828125,1394.93994140625
2023-03-21,1394.989990234375,1406.469970703125,1394.4599609375,1394.4599609375
2023-03-22,1402.27001953125,1409.949951171875,1402.27001953125,1402.27001953125
2023-03-23,1411.449951171875,1411.449951171875,1389.6700439453125,1407.22998046875
2023-03-24,1392.2900390625,1402.6300048828125,1389.719970703125,1389.449951171875
2023-03-26,1398.030029296875,1401.3900146484375,1396.9100341796875,1392.949951171875
2023-03-27,1398.1099853515625,1407.8800048828125,1398.1099853515625,1398.1099853515625
2023-03-28,1405.3199462890625,1412.8299560546875,1403.3800048828125,1404.93994140625
2023-03-29,1415.68994140625,1416.030029296875,1403.9599609375,1415.4000244140625
2023-03-30,1413.010009765625,1420.3599853515625,1405.3699951171875,1412.739990234375
2023-04-02,1419.8699951171875,1431.72998046875,1417.0,1415.27001953125
2023-04-03,1425.699951171875,1439.4000244140625,1421.5899658203125,1425.699951171875
2023-04-04,1434.5799560546875,1439.0,1431.219970703125,1434.780029296875
2023-04-05,1434.3699951171875,1439.1099853515625,1431.9300537109375,1433.1300048828125
2023-04-06,1438.9100341796875,1439.22998046875,1408.800048828125,1438.9100341796875
2023-04-09,1439.1199951171875,1439.1199951171875,1433.0,1439.1199951171875
2023-04-10,1439.0699462890625,1443.3499755859375,1435.3699951171875,1439.0699462890625
2023-04-11,1439.699951171875,1456.1800537109375,1439.5799560546875,1439.699951171875
2023-04-12,1453.449951171875,1457.0400390625,1437.260009765625,1452.7900390625
2023-04-13,1437.02001953125,1440.47998046875,1430.2099609375,1437.06005859375
2023-04-16,1433.43994140625,1443.18994140625,1433.0,1432.6600341796875
2023-04-17,1439.75,1445.050048828125,1438.3800048828125,1439.75
2023-04-18,1444.0799560546875,1459.8299560546875,1442.22998046875,1443.1400146484375
2023-04-19,1455.27001953125,1457.81005859375,1446.02001953125,1452.97998046875
2023-04-20,1450.75,1460.4100341796875,1447.9599609375,1448.47998046875
2023-04-23,1423.302978515625,1471.3699951171875,1423.302978515625,1459.530029296875
2023-04-24,1471.5799560546875,1476.68994140625,1468.6500244140625,1472.239990234375
2023-04-25,1471.02001953125,1482.81005859375,1464.77001953125,1468.52001953125
2023-04-26,1476.02001953125,1482.239990234375,1475.27001953125,1475.93994140625
2023-04-27,1475.030029296875,1477.1700439453125,1467.77001953125,1474.75
2023-04-30,1473.4300537109375,1473.4300537109375,1473.4300537109375,1472.6300048828125
2023-05-01,1473.4300537109375,1474.9599609375,1467.4599609375,1473.4300537109375
2023-05-02,1474.550048828125,1476.469970703125,1468.5899658203125,1474.3800048828125
2023-05-03,1475.5999755859375,1476.9000244140625,1455.6700439453125,1474.260009765625
2023-05-04,1454.4100341796875,1457.31005859375,1444.780029296875,1454.4100341796875
2023-05-07,1450.760009765625,1458.97998046875,1450.760009765625,1450.6800537109375
2023-05-08,1452.8299560546875,1457.02001953125,1448.77001953125,1452.97998046875
2023-05-09,1451.5,1453.5699462890625,1445.7099609375,1451.1199951171875
2023-05-10,1445.780029296875,1454.510009765625,1444.699951171875,1444.4100341796875
2023-05-11,1451.4000244140625,1458.8199462890625,1450.2099609375,1451.4100341796875
2023-05-14,1455.0699462890625,1455.219970703125,1448.8299560546875,1455.010009765625
2023-05-15,1450.8699951171875,1459.1099853515625,1449.4000244140625,1450.449951171875
2023-05-16,1456.4300537109375,1457.449951171875,1443.1800537109375,1456.550048828125
2023-05-17,1445.260009765625,1447.1500244140625,1437.050048828125,1443.47998046875
2023-05-18,1436.31005859375,1437.1600341796875,1427.3900146484375,1436.489990234375
2023-05-21,1430.25,1430.260009765625,1419.280029296875,1430.5799560546875
2023-05-22,1418.4200439453125,1422.43994140625,1414.0999755859375,1419.0899658203125
2023-05-23,1419.8699951171875,1421.989990234375,1416.52001953125,1418.4599609375
2023-05-24,1418.0999755859375,1425.719970703125,1415.1199951171875,1414.8599853515625
2023-05-25,1425.0400390625,1426.0699462890625,1417.719970703125,1424.760009765625
2023-05-28,1417.8199462890625,1419.1500244140625,1415.43994140625,1392.64599609375
2023-05-29,1416.9200439453125,1416.9200439453125,1411.8299560546875,1414.97998046875
2023-05-30,1415.260009765625,1417.8900146484375,1410.1700439453125,1414.6600341796875
2023-05-31,1412.280029296875,1414.8399658203125,1408.1400146484375,1409.5799560546875
2023-06-01,1411.6700439453125,1412.3599853515625,1396.949951171875,1409.9599609375
2023-06-04,1396.9300537109375,1397.8900146484375,1392.949951171875,1396.75
2023-06-05,1392.239990234375,1394.3399658203125,1386.3699951171875,1392.1199951171875
2023-06-06,1389.1099853515625,1396.27001953125,1386.8800048828125,1388.449951171875
2023-06-07,1399.5400390625,1400.0799560546875,1392.780029296875,1396.6400146484375
2023-06-08,1396.5899658203125,1397.9100341796875,1384.030029296875,1396.1099853515625
2023-06-11,1382.6199951171875,1385.489990234375,1380.530029296875,1382.3199462890625
2023-06-12,1381.510009765625,1382.0999755859375,1366.68994140625,1378.760009765625
2023-06-13,1368.2900390625,1381.72998046875,1367.550048828125,1365.1800537109375
2023-06-14,1380.97998046875,1392.5400390625,1379.1199951171875,1377.550048828125
2023-06-15,1388.8699951171875,1397.1300048828125,1388.8699951171875,1387.3399658203125
2023-06-18,1395.0899658203125,1400.550048828125,1395.0899658203125,1395.219970703125
2023-06-19,1399.93994140625,1408.300048828125,1395.0,1398.0
2023-06-20,1403.5,1415.4000244140625,1403.5,1403.81005859375
2023-06-21,1415.0699462890625,1427.2099609375,1412.760009765625,1412.77001953125
2023-06-22,1421.6099853515625,1425.739990234375,1417.8199462890625,1419.0999755859375
2023-06-25,1423.9300537109375,1425.31005859375,1421.489990234375,1424.18994140625
2023-06-26,1423.0699462890625,1425.27001953125,1416.300048828125,1420.7900390625
2023-06-27,1420.18994140625,1434.5999755859375,1420.18994140625,1421.22998046875
2023-06-28,1428.8399658203125,1437.489990234375,1423.6800537109375,1427.6199951171875
2023-06-29,1434.3699951171875,1438.4200439453125,1429.81005859375,1434.3199462890625
2023-07-02,1434.8499755859375,1434.8499755859375,1418.8900146484375,1434.8499755859375
2023-07-03,1424.1099853515625,1424.5999755859375,1408.81005859375,1422.2900390625
2023-07-04,1409.469970703125,1418.8299560546875,1409.469970703125,1407.6400146484375
2023-07-05,1414.0899658203125,1427.02001953125,1409.4000244140625,1413.510009765625
2023-07-06,1424.6199951171875,1424.6199951171875,1415.0,1423.510009765625
2023-07-09,1422.6800537109375,1431.2099609375,1422.6800537109375,1422.6800537109375
2023-07-10,1429.0999755859375,1429.5400390625,1419.1099853515625,1427.8399658203125
2023-07-11,1421.75,1426.5999755859375,1414.3499755859375,1419.030029296875
2023-07-12,1418.97998046875,1423.949951171875,1412.3699951171875,1416.0799560546875
2023-07-13,1420.8199462890625,1424.68994140625,1414.989990234375,1420.27001953125
2023-07-16,1423.800048828125,1423.800048828125,1418.0799560546875,1423.469970703125
2023-07-17,1420.8699951171875,1421.699951171875,1413.699951171875,1420.199951171875
2023-07-18,1419.1600341796875,1422.6700439453125,1414.949951171875,1418.2900390625
2023-07-19,1418.219970703125,1426.68994140625,1415.1500244140625,1416.6500244140625
2023-07-20,1422.5400390625,1432.550048828125,1420.3399658203125,1420.1300048828125
2023-07-23,1429.8900146484375,1429.8900146484375,1396.738037109375,1429.8900146484375
2023-07-24,1415.47998046875,1420.4300537109375,1406.9100341796875,1412.9599609375
2023-07-25,1409.260009765625,1414.219970703125,1406.050048828125,1407.239990234375
2023-07-26,1407.5799560546875,1425.8499755859375,1404.22998046875,1408.739990234375
2023-07-27,1408.219970703125,1409.030029296875,1397.1099853515625,1406.56005859375
2023-07-30,1368.7989501953125,1409.968994140625,1368.7989501953125,1368.7989501953125
2023-07-31,1404.260009765625,1415.280029296875,1401.5699462890625,1404.3599853515625
2023-08-01,1415.989990234375,1425.5699462890625,1415.1400146484375,1416.43994140625
2023-08-02,1420.4200439453125,1422.6199951171875,1415.77001953125,1418.489990234375
2023-08-03,1419.06005859375,1436.47998046875,1419.06005859375,1421.489990234375
2023-08-06,1402.9620361328125,1438.43994140625,1402.9620361328125,1402.9620361328125
2023-08-07,1436.260009765625,1448.0699462890625,1434.719970703125,1437.699951171875
2023-08-08,1442.4200439453125,1447.02001953125,1437.969970703125,1442.5799560546875
2023-08-09,1443.0899658203125,1447.530029296875,1441.3199462890625,1441.0400390625
2023-08-10,1447.97998046875,1457.9200439453125,1446.02001953125,1443.18994140625
2023-08-13,1423.823974609375,1460.0799560546875,1423.823974609375,1423.823974609375
2023-08-14,1458.3199462890625,1461.1600341796875,1453.6600341796875,1458.4100341796875
2023-08-15,1453.8800048828125,1461.2099609375,1453.8800048828125,1453.8800048828125
2023-08-16,1458.75,1458.77001953125,1454.260009765625,1458.75
2023-08-17,1455.2900390625,1456.5899658203125,1454.0,1455.2900390625
2023-08-20,1426.029052734375,1467.198974609375,1426.029052734375,1454.780029296875
2023-08-21,1459.0999755859375,1460.97998046875,1450.1500244140625,1459.8399658203125
2023-08-22,1451.0999755859375,1453.22998046875,1443.3199462890625,1452.6800537109375
2023-08-23,1443.3699951171875,1443.3699951171875,1430.4599609375,1442.0999755859375
2023-08-24,1432.1700439453125,1432.969970703125,1424.8699951171875,1431.6199951171875
2023-08-27,1396.6190185546875,1434.3299560546875,1396.6190185546875,1432.5
2023-08-28,1429.9300537109375,1434.3800048828125,1427.3499755859375,1431.27001953125
2023-08-29,1433.0400390625,1444.1600341796875,1432.4000244140625,1435.5400390625
2023-08-30,1444.5699462890625,1445.5999755859375,1433.8299560546875,1444.8499755859375
2023-08-31,1433.800048828125,1434.6700439453125,1423.5,1441.260009765625
2023-09-03,1400.14599609375,1424.219970703125,1400.14599609375,1400.14599609375
2023-09-04,1423.989990234375,1433.52001953125,1422.199951171875,1428.4000244140625
2023-09-05,1427.1700439453125,1431.8699951171875,1424.9200439453125,1428.56005859375
2023-09-06,1430.1199951171875,1432.0,1426.4000244140625,1430.1199951171875
2023-09-07,1427.2099609375,1430.050048828125,1424.9000244140625,1427.8299560546875
2023-09-10,1398.5810546875,1427.06005859375,1398.5810546875,1398.5810546875
2023-09-11,1423.449951171875,1425.1800537109375,1420.2099609375,1422.75
2023-09-12,1424.6600341796875,1428.0,1421.72998046875,1424.9200439453125
2023-09-13,1423.77001953125,1424.760009765625,1413.1199951171875,1424.050048828125
2023-09-14,1413.699951171875,1416.47998046875,1410.1099853515625,1413.699951171875
2023-09-17,1384.447021484375,1414.72998046875,1384.447021484375,1413.0400390625
2023-09-18,1413.4000244140625,1418.97998046875,1410.0,1422.3399658203125
2023-09-19,1416.6400146484375,1420.97998046875,1416.050048828125,1416.4000244140625
2023-09-20,1419.3499755859375,1430.489990234375,1419.0,1419.31005859375
2023-09-21,1426.9300537109375,1428.010009765625,1416.25,1426.9000244140625
2023-09-24,1391.906982421875,1422.52001953125,1391.906982421875,1420.0699462890625
2023-09-25,1399.3499755859375,1430.81005859375,1399.3499755859375,1393.93994140625
2023-09-26,1430.52001953125,1430.52001953125,1422.050048828125,1429.3599853515625
2023-09-27,1419.3599853515625,1427.760009765625,1418.4300537109375,1423.739990234375
2023-09-28,1423.56005859375,1427.510009765625,1421.1099853515625,1428.47998046875
2023-10-01,1395.1800537109375,1436.3499755859375,1395.1800537109375,1395.1800537109375
2023-10-02,1425.3699951171875,1432.699951171875,1420.8800048828125,1420.7900390625
2023-10-03,1421.0899658203125,1424.6300048828125,1419.5699462890625,1425.3800048828125
2023-10-04,1419.7099609375,1424.0,1414.300048828125,1408.3800048828125
2023-10-05,1418.4100341796875,1423.449951171875,1417.3199462890625,1414.22998046875
2023-10-08,1392.1400146484375,1433.31005859375,1392.1400146484375,1423.31005859375
2023-10-09,1426.6099853515625,1428.22998046875,1420.2099609375,1426.6099853515625
2023-10-10,1422.56005859375,1424.0,1417.02001953125,1426.1300048828125
2023-10-11,1420.6400146484375,1425.31005859375,1416.0799560546875,1421.3199462890625
2023-10-12,1419.9300537109375,1423.5,1418.010009765625,1417.47998046875
2023-10-15,1393.991943359375,1427.6400146484375,1393.991943359375,1420.489990234375
2023-10-16,1421.8599853515625,1433.1199951171875,1421.8599853515625,1421.8599853515625
2023-10-17,1429.6300048828125,1430.5899658203125,1424.6700439453125,1429.6300048828125
2023-10-18,1426.8900146484375,1435.510009765625,1426.25,1425.510009765625
2023-10-19,1434.9100341796875,1436.4100341796875,1424.18994140625,1436.239990234375
2023-10-22,1399.2669677734375,1434.06005859375,1399.2669677734375,1429.5799560546875
2023-10-23,1432.030029296875,1435.22998046875,1423.1400146484375,1424.8699951171875
2023-10-24,1413.4200439453125,1429.969970703125,1412.780029296875,1413.4200439453125
2023-10-25,1428.3399658203125,1432.4000244140625,1427.43994140625,1427.4300537109375
2023-10-26,1427.8900146484375,1433.97998046875,1423.030029296875,1423.510009765625
2023-10-30,1401.136962890625,1431.3299560546875,1401.136962890625,1401.136962890625
2023-10-31,1428.989990234375,1438.6600341796875,1426.8499755859375,1430.47998046875
2023-11-01,1429.9599609375,1434.2099609375,1425.050048828125,1429.9599609375
2023-11-02,1425.52001953125,1425.52001953125,1413.1700439453125,1424.219970703125
2023-11-03,1414.68994140625,1417.3800048828125,1396.5799560546875,1415.239990234375
2023-11-06,1373.8270263671875,1403.0,1373.8270263671875,1403.8900146484375
2023-11-07,1391.9200439453125,1402.300048828125,1391.9200439453125,1390.9300537109375
2023-11-08,1395.1099853515625,1402.5799560546875,1388.3699951171875,1395.1099853515625
2023-11-09,1399.6500244140625,1404.0699462890625,1394.739990234375,1400.22998046875
2023-11-10,1404.1700439453125,1410.6700439453125,1401.719970703125,1403.5400390625
2023-11-13,1376.970947265625,1418.1409912109375,1376.970947265625,1376.970947265625
2023-11-14,1411.1199951171875,1422.77001953125,1410.6300048828125,1414.219970703125
2023-11-15,1418.5799560546875,1420.8900146484375,1406.8800048828125,1421.530029296875
2023-11-16,1413.4300537109375,1417.52001953125,1396.5400390625,1413.93994140625
2023-11-17,1402.219970703125,1409.260009765625,1399.18994140625,1402.8900146484375
2023-11-20,1379.0250244140625,1413.43994140625,1379.0250244140625,1379.0250244140625
2023-11-21,1408.219970703125,1414.68994140625,1405.0999755859375,1408.219970703125
2023-11-22,1412.22998046875,1421.93994140625,1409.050048828125,1412.219970703125
2023-11-23,1416.5899658203125,1419.3800048828125,1410.9000244140625,1411.3199462890625
2023-11-24,1415.72998046875,1425.8499755859375,1413.699951171875,1415.1300048828125
2023-11-27,1395.6300048828125,1427.5,1395.6300048828125,1425.75
2023-11-28,1421.239990234375,1421.239990234375,1412.9100341796875,1428.0
2023-11-29,1437.780029296875,1437.780029296875,1412.6700439453125,1416.3599853515625
2023-11-30,1416.0400390625,1419.4599609375,1413.199951171875,1416.0400390625
2023-12-01,1415.2099609375,1423.9000244140625,1409.6600341796875,1415.2099609375
2023-12-04,1391.9200439453125,1418.050048828125,1391.9200439453125,1391.9200439453125
2023-12-05,1418.6600341796875,1424.9000244140625,1417.4200439453125,1416.8900146484375
2023-12-06,1416.5999755859375,1418.7900390625,1413.7900390625,1416.5999755859375
2023-12-07,1416.02001953125,1426.8800048828125,1411.550048828125,1420.3900146484375
2023-12-08,1415.7900390625,1418.0699462890625,1405.3199462890625,1416.3800048828125
2023-12-11,1381.0699462890625,1422.239990234375,1381.0699462890625,1381.0699462890625
2023-12-12,1416.0699462890625,1419.4100341796875,1411.3399658203125,1416.0699462890625
2023-12-13,1414.3299560546875,1423.25,1414.3299560546875,1414.3299560546875
2023-12-14,1407.6800537109375,1417.969970703125,1406.22998046875,1408.989990234375
2023-12-15,1421.0899658203125,1423.489990234375,1414.3399658203125,1420.969970703125
2023-12-18,1388.125,1423.199951171875,1388.125,1388.125
2023-12-19,1428.02001953125,1431.449951171875,1418.72998046875,1428.02001953125
2023-12-20,1427.8900146484375,1428.6400146484375,1421.5,1427.8900146484375
2023-12-21,1426.0799560546875,1432.3499755859375,1423.25,1426.0799560546875
2023-12-22,1425.97998046875,1432.1700439453125,1425.97998046875,1429.5
2023-12-25,1429.1700439453125,1429.1800537109375,1429.1700439453125,1401.4599609375
2023-12-26,1429.1700439453125,1429.1800537109375,1429.1700439453125,1429.1700439453125
2023-12-27,1429.1700439453125,1436.8299560546875,1426.3599853515625,1429.1700439453125
2023-12-28,1434.5,1434.760009765625,1423.77001953125,1433.010009765625
2023-12-29,1422.9200439453125,1441.239990234375,1421.6600341796875,1425.449951171875
2024-01-01,1400.18701171875,1400.18701171875,1400.18701171875,1431.77001953125
2024-01-02,1400.18701171875,1444.239990234375,1400.18701171875,1400.18701171875
2024-01-03,1433.3399658203125,1435.56005859375,1428.18994140625,1433.3399658203125
2024-01-04,1429.219970703125,1438.5899658203125,1425.969970703125,1429.1199951171875
2024-01-05,1434.510009765625,1439.97998046875,1433.77001953125,1437.31005859375
2024-01-08,1403.0479736328125,1444.1600341796875,1403.0479736328125,1403.0479736328125
2024-01-09,1439.449951171875,1444.3399658203125,1433.3800048828125,1438.5799560546875
2024-01-10,1440.93994140625,1445.8599853515625,1438.8399658203125,1442.800048828125
2024-01-11,1446.3299560546875,1447.489990234375,1440.3399658203125,1445.510009765625
2024-01-12,1440.4599609375,1443.9100341796875,1432.280029296875,1440.4599609375
2024-01-15,1411.0179443359375,1446.4200439453125,1411.0179443359375,1436.949951171875
2024-01-16,1444.6500244140625,1455.56005859375,1444.56005859375,1444.18994140625
2024-01-17,1452.4100341796875,1463.800048828125,1452.4100341796875,1452.4100341796875
2024-01-18,1462.0699462890625,1464.5899658203125,1451.530029296875,1462.25
2024-01-19,1458.6199951171875,1458.6199951171875,1447.800048828125,1454.68994140625
2024-01-22,1424.2550048828125,1465.425048828125,1424.2550048828125,1424.2550048828125
2024-01-23,1456.3800048828125,1457.3800048828125,1447.8599853515625,1456.3800048828125
2024-01-24,1451.06005859375,1453.9100341796875,1447.239990234375,1452.72998046875
2024-01-25,1451.4599609375,1458.8599853515625,1444.489990234375,1449.469970703125
2024-01-26,1450.1199951171875,1451.02001953125,1444.5,1447.4200439453125
2024-01-29,1421.8499755859375,1447.1400146484375,1421.8499755859375,1449.6400146484375
2024-01-30,1442.68994140625,1442.9599609375,1435.0400390625,1442.3599853515625
2024-01-31,1442.5799560546875,1446.6500244140625,1439.8900146484375,1439.75
2024-02-01,1441.3399658203125,1444.050048828125,1436.81005859375,1440.699951171875
2024-02-02,1443.0999755859375,1443.2099609375,1435.6600341796875,1444.72998046875
2024-02-05,1409.2919921875,1436.8399658203125,1409.2919921875,1409.2919921875
2024-02-06,1432.5699462890625,1432.5699462890625,1423.6700439453125,1431.18994140625
2024-02-07,1429.93994140625,1429.93994140625,1422.1300048828125,1429.93994140625
2024-02-08,1429.989990234375,1433.18994140625,1427.1099853515625,1431.1800537109375
2024-02-09,1433.9300537109375,1436.239990234375,1430.4599609375,1433.9300537109375
2024-02-12,1405.27001953125,1435.469970703125,1405.27001953125,1432.780029296875
2024-02-13,1430.0799560546875,1435.1800537109375,1426.449951171875,1430.0799560546875
2024-02-14,1433.8699951171875,1434.219970703125,1425.43994140625,1434.8699951171875
2024-02-15,1428.3499755859375,1432.760009765625,1426.97998046875,1426.239990234375
2024-02-16,1431.3199462890625,1436.1099853515625,1430.1800537109375,1431.1199951171875
2024-02-19,1407.2569580078125,1448.427001953125,1407.2569580078125,1434.56005859375
2024-02-20,1436.6300048828125,1442.2099609375,1435.3900146484375,1436.6300048828125
2024-02-21,1440.4000244140625,1443.6199951171875,1438.9599609375,1440.4000244140625
2024-02-22,1440.68994140625,1441.9100341796875,1434.239990234375,1442.5400390625
2024-02-23,1435.4100341796875,1441.760009765625,1435.010009765625,1434.22998046875
2024-02-26,1409.7249755859375,1450.89501953125,1409.7249755859375,1438.81005859375
2024-02-27,1443.780029296875,1444.280029296875,1441.6400146484375,1443.719970703125
2024-02-28,1444.0400390625,1447.2900390625,1441.780029296875,1444.5999755859375
2024-02-29,1445.8299560546875,1447.6700439453125,1440.6300048828125,1446.1300048828125
2024-03-01,1441.0,1444.530029296875,1440.6700439453125,1441.0
2024-03-04,1413.3900146484375,1445.6300048828125,1413.3900146484375,1443.0799560546875
2024-03-05,1445.1500244140625,1450.4000244140625,1443.280029296875,1445.1500244140625
2024-03-06,1448.3800048828125,1450.5699462890625,1447.3900146484375,1448.3800048828125
2024-03-07,1449.1600341796875,1450.31005859375,1440.260009765625,1448.6300048828125
2024-03-08,1448.1500244140625,1450.6500244140625,1436.4200439453125,1448.8399658203125
2024-03-11,1410.2049560546875,1433.4300537109375,1410.2049560546875,1439.8800048828125
2024-03-12,1431.4100341796875,1434.93994140625,1429.050048828125,1431.4100341796875
2024-03-13,1432.6400146484375,1439.27001953125,1429.8299560546875,1429.52001953125
2024-03-14,1437.5699462890625,1441.2099609375,1437.22998046875,1437.5699462890625
2024-03-15,1440.1600341796875,1448.9599609375,1439.0,1439.0799560546875
2024-03-18,1418.593994140625,1459.7640380859375,1418.593994140625,1418.593994140625
2024-03-19,1451.989990234375,1455.5699462890625,1450.300048828125,1451.989990234375
2024-03-20,1451.77001953125,1455.489990234375,1451.219970703125,1451.77001953125
2024-03-21,1450.989990234375,1453.93994140625,1443.9300537109375,1452.1600341796875
2024-03-22,1446.1199951171875,1455.5699462890625,1444.1099853515625,1446.43994140625
2024-03-25,1418.6739501953125,1459.843994140625,1418.6739501953125,1451.989990234375
2024-03-26,1451.0699462890625,1456.719970703125,1446.449951171875,1451.0699462890625
2024-03-27,1454.3599853515625,1463.4200439453125,1452.0999755859375,1451.510009765625
2024-03-28,1459.469970703125,1461.6099853515625,1452.3800048828125,1461.0699462890625
2024-03-29,1454.52001953125,1454.6400146484375,1424.626953125,1454.52001953125
2024-03-31,1424.626953125,1424.626953125,1424.626953125,1454.6300048828125
2024-04-01,1424.626953125,1454.68994140625,1424.626953125,1424.626953125
2024-04-02,1455.02001953125,1458.760009765625,1450.0999755859375,1455.02001953125
2024-04-03,1456.0699462890625,1462.199951171875,1455.0999755859375,1458.1400146484375
2024-04-04,1464.43994140625,1465.7099609375,1460.9200439453125,1463.6400146484375
2024-04-07,1435.4329833984375,1468.4200439453125,1435.4329833984375,1435.4329833984375
2024-04-08,1465.489990234375,1470.8699951171875,1463.5400390625,1466.8299560546875
2024-04-09,1468.2099609375,1468.9200439453125,1460.699951171875,1468.9200439453125
2024-04-10,1463.780029296875,1470.1500244140625,1462.31005859375,1463.7900390625
2024-04-11,1467.2900390625,1472.7900390625,1465.8399658203125,1467.2900390625
2024-04-14,1440.9110107421875,1482.0810546875,1440.9110107421875,1467.2900390625
2024-04-15,1474.949951171875,1483.9599609375,1473.1600341796875,1474.949951171875
2024-04-16,1474.300048828125,1475.5899658203125,1468.02001953125,1477.3699951171875
2024-04-17,1469.1199951171875,1471.949951171875,1463.030029296875,1468.5
2024-04-18,1466.9200439453125,1476.989990234375,1465.5999755859375,1465.300048828125
2024-04-21,1439.1199951171875,1470.31005859375,1439.1199951171875,1439.1199951171875
2024-04-22,1461.9100341796875,1471.1199951171875,1461.9100341796875,1464.22998046875
2024-04-23,1468.550048828125,1470.8399658203125,1463.4599609375,1468.550048828125
2024-04-24,1470.4599609375,1474.8299560546875,1469.9000244140625,1470.4599609375
2024-04-25,1472.280029296875,1477.969970703125,1467.8599853515625,1471.3800048828125
2024-04-28,1446.0489501953125,1487.218994140625,1446.0489501953125,1470.550048828125
2024-04-29,1472.5400390625,1481.8399658203125,1471.0999755859375,1472.5400390625
2024-04-30,1477.3800048828125,1477.3800048828125,1450.6400146484375,1477.3800048828125
2024-05-01,1477.010009765625,1479.0,1450.6400146484375,1477.010009765625
2024-05-02,1465.719970703125,1468.2099609375,1455.030029296875,1465.4200439453125
2024-05-05,1432.93994140625,1463.1400146484375,1432.93994140625,1432.93994140625
2024-05-06,1460.4000244140625,1462.969970703125,1457.7900390625,1460.4000244140625
2024-05-07,1461.02001953125,1466.6400146484375,1461.02001953125,1461.02001953125
2024-05-08,1465.699951171875,1471.1400146484375,1465.27001953125,1465.3699951171875
2024-05-09,1470.6199951171875,1474.77001953125,1469.81005859375,1469.8699951171875
2024-05-12,1443.3599853515625,1475.06005859375,1443.3599853515625,1443.3599853515625
2024-05-13,1473.780029296875,1476.8800048828125,1473.739990234375,1473.780029296875
2024-05-14,1475.6400146484375,1475.969970703125,1466.800048828125,1475.6400146484375
2024-05-15,1470.989990234375,1472.93994140625,1459.0799560546875,1473.5999755859375
2024-05-16,1465.2099609375,1473.5899658203125,1465.199951171875,1465.2099609375
2024-05-19,1441.259033203125,1482.428955078125,1441.259033203125,1441.259033203125
2024-05-20,1476.9200439453125,1482.239990234375,1476.3800048828125,1476.9200439453125
2024-05-21,1479.280029296875,1481.02001953125,1475.8199462890625,1479.280029296875
2024-05-22,1478.8900146484375,1479.0,1472.3800048828125,1476.18994140625
2024-05-23,1479.4000244140625,1482.760009765625,1478.3900146484375,1475.989990234375
2024-05-26,1451.9425048828125,1479.3699951171875,1451.9425048828125,1451.9425048828125
2024-05-27,1476.489990234375,1479.760009765625,1473.1400146484375,1476.469970703125
2024-05-28,1477.8800048828125,1483.3399658203125,1477.7099609375,1478.6600341796875
2024-05-29,1478.6700439453125,1490.510009765625,1472.77001953125,1478.1199951171875
2024-05-30,1490.7099609375,1502.199951171875,1489.219970703125,1489.31005859375
2024-06-02,1468.4444580078125,1494.1700439453125,1468.4444580078125,1499.3399658203125
2024-06-03,1495.699951171875,1499.8599853515625,1492.7099609375,1494.4000244140625
2024-06-04,1494.0699462890625,1495.3399658203125,1487.0999755859375,1494.0699462890625
2024-06-05,1488.969970703125,1489.3499755859375,1483.3299560546875,1488.969970703125
2024-06-06,1487.1500244140625,1491.5400390625,1484.1199951171875,1486.6300048828125
2024-06-09,1455.941650390625,1479.719970703125,1455.941650390625,1489.260009765625
2024-06-10,1478.300048828125,1483.219970703125,1477.030029296875,1478.300048828125
2024-06-11,1478.8199462890625,1481.3900146484375,1475.8699951171875,1480.0
2024-06-12,1478.8800048828125,1484.969970703125,1475.8599853515625,1480.3199462890625
2024-06-13,1476.97998046875,1481.3199462890625,1475.75,1476.97998046875
2024-06-16,1449.8455810546875,1482.4000244140625,1449.8455810546875,1449.8455810546875
2024-06-17,1481.3299560546875,1484.0,1478.2900390625,1481.3299560546875
2024-06-18,1482.7900390625,1484.93994140625,1478.8399658203125,1482.27001953125
2024-06-19,1484.5799560546875,1489.8800048828125,1483.3399658203125,1483.8599853515625
2024-06-20,1489.27001953125,1490.1300048828125,1482.18994140625,1491.56005859375
2024-06-23,1453.3131103515625,1488.969970703125,1453.3131103515625,1453.3131103515625
2024-06-24,1487.1300048828125,1490.699951171875,1484.8599853515625,1487.1300048828125
2024-06-25,1488.47998046875,1489.3199462890625,1483.010009765625,1487.6300048828125
2024-06-26,1488.02001953125,1488.5400390625,1480.1600341796875,1488.3399658203125
2024-06-27,1482.949951171875,1483.469970703125,1469.699951171875,1484.1700439453125
2024-06-30,1445.254150390625,1486.4300537109375,1445.254150390625,1477.8900146484375
2024-07-01,1485.0899658203125,1490.3399658203125,1483.949951171875,1483.93994140625
2024-07-02,1487.199951171875,1496.4599609375,1487.199951171875,1487.199951171875
2024-07-03,1495.1099853515625,1495.1099853515625,1487.5999755859375,1496.030029296875
2024-07-04,1491.780029296875,1495.550048828125,1488.1199951171875,1491.780029296875
2024-07-07,1465.1600341796875,1499.93994140625,1465.1600341796875,1465.1600341796875
2024-07-08,1494.6400146484375,1498.18994140625,1492.8499755859375,1494.6400146484375
2024-07-09,1497.1300048828125,1498.77001953125,1494.6199951171875,1498.3599853515625
2024-07-10,1497.6099853515625,1498.0,1488.6199951171875,1500.300048828125
2024-07-11,1488.7099609375,1498.6800537109375,1488.7099609375,1488.260009765625
2024-07-14,1469.267333984375,1510.437255859375,1469.267333984375,1469.267333984375
2024-07-15,1506.68994140625,1509.760009765625,1504.75,1507.6099853515625
2024-07-16,1506.31005859375,1508.81005859375,1502.7900390625,1506.31005859375
2024-07-17,1506.3699951171875,1510.4300537109375,1504.800048828125,1510.6300048828125
2024-07-18,1509.1600341796875,1511.47998046875,1506.3800048828125,1508.6800537109375
2024-07-21,1478.938232421875,1510.8299560546875,1478.938232421875,1478.938232421875
2024-07-22,1508.1099853515625,1511.3199462890625,1501.9300537109375,1508.1099853515625
2024-07-23,1502.6099853515625,1503.97998046875,1495.739990234375,1502.6099853515625
2024-07-24,1497.989990234375,1503.050048828125,1495.1600341796875,1497.989990234375
2024-07-25,1499.489990234375,1504.06005859375,1498.5899658203125,1498.5899658203125
2024-07-28,1500.7900390625,1500.7900390625,1492.5999755859375,1500.7900390625
2024-07-29,1494.469970703125,1498.5899658203125,1493.6099853515625,1493.6500244140625
2024-07-30,1495.260009765625,1495.5899658203125,1480.5999755859375,1495.260009765625
2024-07-31,1479.52001953125,1481.1199951171875,1471.449951171875,1481.1099853515625
2024-08-01,1478.81005859375,1485.0799560546875,1474.22998046875,1475.5400390625
2024-08-04,1449.8055419921875,1500.8499755859375,1449.8055419921875,1481.02001953125
2024-08-05,1498.8299560546875,1504.739990234375,1496.8199462890625,1493.77001953125
2024-08-06,1502.489990234375,1502.9200439453125,1498.1500244140625,1493.199951171875
2024-08-07,1504.489990234375,1505.489990234375,1498.8800048828125,1500.8599853515625
2024-08-08,1501.1199951171875,1501.1199951171875,1485.1800537109375,1499.0799560546875
2024-08-11,1462.300048828125,1503.469970703125,1462.300048828125,1489.1800537109375
2024-08-12,1496.719970703125,1498.699951171875,1494.52001953125,1496.719970703125
2024-08-13,1497.989990234375,1498.719970703125,1490.4200439453125,1497.449951171875
2024-08-14,1496.300048828125,1498.9200439453125,1489.72998046875,1497.1700439453125
2024-08-15,1498.1099853515625,1498.489990234375,1487.5999755859375,1498.1099853515625
2024-08-18,1462.1763916015625,1475.9200439453125,1462.1763916015625,1487.219970703125
2024-08-19,1477.1099853515625,1479.7900390625,1465.9000244140625,1477.1199951171875
2024-08-20,1476.739990234375,1488.4000244140625,1475.3800048828125,1478.0699462890625
2024-08-21,1487.300048828125,1491.0899658203125,1483.719970703125,1488.4599609375
2024-08-22,1488.8699951171875,1490.9300537109375,1480.5,1483.93994140625
2024-08-25,1459.5999755859375,1482.6600341796875,1459.5999755859375,1459.5999755859375
2024-08-26,1472.760009765625,1489.0999755859375,1472.760009765625,1472.760009765625
2024-08-27,1486.06005859375,1492.22998046875,1482.3299560546875,1486.06005859375
2024-08-28,1487.0400390625,1487.530029296875,1471.6099853515625,1485.68994140625
2024-08-29,1476.6500244140625,1478.5899658203125,1475.0899658203125,1476.06005859375
2024-09-01,1448.219970703125,1481.2900390625,1448.219970703125,1476.6700439453125
2024-09-02,1479.719970703125,1485.2099609375,1478.050048828125,1479.719970703125
2024-09-03,1478.7099609375,1483.199951171875,1476.81005859375,1478.7099609375
2024-09-04,1478.31005859375,1482.0,1474.47998046875,1475.5
2024-09-05,1481.1700439453125,1481.1700439453125,1473.030029296875,1480.02001953125
2024-09-08,1445.93994140625,1487.5999755859375,1445.93994140625,1482.3199462890625
2024-09-09,1482.1700439453125,1483.219970703125,1477.93994140625,1482.1700439453125
2024-09-10,1480.0899658203125,1480.0899658203125,1474.1500244140625,1479.6300048828125
2024-09-11,1473.5799560546875,1480.280029296875,1472.300048828125,1473.8699951171875
2024-09-12,1478.510009765625,1479.5899658203125,1468.6600341796875,1480.1400146484375
2024-09-15,1471.8299560546875,1471.8399658203125,1461.3399658203125,1442.4599609375
2024-09-16,1468.239990234375,1471.75,1460.8800048828125,1475.5899658203125
2024-09-17,1471.81005859375,1475.8800048828125,1468.969970703125,1471.050048828125
2024-09-18,1471.739990234375,1484.3299560546875,1471.739990234375,1469.469970703125
2024-09-19,1481.1600341796875,1490.969970703125,1479.6800537109375,1481.5699462890625
2024-09-22,1455.529052734375,1490.030029296875,1455.529052734375,1485.510009765625
2024-09-23,1481.0,1487.3199462890625,1479.4000244140625,1484.260009765625
2024-09-24,1480.6700439453125,1489.780029296875,1480.530029296875,1480.6700439453125
2024-09-25,1484.02001953125,1484.02001953125,1468.8499755859375,1485.6099853515625
2024-09-26,1470.4100341796875,1473.9599609375,1459.0699462890625,1467.18994140625
2024-09-29,1434.839599609375,1468.25,1434.839599609375,1461.1199951171875
2024-09-30,1465.0999755859375,1472.56005859375,1460.199951171875,1465.0799560546875
2024-10-01,1465.3599853515625,1465.3599853515625,1456.199951171875,1465.4100341796875
2024-10-02,1462.1400146484375,1473.9100341796875,1460.4100341796875,1462.1500244140625
2024-10-03,1469.5400390625,1480.489990234375,1467.6800537109375,1468.6199951171875
2024-10-06,1442.1044921875,1478.5699462890625,1442.1044921875,1476.8199462890625
2024-10-07,1478.4000244140625,1481.4599609375,1474.5799560546875,1478.4000244140625
2024-10-08,1470.760009765625,1474.8199462890625,1468.6099853515625,1471.739990234375
2024-10-09,1473.3499755859375,1478.3499755859375,1472.5899658203125,1472.280029296875
2024-10-10,1475.0400390625,1478.2900390625,1470.989990234375,1474.5
2024-10-13,1445.79833984375,1484.0799560546875,1445.79833984375,1474.3800048828125
2024-10-14,1478.6400146484375,1486.800048828125,1477.81005859375,1478.719970703125
2024-10-15,1482.9000244140625,1485.969970703125,1478.9200439453125,1482.3900146484375
2024-10-16,1481.5999755859375,1488.3599853515625,1479.800048828125,1480.969970703125
2024-10-17,1483.3399658203125,1487.0,1482.7099609375,1485.3800048828125
2024-10-20,1456.25,1494.760009765625,1456.25,1456.25
2024-10-21,1490.6600341796875,1494.8499755859375,1487.7099609375,1490.6600341796875
2024-10-22,1488.469970703125,1494.219970703125,1487.4599609375,1488.469970703125
2024-10-23,1487.1199951171875,1491.1600341796875,1485.4200439453125,1487.1199951171875
2024-10-24,1490.9599609375,1504.8699951171875,1490.9599609375,1491.9200439453125
2024-10-28,1493.699951171875,1497.75,1492.449951171875,1497.5400390625
2024-10-29,1493.989990234375,1498.7099609375,1489.7099609375,1493.81005859375
2024-10-30,1496.1099853515625,1498.0699462890625,1488.6199951171875,1496.1099853515625
2024-10-31,1493.7099609375,1500.25,1491.550048828125,1494.47998046875
2024-11-01,1495.510009765625,1499.3699951171875,1492.47998046875,1496.1500244140625
2024-11-04,1468.93994140625,1498.8299560546875,1468.93994140625,1468.93994140625
2024-11-05,1494.31005859375,1506.3199462890625,1493.300048828125,1493.4100341796875
2024-11-06,1505.1400146484375,1505.81005859375,1494.18994140625,1505.1400146484375
2024-11-07,1501.8499755859375,1504.8900146484375,1492.550048828125,1502.3900146484375
2024-11-08,1492.0799560546875,1498.7099609375,1490.239990234375,1494.3399658203125
2024-11-11,1463.9693603515625,1494.0,1463.9693603515625,1495.8699951171875
2024-11-12,1490.949951171875,1496.06005859375,1488.5799560546875,1490.8499755859375
2024-11-13,1494.0899658203125,1495.3499755859375,1482.0999755859375,1494.0899658203125
2024-11-14,1482.3399658203125,1485.7099609375,1475.31005859375,1483.8599853515625
2024-11-15,1479.8800048828125,1480.5400390625,1469.5999755859375,1479.8800048828125
2024-11-18,1445.491455078125,1475.1300048828125,1445.491455078125,1467.6800537109375
2024-11-19,1474.0999755859375,1480.780029296875,1468.3399658203125,1474.4599609375
2024-11-20,1473.4200439453125,1476.22998046875,1469.8299560546875,1500.6600341796875
2024-11-21,1474.8699951171875,1475.1400146484375,1466.3599853515625,1474.06005859375
2024-11-22,1465.1099853515625,1470.18994140625,1453.9000244140625,1464.3599853515625
2024-11-25,1439.9200439453125,1470.6199951171875,1439.9200439453125,1463.050048828125
2024-11-26,1468.0999755859375,1469.260009765625,1459.989990234375,1468.0999755859375
2024-11-27,1463.5699462890625,1470.9599609375,1461.27001953125,1463.050048828125
2024-11-28,1469.0400390625,1472.1199951171875,1467.93994140625,1468.75
2024-11-29,1471.27001953125,1476.0999755859375,1469.3199462890625,1462.3599853515625
2024-12-02,1444.7939453125,1477.6300048828125,1444.7939453125,1473.3199462890625
2024-12-03,1474.050048828125,1515.0999755859375,1469.300048828125,1474.68994140625
2024-12-04,1485.300048828125,1488.8499755859375,1478.31005859375,1484.27001953125
2024-12-05,1485.510009765625,1496.5899658203125,1483.8900146484375,1484.22998046875
2024-12-06,1497.2099609375,1507.3599853515625,1495.9300537109375,1507.699951171875
2024-12-09,1471.969970703125,1514.52001953125,1471.969970703125,1471.969970703125
2024-12-10,1508.4100341796875,1508.800048828125,1502.280029296875,1506.75
2024-12-11,1508.8599853515625,1509.219970703125,1498.0899658203125,1509.6800537109375
2024-12-12,1500.3299560546875,1505.9000244140625,1495.550048828125,1500.06005859375
2024-12-13,1496.469970703125,1506.300048828125,1496.1199951171875,1496.469970703125
2024-12-16,1471.1112060546875,1512.28125,1471.1112060546875,1471.1112060546875
2024-12-17,1509.3599853515625,1511.3499755859375,1505.6800537109375,1508.6700439453125
2024-12-18,1507.3199462890625,1509.030029296875,1504.4300537109375,1505.2099609375
2024-12-19,1503.27001953125,1508.93994140625,1496.969970703125,1503.260009765625
2024-12-20,1499.8199462890625,1507.199951171875,1498.8900146484375,1496.43994140625
2024-12-23,1477.649658203125,1518.8197021484375,1477.649658203125,1505.3699951171875
2024-12-24,1510.8299560546875,1517.0799560546875,1507.969970703125,1510.8299560546875
2024-12-25,1514.3599853515625,1514.3599853515625,1506.68994140625,1514.3599853515625
2024-12-26,1506.68994140625,1506.68994140625,1506.68994140625,1506.68994140625
2024-12-27,1506.68994140625,1538.2099609375,1506.68994140625,1506.68994140625
2024-12-30,1506.699951171875,1538.260009765625,1506.699951171875,1506.699951171875
2024-12-31,1525.3800048828125,1535.969970703125,1525.3800048828125,1527.8599853515625
2025-01-01,,,,
2025-01-02,1525.5799560546875,1525.5799560546875,1504.219970703125,1528.4599609375
2025-01-03,1507.77001953125,1513.8900146484375,1502.68994140625,1509.47998046875
2025-01-06,1482.050048828125,1519.510009765625,1482.050048828125,1482.050048828125
2025-01-07,1517.93994140625,1519.530029296875,1504.7099609375,1517.9300537109375
2025-01-08,1500.3599853515625,1507.1300048828125,1498.3199462890625,1501.27001953125
2025-01-09,1500.7099609375,1506.219970703125,1499.989990234375,1503.02001953125
2025-01-10,1501.06005859375,1511.81005859375,1499.06005859375,1500.3399658203125
2025-01-13,1482.8399658203125,1503.510009765625,1482.8399658203125,1509.760009765625
2025-01-14,1503.5400390625,1503.5400390625,1494.280029296875,1505.6500244140625
2025-01-15,1503.27001953125,1504.469970703125,1495.1300048828125,1505.0799560546875
2025-01-16,1495.56005859375,1500.6300048828125,1491.4100341796875,1498.280029296875
2025-01-17,1499.56005859375,1501.1099853515625,1496.1300048828125,1499.6099853515625
2025-01-20,1470.787841796875,1502.3199462890625,1470.787841796875,1470.787841796875
2025-01-21,1503.449951171875,1503.6600341796875,1489.550048828125,1503.1700439453125
2025-01-22,1492.1700439453125,1496.68994140625,1488.27001953125,1491.5400390625
2025-01-23,1495.0799560546875,1497.260009765625,1491.5400390625,1491.9200439453125
2025-01-24,1494.31005859375,1502.93994140625,1490.8599853515625,1491.550048828125
2025-01-27,1499.030029296875,1506.719970703125,1499.02001953125,1499.030029296875
2025-01-28,1500.5699462890625,1511.300048828125,1495.6700439453125,1501.22998046875
2025-01-29,1504.5899658203125,1510.0400390625,1499.7099609375,1506.68994140625
2025-01-30,1504.8699951171875,1505.8699951171875,1497.0699462890625,1504.02001953125
2025-01-31,1502.1400146484375,1511.1199951171875,1501.949951171875,1498.18994140625
2025-02-03,1476.4892578125,1509.469970703125,1476.4892578125,1476.4892578125
2025-02-04,1507.199951171875,1507.530029296875,1501.280029296875,1506.050048828125
2025-02-05,1500.4000244140625,1508.239990234375,1499.010009765625,1503.8399658203125
2025-02-06,1501.68994140625,1504.8900146484375,1497.31005859375,1499.0
2025-02-07,1500.47998046875,1503.6600341796875,1497.4200439453125,1498.2900390625
2025-02-10,1472.1400146484375,1497.949951171875,1472.1400146484375,1501.5
2025-02-11,1494.8499755859375,1502.260009765625,1494.3299560546875,1496.43994140625
2025-02-12,1503.3499755859375,1509.5,1502.050048828125,1503.3499755859375
2025-02-13,1511.280029296875,1511.280029296875,1505.800048828125,1507.8299560546875
2025-02-14,1505.56005859375,1511.8399658203125,1504.260009765625,1505.56005859375
2025-02-17,1510.800048828125,1512.1600341796875,1508.9100341796875,1510.550048828125
2025-02-18,1510.43994140625,1514.0699462890625,1503.27001953125,1510.43994140625
2025-02-19,1504.6099853515625,1506.1600341796875,1497.9599609375,1504.530029296875
2025-02-20,1501.030029296875,1503.280029296875,1497.1600341796875,1500.699951171875
2025-02-21,1503.81005859375,1506.43994140625,1496.68994140625,1502.800048828125
2025-02-24,1498.4000244140625,1498.6400146484375,1492.010009765625,1498.6800537109375
2025-02-25,1495.1099853515625,1505.989990234375,1493.4100341796875,1495.1099853515625
2025-02-26,1506.6600341796875,1507.3199462890625,1499.8499755859375,1506.3199462890625
2025-02-27,1501.9000244140625,1512.75,1501.8800048828125,1501.7099609375
2025-02-28,1507.800048828125,1522.239990234375,1506.760009765625,1506.93994140625
2025-03-03,1515.1800537109375,1529.0999755859375,1515.1800537109375,1515.1800537109375
2025-03-04,1527.6800537109375,1536.77001953125,1525.760009765625,1527.6700439453125
2025-03-05,1543.3299560546875,1557.1099853515625,1541.5999755859375,1543.3299560546875
2025-03-06,1557.31005859375,1567.8800048828125,1553.0899658203125,1558.18994140625
2025-03-07,1560.0400390625,1573.8399658203125,1557.81005859375,1560.9200439453125
2025-03-10,1569.760009765625,1580.5699462890625,1568.8399658203125,1569.760009765625
2025-03-11,1579.0999755859375,1587.6300048828125,1578.6300048828125,1579.0999755859375
2025-03-12,1583.3599853515625,1586.1199951171875,1578.0699462890625,1583.4300537109375
2025-03-13,1577.469970703125,1582.469970703125,1574.260009765625,1579.6700439453125
2025-03-14,1576.8299560546875,1584.9300537109375,1573.5999755859375,1576.050048828125
2025-03-17,1577.7099609375,1578.75,1573.510009765625,1577.7099609375
2025-03-18,1574.6400146484375,1587.56005859375,1572.7099609375,1575.239990234375
2025-03-19,1584.949951171875,1592.6800537109375,1579.5999755859375,1585.06005859375
2025-03-20,1588.530029296875,1592.5,1586.43994140625,1592.8900146484375
2025-03-21,1590.6099853515625,1592.93994140625,1581.52001953125,1591.25
2025-03-24,1581.3399658203125,1589.9000244140625,1581.3399658203125,1581.43994140625
2025-03-25,1583.0899658203125,1586.97998046875,1580.1199951171875,1583.0899658203125
2025-03-26,1576.97998046875,1581.4200439453125,1576.780029296875,1576.97998046875
2025-03-27,1578.3699951171875,1583.6800537109375,1573.8599853515625,1573.5899658203125
2025-03-28,1578.0400390625,1590.3900146484375,1578.0400390625,1578.5799560546875
2025-03-30,1592.5999755859375,1595.9300537109375,1589.1700439453125,1591.0999755859375
2025-03-31,1591.969970703125,1596.8699951171875,1585.530029296875,1591.969970703125
2025-04-01,1586.3199462890625,1588.5,1576.2099609375,1586.5999755859375
2025-04-02,1603.5799560546875,1619.280029296875,1594.5999755859375,1598.6400146484375
2025-04-03,1601.8199462890625,1605.8900146484375,1575.1199951171875,1601.56005859375
2025-04-06,1597.4200439453125,1616.8199462890625,1594.219970703125,1597.4200439453125
2025-04-07,1604.3900146484375,1619.18994140625,1601.75,1603.9599609375
2025-04-08,1630.780029296875,1641.47998046875,1621.8499755859375,1631.3299560546875
2025-04-09,1583.050048828125,1625.9300537109375,1583.0,1583.050048828125
2025-04-10,1635.0,1650.43994140625,1604.7099609375,1634.3599853515625
2025-04-13,1611.510009765625,1623.4200439453125,1610.2900390625,1611.510009765625
2025-04-14,1609.050048828125,1623.5,1608.0699462890625,1608.8699951171875
2025-04-15,1611.739990234375,1621.4200439453125,1606.7900390625,1611.0400390625
2025-04-16,1614.219970703125,1615.9200439453125,1603.989990234375,1611.719970703125
2025-04-17,,,,
2025-04-20,,,,
2025-04-21,1611.25,1639.010009765625,1611.25,1611.25
2025-04-22,1622.3800048828125,1629.3299560546875,1612.530029296875,1621.8900146484375
2025-04-23,1614.8499755859375,1635.6800537109375,1614.280029296875,1615.52001953125
2025-04-24,1626.5899658203125,1639.8199462890625,1622.1500244140625,1625.75
2025-04-27,1632.47998046875,1639.22998046875,1631.93994140625,1633.8800048828125
2025-04-28,1637.1300048828125,1641.3299560546875,1630.1700439453125,1637.1300048828125
2025-04-29,1630.9300537109375,1630.9300537109375,1613.010009765625,1629.5999755859375
2025-04-30,1611.8499755859375,1612.4100341796875,1611.8499755859375,1611.8499755859375
2025-05-01,1612.4100341796875,1613.0699462890625,1576.2099609375,1612.4100341796875
2025-05-04,1580.02001953125,1580.06005859375,1546.3199462890625,1580.02001953125
2025-05-05,1554.489990234375,1569.6099853515625,1550.280029296875,1554.489990234375
2025-05-06,1568.3900146484375,1589.949951171875,1568.260009765625,1558.81005859375
2025-05-07,1579.530029296875,1582.260009765625,1572.510009765625,1579.1400146484375
2025-05-08,1574.7099609375,1583.52001953125,1569.010009765625,1576.280029296875
2025-05-11,1568.93994140625,1581.6099853515625,1559.449951171875,1568.93994140625
2025-05-12,1570.6800537109375,1586.0400390625,1562.1700439453125,1570.6800537109375
2025-05-13,1584.1300048828125,1590.010009765625,1562.02001953125,1583.489990234375
2025-05-14,1573.9300537109375,1576.6800537109375,1556.8299560546875,1573.1300048828125
2025-05-15,1562.489990234375,1565.0400390625,1555.1300048828125,1563.239990234375
2025-05-18,1559.489990234375,1567.5699462890625,1555.5400390625,1559.489990234375
2025-05-19,1560.0899658203125,1569.1800537109375,1559.5699462890625,1560.0899658203125
2025-05-20,1571.1500244140625,1574.4599609375,1550.2900390625,1570.969970703125
2025-05-21,1553.6500244140625,1565.06005859375,1553.6500244140625,1553.6500244140625
2025-05-22,1557.800048828125,1559.06005859375,1547.280029296875,1558.68994140625
2025-05-25,1550.6400146484375,1559.3599853515625,1550.6300048828125,1550.6400146484375
2025-05-26,1557.9599609375,1560.1500244140625,1554.68994140625,1557.9599609375
2025-05-27,1558.0799560546875,1558.1099853515625,1546.47998046875,1558.1199951171875
2025-05-28,1541.6099853515625,1558.1300048828125,1541.6099853515625,1542.75
2025-05-29,1557.81005859375,1566.7099609375,1555.9300537109375,1558.219970703125
2025-06-01,1561.0400390625,1575.25,1561.0400390625,1561.0400390625
2025-06-02,1575.3299560546875,1575.6400146484375,1565.1300048828125,1575.3299560546875
2025-06-03,1566.949951171875,1566.949951171875,1549.280029296875,1566.949951171875
2025-06-04,1555.6600341796875,1556.27001953125,1546.5,1555.0799560546875
2025-06-05,1550.6500244140625,1554.6199951171875,1545.93994140625,1550.760009765625
2025-06-08,1543.68994140625,1548.5699462890625,1542.780029296875,1543.68994140625
2025-06-09,1545.760009765625,1562.47998046875,1544.8399658203125,1543.47998046875
2025-06-10,1560.0400390625,1574.699951171875,1555.6099853515625,1557.699951171875
2025-06-11,1572.8199462890625,1576.77001953125,1558.989990234375,1573.989990234375
2025-06-12,1571.699951171875,1580.8699951171875,1570.3299560546875,1575.8800048828125
2025-06-15,1576.9599609375,1576.969970703125,1568.93994140625,1577.239990234375
2025-06-16,1568.8599853515625,1581.2099609375,1568.699951171875,1563.18994140625
2025-06-17,1584.27001953125,1584.27001953125,1573.9300537109375,1581.3599853515625
2025-06-18,1576.050048828125,1586.4300537109375,1575.52001953125,1576.530029296875
2025-06-19,1584.2099609375,1584.2099609375,1570.6700439453125,1583.449951171875
2025-06-22,1579.530029296875,1595.1400146484375,1579.52001953125,1579.530029296875
2025-06-23,1589.93994140625,1589.93994140625,1572.5899658203125,1588.7900390625
2025-06-24,1575.1199951171875,1584.0699462890625,1574.0799560546875,1573.81005859375
2025-06-25,1585.260009765625,1589.6600341796875,1582.18994140625,1584.699951171875
2025-06-26,1584.22998046875,1595.3599853515625,1582.5899658203125,1583.0
2025-06-29,1563.2900390625,1593.2900390625,1563.280029296875,1563.2900390625
2025-06-30,1591.8599853515625,1600.1800537109375,1589.2900390625,1591.8199462890625
2025-07-01,1599.699951171875,1606.47998046875,1595.8299560546875,1595.050048828125
2025-07-02,1597.25,1606.8499755859375,1595.1300048828125,1594.3299560546875
2025-07-03,1601.9599609375,1607.1500244140625,1599.56005859375,1597.68994140625
2025-07-06,1600.3599853515625,1609.06005859375,1575.31005859375,1603.760009765625
2025-07-07,1612.739990234375,1612.739990234375,1602.1099853515625,1612.739990234375
2025-07-08,1606.77001953125,1612.4100341796875,1605.8599853515625,1606.6400146484375
2025-07-09,1610.5400390625,1612.949951171875,1601.800048828125,1609.4100341796875
2025-07-10,1604.97998046875,1609.52001953125,1602.1800537109375,1606.2900390625
2025-07-13,1611.5,1614.6300048828125,1607.75,1611.5
2025-07-14,1611.0999755859375,1615.3299560546875,1607.3199462890625,1611.989990234375
2025-07-15,1607.4599609375,1622.7099609375,1607.3299560546875,1608.550048828125
2025-07-16,1611.6199951171875,1616.050048828125,1610.0,1610.8800048828125
2025-07-17,1616.4200439453125,1618.6300048828125,1615.219970703125,1616.4200439453125
2025-07-20,1616.760009765625,1618.010009765625,1612.1600341796875,1615.77001953125
2025-07-21,1615.3599853515625,1623.52001953125,1610.0,1615.5899658203125
2025-07-22,1619.9200439453125,1620.6099853515625,1610.5799560546875,1620.3900146484375
2025-07-23,1616.5799560546875,1616.6300048828125,1606.050048828125,1617.300048828125
2025-07-24,1611.739990234375,1622.280029296875,1609.93994140625,1612.3499755859375
2025-07-27,1624.6300048828125,1624.6400146484375,1610.31005859375,1624.1600341796875
2025-07-28,1609.27001953125,1613.8299560546875,1597.27001953125,1609.5799560546875
2025-07-29,1602.300048828125,1603.8699951171875,1592.6199951171875,1602.989990234375
2025-07-30,1591.47998046875,1596.8800048828125,1584.760009765625,1590.27001953125
2025-07-31,1590.300048828125,1606.5,1589.780029296875,1587.9200439453125
2025-08-03,1597.5,1602.4000244140625,1597.0,1597.5
2025-08-04,1601.9000244140625,1605.969970703125,1598.8699951171875,1601.9000244140625
2025-08-05,1605.02001953125,1613.93994140625,1604.6099853515625,1604.239990234375
2025-08-06,1614.8299560546875,1615.280029296875,1608.6800537109375,1613.97998046875
2025-08-07,1616.7900390625,1620.530029296875,1608.8900146484375,1616.9000244140625
2025-08-10,1588.1099853515625,1619.43994140625,1588.1099853515625,1612.510009765625
2025-08-11,1614.510009765625,1617.2900390625,1610.3299560546875,1613.68994140625
2025-08-12,1615.0699462890625,1616.780029296875,1610.280029296875,1615.0
2025-08-13,1613.52001953125,1620.75,1613.4000244140625,1613.6099853515625
2025-08-14,1615.550048828125,1623.530029296875,1615.550048828125,1616.4200439453125
2025-08-17,1622.8900146484375,1622.8900146484375,1592.8399658203125,1622.8900146484375
2025-08-18,1616.9200439453125,1623.8699951171875,1616.449951171875,1617.8800048828125
2025-08-19,1620.800048828125,1630.1300048828125,1620.0,1619.969970703125
2025-08-20,1627.8399658203125,1629.3900146484375,1623.81005859375,1627.1600341796875
2025-08-21,1624.2900390625,1624.780029296875,1610.97998046875,1624.72998046875
2025-08-24,1616.77001953125,1624.3299560546875,1616.75,1616.77001953125
2025-08-25,1613.449951171875,1625.75,1612.3900146484375,1613.1700439453125
2025-08-26,1621.5999755859375,1623.550048828125,1616.489990234375,1622.72998046875
2025-08-27,1621.0999755859375,1622.1199951171875,1612.530029296875,1620.93994140625
2025-08-28,1617.1600341796875,1625.760009765625,1615.6199951171875,1616.1800537109375
2025-08-31,1601.68994140625,1634.72998046875,1601.68994140625,1601.68994140625
2025-09-01,1630.9100341796875,1631.0699462890625,1620.0,1630.9100341796875
2025-09-02,1622.6500244140625,1622.8699951171875,1616.219970703125,1622.6500244140625
2025-09-03,1619.0,1624.4000244140625,1617.3499755859375,1620.1099853515625
2025-09-04,1621.75,1629.6600341796875,1620.5699462890625,1621.3199462890625
2025-09-07,1622.2900390625,1629.0,1622.2900390625,1623.68994140625
2025-09-08,1629.3800048828125,1633.510009765625,1625.6099853515625,1630.7099609375
2025-09-09,1624.6800537109375,1628.52001953125,1621.06005859375,1623.5699462890625
2025-09-10,1623.6500244140625,1627.68994140625,1597.31005859375,1622.9100341796875
2025-09-11,1627.4200439453125,1632.9100341796875,1597.31005859375,1627.4200439453125
2025-09-14,1628.449951171875,1632.489990234375,1625.719970703125,1628.4599609375
2025-09-15,1630.5,1635.800048828125,1622.9200439453125,1628.93994140625
2025-09-16,1634.3199462890625,1636.6400146484375,1627.68994140625,1634.3499755859375
2025-09-17,1631.5699462890625,1639.969970703125,1630.699951171875,1629.4200439453125
2025-09-18,1634.530029296875,1642.1500244140625,1634.52001953125,1634.530029296875
2025-09-21,1620.3699951171875,1639.31005859375,1620.3699951171875,1639.9300537109375
2025-09-22,1639.3900146484375,1646.47998046875,1633.0,1639.3900146484375
2025-09-23,1644.550048828125,1648.3599853515625,1642.2900390625,1644.0699462890625
2025-09-24,1647.1400146484375,1647.449951171875,1640.3800048828125,1647.5999755859375
2025-09-25,1641.6800537109375,1649.739990234375,1641.3499755859375,1642.969970703125
2025-09-28,1655.6300048828125,1655.6300048828125,1638.2900390625,1648.3499755859375
2025-09-29,1640.6700439453125,1648.3800048828125,1639.969970703125,1640.489990234375
2025-09-30,1645.5799560546875,1652.8699951171875,1642.6700439453125,1647.1700439453125
2025-10-01,1643.6600341796875,1648.1400146484375,1641.4100341796875,1644.47998046875
2025-10-02,1646.1800537109375,1652.1400146484375,1646.1800537109375,1647.219970703125
2025-10-05,1650.3499755859375,1656.260009765625,1645.550048828125,1651.199951171875
2025-10-06,1650.5999755859375,1653.4100341796875,1645.7900390625,1650.5999755859375
2025-10-07,1647.8299560546875,1656.56005859375,1647.27001953125,1648.949951171875
2025-10-08,1653.969970703125,1654.489990234375,1641.81005859375,1653.489990234375
2025-10-09,1643.18994140625,1661.1099853515625,1640.1099853515625,1643.4300537109375
2025-10-12,1652.9100341796875,1657.52001953125,1648.489990234375,1615.219970703125
2025-10-13,1648.949951171875,1658.97998046875,1647.5999755859375,1648.949951171875
2025-10-14,1656.4300537109375,1658.1300048828125,1648.6400146484375,1658.1300048828125
2025-10-15,1653.9300537109375,1654.780029296875,1648.469970703125,1653.550048828125
2025-10-16,1656.3900146484375,1666.9200439453125,1655.530029296875,1655.27001953125
2025-10-19,1653.0899658203125,1658.2099609375,1653.0799560546875,1653.0899658203125
2025-10-20,1653.1199951171875,1661.9200439453125,1652.4200439453125,1653.1199951171875
2025-10-21,1658.68994140625,1660.4300537109375,1654.199951171875,1659.530029296875
2025-10-22,1660.22998046875,1669.6800537109375,1660.22998046875,1660.699951171875
2025-10-23,1667.0400390625,1674.3199462890625,1663.31005859375,1667.81005859375
2025-10-27,1668.719970703125,1668.72998046875,1663.8800048828125,1668.719970703125
2025-10-28,1666.5999755859375,1675.43994140625,1665.8199462890625,1666.8800048828125
2025-10-29,1667.8900146484375,1670.0,1651.739990234375,1661.280029296875
2025-10-30,1650.2099609375,1660.5400390625,1647.9000244140625,1651.760009765625
2025-10-31,1653.5999755859375,1654.0,1645.3699951171875,1647.0400390625
2025-11-03,1651.0999755859375,1651.0999755859375,1642.81005859375,1646.4599609375
2025-11-04,1647.0400390625,1658.050048828125,1647.0400390625,1645.719970703125
2025-11-05,1653.050048828125,1664.4200439453125,1653.050048828125,1653.050048828125
2025-11-06,1654.260009765625,1672.8299560546875,1654.260009765625,1654.260009765625
2025-11-07,1671.050048828125,1691.2900390625,1670.1099853515625,1671.68994140625
2025-11-10,1669.0899658203125,1683.8800048828125,1669.0799560546875,1669.0899658203125
2025-11-11,1680.739990234375,1695.22998046875,1680.739990234375,1682.8399658203125
2025-11-12,1692.9599609375,1701.6500244140625,1689.969970703125,1690.8599853515625
2025-11-13,1700.0899658203125,1706.6500244140625,1696.739990234375,1700.93994140625
2025-11-14,1709.3299560546875,1712.9000244140625,1684.469970703125,1707.989990234375
2025-11-17,1674.8800048828125,1695.050048828125,1674.8800048828125,1674.8900146484375
2025-11-18,1695.1099853515625,1700.0999755859375,1689.6099853515625,1694.239990234375
2025-11-19,1686.4599609375,1698.6099853515625,1686.4599609375,1686.4599609375
2025-11-20,1690.5799560546875,1698.219970703125,1689.050048828125,1691.4000244140625
2025-11-21,1697.06005859375,1702.5,1691.2099609375,1698.239990234375
2025-11-24,1690.3900146484375,1705.1400146484375,1668.5899658203125,1690.3900146484375
2025-11-25,1699.4000244140625,1699.52001953125,1688.0400390625,1699.4000244140625
2025-11-26,1691.8199462890625,1706.6800537109375,1685.0999755859375,1694.5899658203125
2025-11-27,1702.5,1705.3399658203125,1690.6500244140625,1705.22998046875
2025-11-28,1694.199951171875,1704.4000244140625,1693.5899658203125,1694.25
2025-12-01,1670.1600341796875,1707.81005859375,1670.1600341796875,1693.4599609375
2025-12-02,1706.52001953125,1709.0,1700.9300537109375,1706.52001953125
2025-12-03,1705.0,1711.1700439453125,1703.8499755859375,1705.4300537109375
2025-12-04,1708.3599853515625,1718.8399658203125,1707.280029296875,1709.6800537109375
2025-12-05,1714.6600341796875,1716.52001953125,1710.43994140625,1714.2099609375
2025-12-08,1711.81005859375,1711.8199462890625,1705.1500244140625,1711.81005859375
2025-12-09,1708.43994140625,1712.6500244140625,1705.8800048828125,1709.050048828125
2025-12-10,1706.3599853515625,1712.56005859375,1706.280029296875,1706.3599853515625
2025-12-11,1712.1099853515625,1728.699951171875,1711.5699462890625,1717.989990234375
2025-12-12,1727.8800048828125,1735.56005859375,1725.1199951171875,1726.0699462890625
2025-12-15,1722.6099853515625,1728.5799560546875,1716.43994140625,1722.6099853515625
2025-12-16,1724.27001953125,1735.199951171875,1724.27001953125,1724.27001953125
2025-12-17,1728.93994140625,1738.6300048828125,1725.1500244140625,1728.93994140625
2025-12-18,1732.989990234375,1736.25,1726.1199951171875,1730.1600341796875
2025-12-19,1729.0,1732.81005859375,1727.3199462890625,1729.0
2025-12-22,1730.780029296875,1741.010009765625,1701.6300048828125,1730.780029296875
2025-12-23,1736.4599609375,1747.0,1736.4599609375,1736.4599609375
2025-12-24,1743.5899658203125,1743.5899658203125,1699.0999755859375,1743.5899658203125
2025-12-25,,,,
2025-12-26,1703.3800048828125,1703.3900146484375,1703.3800048828125,1699.550048828125
2025-12-29,1703.3800048828125,1703.3800048828125,1679.5400390625,1703.3800048828125
2025-12-30,1685.0699462890625,1704.8900146484375,1682.7099609375,1688.4599609375
2025-12-31,1688.8900146484375,1697.3900146484375,1687.81005859375,1688.989990234375
2026-01-01,,,,
2026-01-02,1690.8800048828125,1696.9300537109375,1690.3599853515625,1691.489990234375
2026-01-05,1693.4200439453125,1693.4200439453125,1685.0,1693.4200439453125
2026-01-06,1694.0,1696.300048828125,1688.5999755859375,1694.0
2026-01-07,1691.3599853515625,1694.8299560546875,1687.219970703125,1688.7099609375
2026-01-08,1691.199951171875,1696.3900146484375,1688.3699951171875,1688.6400146484375
2026-01-09,1692.4100341796875,1698.6600341796875,1689.8499755859375,1690.2900390625
2026-01-12,1700.1300048828125,1715.5799560546875,1666.22998046875,1700.1300048828125
2026-01-13,1712.4300537109375,1720.27001953125,1708.8800048828125,1708.72998046875
2026-01-14,1715.25,1720.4599609375,1702.7099609375,1715.06005859375
2026-01-15,1704.9200439453125,1714.489990234375,1701.800048828125,1703.25
2026-01-16,1703.8199462890625,1715.6400146484375,1703.8199462890625,1704.5999755859375
2026-01-19,1703.5899658203125,1715.989990234375,1681.3599853515625,1703.5899658203125
2026-01-20,1713.8900146484375,1734.1300048828125,1713.8900146484375,1713.239990234375
2026-01-21,1734.7099609375,1734.7099609375,1711.9300537109375,1732.219970703125
2026-01-22,1712.6500244140625,1720.5999755859375,1709.0400390625,1710.760009765625
2026-01-23,1721.6600341796875,1724.75,1718.56005859375,1719.9300537109375
2026-01-26,1707.6099853515625,1714.6099853515625,1697.56005859375,1707.6099853515625
2026-01-27,1722.199951171875,1723.3599853515625,1711.6800537109375,1711.5400390625
2026-01-28,1722.47998046875,1722.47998046875,1701.6800537109375,1723.52001953125
2026-01-29,1709.2900390625,1715.050048828125,1705.9100341796875,1711.5
2026-01-30,1711.0,1721.260009765625,1709.97998046875,1709.699951171875
2026-02-02,1726.800048828125,1733.47998046875,1712.22998046875,1726.800048828125
2026-02-03,1714.1800537109375,1714.1800537109375,1701.0699462890625,1712.31005859375
2026-02-04,1712.5899658203125,1722.31005859375,1710.18994140625,1709.06005859375
2026-02-05,1721.6700439453125,1730.1400146484375,1721.469970703125,1722.9100341796875
2026-02-06,1732.719970703125,1734.8299560546875,1726.5999755859375,1732.3299560546875
2026-02-09,1724.3199462890625,1740.030029296875,1724.3199462890625,1726.2900390625
2026-02-10,1735.0,1740.449951171875,1730.22998046875,1737.0799560546875
2026-02-11,1732.4000244140625,1733.0,1716.489990234375,1729.8299560546875
2026-02-12,1718.989990234375,1721.030029296875,1700.8800048828125,1714.510009765625
2026-02-13,1710.4300537109375,1716.77001953125,1708.56005859375,1710.4300537109375
2026-02-16,1687.25,1711.43994140625,1687.25,1687.25
2026-02-17,1705.97998046875,1711.75,1702.27001953125,1705.97998046875
2026-02-18,1706.52001953125,1711.72998046875,1703.0699462890625,1706.52001953125
2026-02-19,1711.7099609375,1711.7099609375,1700.8699951171875,1696.97998046875
2026-02-20,1705.949951171875,1707.47998046875,1697.0,1703.739990234375
2026-02-23,1674.199951171875,1703.9000244140625,1674.199951171875,1700.93994140625
2026-02-24,1699.5,1704.1600341796875,1693.8599853515625,1699.5
2026-02-25,1696.1400146484375,1697.3800048828125,1679.0899658203125,1695.239990234375
2026-02-26,1682.4200439453125,1691.7099609375,1676.8499755859375,1685.3699951171875
2026-02-27,1689.0,1702.8900146484375,1687.969970703125,1689.5400390625
2026-03-02,1671.030029296875,1712.68994140625,1671.030029296875,1696.6600341796875
2026-03-03,1698.1099853515625,1737.199951171875,1698.1099853515625,1698.1700439453125
2026-03-04,1722.25,1722.25,1697.0999755859375,1723.4000244140625
2026-03-05,1701.9599609375,1717.699951171875,1694.18994140625,1699.489990234375
2026-03-06,1714.239990234375,1726.22998046875,1703.2900390625,1717.5899658203125
2026-03-09,1726.8900146484375,1726.8900146484375,1710.56005859375,1710.8900146484375
2026-03-10,1702.199951171875,1715.75,1702.199951171875,1702.199951171875
2026-03-11,1708.6600341796875,1711.27001953125,1701.280029296875,1709.6400146484375
2026-03-12,1703.969970703125,1720.2900390625,1703.199951171875,1703.5699462890625
2026-03-13,1714.1199951171875,1715.8499755859375,1708.31005859375,1713.3900146484375
2026-03-16,1732.1099853515625,1732.1099853515625,1707.4599609375,1713.8599853515625
2026-03-17,1712.3599853515625,1716.0899658203125,1709.4100341796875,1712.22998046875
2026-03-18,1715.0999755859375,1729.010009765625,1711.2099609375,1713.1199951171875
2026-03-19,1721.219970703125,1725.489990234375,1714.719970703125,1724.4300537109375
2026-03-20,1722.030029296875,1735.8900146484375,1719.43994140625,1728.949951171875
2026-03-23,1727.6600341796875,1748.719970703125,1719.9300537109375,1740.1600341796875
2026-03-24,1725.47998046875,1739.2900390625,1725.47998046875,1724.5799560546875
2026-03-25,1731.8599853515625,1743.4200439453125,1731.239990234375,1739.469970703125
2026-03-26,1736.5,1742.469970703125,1734.3599853515625,1735.18994140625
2026-03-27,1738.9000244140625,1741.780029296875,1732.22998046875,1740.050048828125
2026-03-29,1738.1800537109375,1747.449951171875,1737.1199951171875,1736.7099609375
2026-03-30,1739.1800537109375,1760.7900390625,1738.8299560546875,1736.260009765625
2026-03-31,1746.1800537109375,1756.199951171875,1733.1800537109375,1738.510009765625
2026-04-01,1751.739990234375,1757.5400390625,1741.1099853515625,1752.5899658203125
2026-04-02,1741.0899658203125,1742.010009765625,1741.0,1741.0899658203125
2026-04-05,1741.239990234375,1741.25,1741.239990234375,1741.239990234375
2026-04-06,1741.25,1741.25,1728.280029296875,1741.25
2026-04-07,1752.9000244140625,1752.9000244140625,1718.300048828125,1752.0
2026-04-08,1726.300048828125,1729.4300537109375,1721.9100341796875,1723.010009765625
2026-04-09,1722.5699462890625,1739.199951171875,1722.219970703125,1722.6099853515625
2026-04-12,1741.02001953125,1741.02001953125,1734.030029296875,1741.02001953125
2026-04-13,1737.5400390625,1744.6199951171875,1732.010009765625,1736.6400146484375
2026-04-14,1734.530029296875,1740.8599853515625,1732.56005859375,1732.9300537109375
2026-04-15,1738.2900390625,1740.760009765625,1732.8299560546875,1739.4100341796875
2026-04-16,1745.3399658203125,1747.760009765625,1718.510009765625,1740.8399658203125
2026-04-19,1731.1800537109375,1735.9599609375,1725.02001953125,1731.1800537109375
2026-04-20,1733.6400146484375,1736.0400390625,1725.1300048828125,1731.719970703125
2026-04-21,1737.02001953125,1743.8499755859375,1731.5400390625,1743.9200439453125
2026-04-22,1728.699951171875,1735.25,1727.4300537109375,1729.7099609375
2026-04-23,1730.6199951171875,1733.7099609375,1727.3800048828125,1729.18994140625
2026-04-26,1728.02001953125,1728.239990234375,1722.75,1728.02001953125
2026-04-27,1726.31005859375,1732.0,1721.510009765625,1726.3699951171875
2026-04-28,1723.8399658203125,1738.52001953125,1723.4200439453125,1724.3599853515625
2026-04-29,1735.9200439453125,1737.0699462890625,1722.260009765625,1736.5999755859375
2026-04-30,1727.9100341796875,1727.9300537109375,1727.4100341796875,1727.9100341796875
2026-05-03,1727.4100341796875,1727.4100341796875,1716.52001953125,1727.4100341796875
2026-05-04,1725.1500244140625,1727.0699462890625,1716.5899658203125,1725.1500244140625
2026-05-05,1715.0,1726.719970703125,1696.02001953125,1727.3699951171875
2026-05-06,1698.969970703125,1709.1800537109375,1698.43994140625,1697.0400390625
2026-05-07,1709.9100341796875,1727.2900390625,1709.219970703125,1705.3299560546875
2026-05-10,1723.6700439453125,1734.5899658203125,1723.6700439453125,1723.6700439453125
2026-05-11,1735.5899658203125,1751.6500244140625,1735.5899658203125,1737.5
2026-05-12,1751.0799560546875,1760.56005859375,1740.1400146484375,1750.4200439453125
2026-05-13,1742.8499755859375,1748.5400390625,1739.5,1743.550048828125
2026-05-14,1740.3199462890625,1751.469970703125,1739.199951171875,1740.219970703125
2026-05-17,1737.8599853515625,1746.7099609375,1737.8599853515625,1737.8599853515625
2026-05-18,1739.8299560546875,1755.449951171875,1735.02001953125,1733.81005859375
2026-05-19,1750.6099853515625,1754.6300048828125,1736.3199462890625,1748.02001953125
2026-05-20,1742.8499755859375,1750.77001953125,1738.469970703125,1738.47998046875
2026-05-21,1747.8499755859375,1762.5400390625,1747.8499755859375,1750.1500244140625
2026-05-24,1769.4100341796875,1769.4100341796875,1754.530029296875,1769.4100341796875
2026-05-25,1760.719970703125,1761.5,1744.97998046875,1765.199951171875
2026-05-26,1751.4599609375,1751.4599609375,1738.6099853515625,1753.010009765625
2026-05-27,1747.2900390625,1750.2900390625,1739.5400390625,1743.1600341796875
2026-05-28,1741.3399658203125,1756.969970703125,1739.5799560546875,1739.1400146484375
2026-05-31,1753.9000244140625,1761.06005859375,1749.3599853515625,1755.9000244140625
2026-06-01,1759.1800537109375,1768.9200439453125,1754.7900390625,1757.3399658203125
2026-06-02,1760.050048828125,1777.4100341796875,1760.050048828125,1760.050048828125
2026-06-03,1773.9000244140625,1786.47998046875,1765.5699462890625,1776.739990234375
2026-06-04,1780.9599609375,1799.81005859375,1778.02001953125,1778.1199951171875
2026-06-07,1807.4200439453125,1807.4200439453125,1760.050048828125,1807.4200439453125
2026-06-08,1761.9599609375,1766.93994140625,1742.1700439453125,1759.7099609375
2026-06-09,1759.449951171875,1764.550048828125,1746.06005859375,1761.0999755859375
2026-06-10,1757.510009765625,1768.7900390625,1756.4200439453125,1751.949951171875
2026-06-11,1755.2900390625,1759.949951171875,1752.530029296875,1754.260009765625
2026-06-14,1754.6099853515625,1757.6300048828125,1749.8599853515625,1754.6099853515625
2026-06-15,1753.3399658203125,1757.5699462890625,1744.9599609375,1753.9300537109375
2026-06-16,1754.219970703125,1758.2900390625,1751.489990234375,1755.6500244140625
2026-06-17,1753.6400146484375,1766.1800537109375,1749.27001953125,1755.9000244140625
2026-06-18,1758.3399658203125,1762.9100341796875,1743.3800048828125,1759.47998046875
2026-06-21,1703.52001953125,1763.8599853515625,1703.52001953125,1703.52001953125
2026-06-22,1757.9000244140625,1759.969970703125,1742.3499755859375,1752.5400390625
2026-06-23,1744.75,1755.780029296875,1743.4000244140625,1740.5699462890625
2026-06-24,1751.22998046875,1758.22998046875,1747.22998046875,1747.219970703125
2026-06-25,1754.8399658203125,1759.780029296875,1741.739990234375,1754.1800537109375
2026-06-28,1748.489990234375,1761.56005859375,1748.489990234375,1746.0899658203125
2026-06-29,1760.6800537109375,1771.4300537109375,1760.0,1760.27001953125
2026-06-30,1769.969970703125,1776.3599853515625,1763.3299560546875,1763.6800537109375
2026-07-01,1766.1300048828125,1771.010009765625,1759.1400146484375,1765.8900146484375
2026-07-02,1763.6700439453125,1767.5699462890625,1747.3199462890625,1755.52001953125
2026-07-05,1754.1400146484375,1754.1500244140625,1745.9300537109375,1746.8599853515625
2026-07-06,1748.300048828125,1750.3599853515625,1725.77001953125,1748.31005859375
