,Open,High,Low,Close
2018-01-01,9.456199645996094,9.4621000289917,9.44890022277832,9.456199645996094
2018-01-02,9.444100379943848,9.478099822998047,9.194600105285645,9.443300247192383
2018-01-03,9.460200309753418,9.493599891662598,9.454700469970703,9.463399887084961
2018-01-04,9.444100379943848,9.46500015258789,9.405599594116211,9.445500373840332
2018-01-05,9.405900001525879,9.417400360107422,9.362600326538086,9.40530014038086
2018-01-08,9.36989974975586,9.44950008392334,9.176400184631348,9.369400024414062
2018-01-09,9.431300163269043,9.519100189208984,9.423199653625488,9.432600021362305
2018-01-10,9.50160026550293,9.5826997756958,9.493000030517578,9.503100395202637
2018-01-11,9.597299575805664,9.60159969329834,9.53320026397705,9.596599578857422
2018-01-12,9.566200256347656,9.578800201416016,9.521100044250488,9.567000389099121
2018-01-15,9.29170036315918,9.615500450134277,9.29170036315918,9.292499542236328
2018-01-16,9.59689998626709,9.630900382995605,9.5693998336792,9.599699974060059
2018-01-17,9.622300148010254,9.652000427246094,9.602499961853027,9.621600151062012
2018-01-18,9.593500137329102,9.652799606323242,9.583800315856934,9.577400207519531
2018-01-19,9.628299713134766,9.641400337219238,9.586000442504883,9.633199691772461
2018-01-22,9.42300033569336,9.662099838256836,9.416799545288086,9.421799659729004
2018-01-23,9.628700256347656,9.740400314331055,9.609000205993652,9.629300117492676
2018-01-24,9.741499900817871,9.771100044250488,9.70359992980957,9.740400314331055
2018-01-25,9.733699798583984,9.747699737548828,9.694899559020996,9.734299659729004
2018-01-26,9.70460033416748,9.8193998336792,9.695199966430664,9.704299926757812
2018-01-29,9.782500267028809,9.847700119018555,9.76729965209961,9.783499717712402
2018-01-30,9.81190013885498,9.871100425720215,9.799300193786621,9.818099975585938
2018-01-31,9.863499641418457,9.863499641418457,9.753899574279785,9.862700462341309
2018-02-01,9.788599967956543,9.815999984741211,9.748000144958496,9.7878999710083
2018-02-02,9.787500381469727,9.876500129699707,9.777199745178223,9.790900230407715
2018-02-05,9.906200408935547,9.92770004272461,9.847299575805664,9.903499603271484
2018-02-06,10.050999641418457,10.107000350952148,9.899399757385254,10.02299976348877
2018-02-07,9.855899810791016,9.961000442504883,9.847900390625,9.843899726867676
2018-02-08,9.97350025177002,10.038999557495117,9.894100189208984,9.97089958190918
2018-02-09,10.093000411987305,10.093000411987305,9.934499740600586,10.095000267028809
2018-02-12,9.95479965209961,9.99489974975586,9.929200172424316,9.95300006866455
2018-02-13,9.938300132751465,10.083999633789062,9.933099746704102,9.959199905395508
2018-02-14,10.052000045776367,10.11400032043457,10.006999969482422,10.057000160217285
2018-02-15,10.036999702453613,10.083999633789062,9.979000091552734,10.039999961853027
2018-02-16,10.017999649047852,10.0600004196167,9.994799613952637,10.017000198364258
2018-02-19,10.02400016784668,10.026000022888184,9.989999771118164,10.027000427246094
2018-02-20,10.0,10.031999588012695,9.984399795532227,9.996100425720215
2018-02-21,9.994400024414062,10.010000228881836,9.944700241088867,9.985799789428711
2018-02-22,9.99429988861084,10.128999710083008,9.99429988861084,9.985899925231934
2018-02-23,10.109999656677246,10.109999656677246,10.0649995803833,10.112000465393066
2018-02-26,9.840200424194336,10.086000442504883,9.840200424194336,9.837400436401367
2018-02-27,9.98900032043457,10.03499984741211,9.982600212097168,9.98840045928955
2018-02-28,10.057999610900879,10.145999908447266,10.031000137329102,10.055999755859375
2018-03-01,10.175999641418457,10.189000129699707,10.083000183105469,10.175999641418457
2018-03-02,10.189000129699707,10.28499984741211,10.14799976348877,10.189000129699707
2018-03-05,10.218000411987305,10.26099967956543,10.151000022888184,10.220999717712402
2018-03-06,10.119999885559082,10.156999588012695,9.973299980163574,10.130999565124512
2018-03-07,10.083999633789062,10.125,10.041000366210938,10.071999549865723
2018-03-08,10.041000366210938,10.126999855041504,10.034000396728516,10.038000106811523
2018-03-09,10.057999610900879,10.057999610900879,9.94540023803711,10.085000038146973
2018-03-12,9.95300006866455,10.012999534606934,9.945599555969238,9.952400207519531
2018-03-13,10.006999969482422,10.015999794006348,9.910599708557129,10.006999969482422
2018-03-14,10.006999969482422,10.02400016784668,9.952300071716309,10.01099967956543
2018-03-15,10.005000114440918,10.071999549865723,10.005000114440918,10.005999565124512
2018-03-16,10.050000190734863,10.10200023651123,10.041999816894531,10.050000190734863
2018-03-19,10.097999572753906,10.138999938964844,10.062999725341797,10.100000381469727
2018-03-20,10.105999946594238,10.107000350952148,10.019000053405762,10.114999771118164
2018-03-21,10.043999671936035,10.08899974822998,10.043000221252441,10.052000045776367
2018-03-22,10.043999671936035,10.253000259399414,10.041999816894531,10.041000366210938
2018-03-23,10.288000106811523,10.34000015258789,10.215999603271484,10.286999702453613
2018-03-25,10.041000366210938,10.289999961853027,10.01099967956543,10.324000358581543
2018-03-26,10.157999992370605,10.180000305175781,10.10099983215332,10.180000305175781
2018-03-27,10.168999671936035,10.180000305175781,9.996100425720215,10.182000160217285
2018-03-28,9.968700408935547,10.01200008392334,9.962800025939941,9.952799797058105
2018-03-29,9.972900390625,9.999500274658203,9.970999717712402,9.971099853515625
2018-04-01,9.978799819946289,9.978799819946289,9.750200271606445,9.978400230407715
2018-04-02,9.842700004577637,10.045000076293945,9.842700004577637,9.841899871826172
2018-04-03,9.895500183105469,10.041000366210938,9.895500183105469,9.897500038146973
2018-04-04,9.901100158691406,9.943499565124512,9.872300148010254,9.901000022888184
2018-04-05,9.908300399780273,9.98900032043457,9.904999732971191,9.91510009765625
2018-04-08,10.006999969482422,10.015000343322754,9.937800407409668,10.005000114440918
2018-04-09,10.017000198364258,10.039999961853027,9.90820026397705,10.008999824523926
2018-04-10,9.929300308227539,10.005999565124512,9.927399635314941,9.926199913024902
2018-04-11,9.970600128173828,10.02299976348877,9.95829963684082,9.97350025177002
2018-04-12,9.975600242614746,9.975600242614746,9.906999588012695,9.976900100708008
2018-04-15,9.958499908447266,10.01200008392334,9.953100204467773,9.958499908447266
2018-04-16,9.990900039672852,9.990900039672852,9.950300216674805,9.988100051879883
2018-04-17,9.935400009155273,9.954099655151367,9.912599563598633,9.958100318908691
2018-04-18,9.910599708557129,9.926300048828125,9.850000381469727,9.912500381469727
2018-04-19,9.921899795532227,9.957099914550781,9.887399673461914,9.921699523925781
2018-04-22,9.704299926757812,9.972800254821777,9.69890022277832,9.929300308227539
2018-04-23,9.910900115966797,9.910900115966797,9.848600387573242,9.929200172424316
2018-04-24,9.881799697875977,9.917799949645996,9.860799789428711,9.893699645996094
2018-04-25,9.882800102233887,9.882800102233887,9.843999862670898,9.8818998336792
2018-04-26,9.849900245666504,9.868000030517578,9.755900382995605,9.849200248718262
2018-04-29,9.783599853515625,9.784899711608887,9.7568998336792,9.78279972076416
2018-04-30,9.781800270080566,9.81879997253418,9.775400161743164,9.780400276184082
2018-05-01,9.800600051879883,9.800600051879883,9.586099624633789,9.800700187683105
2018-05-02,9.817999839782715,9.898799896240234,9.780900001525879,9.819899559020996
2018-05-03,9.841400146484375,9.889399528503418,9.841400146484375,9.843199729919434
2018-05-06,9.834099769592285,9.897100448608398,9.825599670410156,9.830599784851074
2018-05-07,9.895000457763672,9.90369987487793,9.858699798583984,9.89680004119873
2018-05-08,9.879899978637695,9.902099609375,9.800999641418457,9.880000114440918
2018-05-09,9.811800003051758,9.8233003616333,9.714799880981445,9.811100006103516
2018-05-10,9.724599838256836,9.780900001525879,9.724599838256836,9.723400115966797
2018-05-13,9.749099731445312,9.756799697875977,9.73169994354248,9.748100280761719
2018-05-14,9.742600440979004,9.782099723815918,9.734299659729004,9.740500450134277
2018-05-15,9.777400016784668,9.82759952545166,9.752900123596191,9.780599594116211
2018-05-16,9.750699996948242,9.7878999710083,9.746399879455566,9.751799583435059
2018-05-17,9.748800277709961,9.77869987487793,9.703700065612793,9.74940013885498
2018-05-20,9.520000457763672,9.76729965209961,9.495499610900879,9.743300437927246
2018-05-21,9.69480037689209,9.723299980163574,9.654800415039062,9.695099830627441
2018-05-22,9.695799827575684,9.869099617004395,9.695799827575684,9.69629955291748
2018-05-23,9.777099609375,9.94540023803711,9.777099609375,9.779999732971191
2018-05-24,9.867799758911133,9.884300231933594,9.80109977722168,9.869999885559082
2018-05-27,9.792799949645996,9.82509994506836,9.762800216674805,9.791399955749512
2018-05-28,9.817099571228027,9.966899871826172,9.817099571228027,9.808699607849121
2018-05-29,9.997099876403809,9.997099876403809,9.881500244140625,9.99429988861084
2018-05-30,9.886899948120117,9.949899673461914,9.854499816894531,9.886199951171875
2018-05-31,9.912599563598633,9.912599563598633,9.773300170898438,9.929100036621094
2018-06-03,9.762299537658691,9.7701997756958,9.7322998046875,9.762100219726562
2018-06-04,9.71679973602295,9.778599739074707,9.70259952545166,9.730999946594238
2018-06-05,9.737899780273438,9.747200012207031,9.667900085449219,9.738200187683105
2018-06-06,9.668700218200684,9.743499755859375,9.668399810791016,9.668499946594238
2018-06-07,9.750900268554688,9.854399681091309,9.739100456237793,9.764699935913086
2018-06-10,9.57919979095459,9.781100273132324,9.53499984741211,9.798999786376953
2018-06-11,9.749899864196777,9.788200378417969,9.706000328063965,9.748200416564941
2018-06-12,9.768600463867188,9.817299842834473,9.767200469970703,9.76930046081543
2018-06-13,9.81410026550293,9.845199584960938,9.790599822998047,9.836899757385254
2018-06-14,9.822999954223633,9.987199783325195,9.822999954223633,9.85509967803955
2018-06-17,9.97599983215332,10.008000373840332,9.97070026397705,9.974499702453613
2018-06-18,10.020000457763672,10.17300033569336,9.984700202941895,10.020999908447266
2018-06-19,10.071000099182129,10.10099983215332,10.01099967956543,10.092000007629395
2018-06-20,10.031000137329102,10.083000183105469,9.982199668884277,10.034000396728516
2018-06-21,10.074999809265137,10.140999794006348,10.03600025177002,10.09000015258789
2018-06-24,10.098999977111816,10.206999778747559,10.098999977111816,10.097999572753906
2018-06-25,10.163999557495117,10.206000328063965,10.144000053405762,10.15999984741211
2018-06-26,10.14799976348877,10.20300006866455,10.109999656677246,10.14799976348877
2018-06-27,10.163999557495117,10.196000099182129,10.151000022888184,10.180999755859375
2018-06-28,10.137999534606934,10.140999794006348,10.02299976348877,10.138999938964844
2018-07-01,10.062000274658203,10.109999656677246,10.048999786376953,10.0649995803833
2018-07-02,10.083000183105469,10.131999969482422,10.012999534606934,10.083999633789062
2018-07-03,10.086000442504883,10.11400032043457,10.065999984741211,10.07800006866455
2018-07-04,10.086000442504883,10.137999534606934,10.074999809265137,10.081999778747559
2018-07-05,10.109000205993652,10.131999969482422,10.050000190734863,10.107000350952148
2018-07-08,10.081999778747559,10.088000297546387,10.027000427246094,10.083000183105469
2018-07-09,10.02400016784668,10.045000076293945,9.987099647521973,10.02400016784668
2018-07-10,10.034000396728516,10.119999885559082,10.034000396728516,10.03600025177002
2018-07-11,10.0649995803833,10.071000099182129,9.972900390625,10.065999984741211
2018-07-12,9.961999893188477,10.067000389099121,9.943400382995605,9.96049976348877
2018-07-15,10.048999786376953,10.048999786376953,9.999199867248535,10.048999786376953
2018-07-16,10.031999588012695,10.031999588012695,9.967100143432617,10.032999992370605
2018-07-17,9.956399917602539,10.050000190734863,9.956399917602539,9.958800315856934
2018-07-18,10.02400016784668,10.083000183105469,9.999500274658203,10.024999618530273
2018-07-19,10.092000007629395,10.128000259399414,10.048999786376953,10.090999603271484
2018-07-22,9.883199691772461,10.213000297546387,9.883199691772461,9.881600379943848
2018-07-23,10.156000137329102,10.229999542236328,10.12399959564209,10.154000282287598
2018-07-24,10.133999824523926,10.14900016784668,10.067000389099121,10.13700008392334
2018-07-25,10.071999549865723,10.121000289916992,10.071999549865723,10.060999870300293
2018-07-26,10.097000122070312,10.107999801635742,10.029000282287598,10.102999687194824
2018-07-29,10.045000076293945,10.07800006866455,10.029000282287598,10.043999671936035
2018-07-30,10.059000015258789,10.081000328063965,9.93649959564209,10.0600004196167
2018-07-31,9.965700149536133,10.010000228881836,9.961199760437012,9.945500373840332
2018-08-01,10.01099967956543,10.13599967956543,10.003000259399414,10.020000457763672
2018-08-02,10.097000122070312,10.112000465393066,10.043999671936035,10.097999572753906
2018-08-05,10.092000007629395,10.112000465393066,10.074999809265137,10.093000411987305
2018-08-06,10.104000091552734,10.114999771118164,10.050000190734863,10.104999542236328
2018-08-07,10.031999588012695,10.09000015258789,10.027000427246094,10.02400016784668
2018-08-08,10.074999809265137,10.097999572753906,10.045000076293945,10.0600004196167
2018-08-09,10.111000061035156,10.213000297546387,10.111000061035156,10.093000411987305
2018-08-12,10.218000411987305,10.295999526977539,10.192999839782715,10.218999862670898
2018-08-13,10.265000343322754,10.265000343322754,10.126999855041504,10.26200008392334
2018-08-14,10.12600040435791,10.288999557495117,10.121000289916992,10.126999855041504
2018-08-15,10.25100040435791,10.270000457763672,10.133000373840332,10.27400016784668
2018-08-16,10.145000457763672,10.192000389099121,10.12399959564209,10.145000457763672
2018-08-19,10.119999885559082,10.157999992370605,10.11400032043457,10.119999885559082
2018-08-20,10.156999588012695,10.175000190734863,10.097000122070312,10.152999877929688
2018-08-21,10.133000373840332,10.152999877929688,10.097999572753906,10.130999565124512
2018-08-22,10.102999687194824,10.121999740600586,10.081999778747559,10.102999687194824
2018-08-23,10.107999801635742,10.107999801635742,9.991499900817871,10.109999656677246
2018-08-26,9.984000205993652,10.031999588012695,9.96720027923584,9.98069953918457
2018-08-27,9.97070026397705,9.981900215148926,9.931500434875488,9.968099594116211
2018-08-28,9.95460033416748,10.006999969482422,9.918499946594238,9.955599784851074
2018-08-29,9.920900344848633,10.005000114440918,9.901300430297852,9.920100212097168
2018-08-30,10.045000076293945,10.08899974822998,10.00100040435791,10.045999526977539
2018-09-02,10.027999877929688,10.053000450134277,9.985300064086914,10.027000427246094
2018-09-03,10.02299976348877,10.062999725341797,9.992199897766113,10.020999908447266
2018-09-04,10.027000427246094,10.095999717712402,9.968000411987305,10.057000160217285
2018-09-05,10.032999992370605,10.12600040435791,10.019000053405762,10.029000282287598
2018-09-06,10.177000045776367,10.178000450134277,10.095000267028809,10.175999641418457
2018-09-09,10.156999588012695,10.177000045776367,10.128000259399414,10.156000137329102
2018-09-10,10.225000381469727,10.225000381469727,10.07699966430664,10.22599983215332
2018-09-11,10.081000328063965,10.128999710083008,10.045999526977539,10.079999923706055
2018-09-12,10.119999885559082,10.119999885559082,9.999500274658203,10.118000030517578
2018-09-13,10.0,10.008000373840332,9.96030044555664,10.001999855041504
2018-09-16,10.012999534606934,10.069000244140625,9.99120044708252,10.010000228881836
2018-09-17,10.085000038146973,10.104999542236328,9.986499786376953,10.074000358581543
2018-09-18,9.979900360107422,10.005000114440918,9.954299926757812,9.979399681091309
2018-09-19,9.98639965057373,9.994400024414062,9.92300033569336,9.988100051879883
2018-09-20,9.921699523925781,9.932499885559082,9.85420036315918,9.922200202941895
2018-09-23,9.900099754333496,9.94890022277832,9.891799926757812,9.897899627685547
2018-09-24,9.906999588012695,9.915300369262695,9.888299942016602,9.909299850463867
2018-09-25,9.874799728393555,9.900699615478516,9.847900390625,9.875800132751465
2018-09-26,9.883700370788574,9.89169979095459,9.794400215148926,9.880999565124512
2018-09-27,9.806900024414062,9.817899703979492,9.746999740600586,9.809900283813477
2018-09-30,9.743599891662598,9.753800392150879,9.721500396728516,9.742600440979004
2018-10-01,9.753800392150879,9.860400199890137,9.753499984741211,9.758600234985352
2018-10-02,9.838700294494629,9.856599807739258,9.799400329589844,9.837200164794922
2018-10-03,9.822199821472168,9.940500259399414,9.81350040435791,9.829500198364258
2018-10-04,9.942099571228027,9.95199966430664,9.884400367736816,9.941100120544434
2018-10-07,9.942899703979492,10.059000015258789,9.92710018157959,9.684800148010254
2018-10-08,10.013999938964844,10.050000190734863,9.983699798583984,10.015999794006348
2018-10-09,10.017000198364258,10.112000465393066,9.990699768066406,10.017999649047852
2018-10-10,10.175999641418457,10.211000442504883,10.081999778747559,10.192999839782715
2018-10-11,10.116000175476074,10.128999710083008,10.031000137329102,10.118000030517578
2018-10-14,10.079000473022461,10.13599967956543,10.064000129699707,10.079000473022461
2018-10-15,10.107000350952148,10.116000175476074,9.995699882507324,10.147000312805176
2018-10-16,9.984100341796875,10.053000450134277,9.976099967956543,9.98550033569336
2018-10-17,10.003999710083008,10.140999794006348,10.001999855041504,10.003999710083008
2018-10-18,10.126999855041504,10.140999794006348,10.017999649047852,10.126999855041504
2018-10-21,10.059000015258789,10.07699966430664,9.990900039672852,10.057999610900879
2018-10-22,10.027999877929688,10.168000221252441,10.027999877929688,10.029000282287598
2018-10-23,10.107000350952148,10.11400032043457,10.013999938964844,10.104999542236328
2018-10-24,10.15999984741211,10.178999900817871,10.076000213623047,10.152999877929688
2018-10-25,10.104000091552734,10.251999855041504,10.097000122070312,10.10200023651123
2018-10-29,10.178999900817871,10.204000473022461,9.929200172424316,10.182000160217285
2018-10-30,10.164999961853027,10.170999526977539,10.065999984741211,10.163999557495117
2018-10-31,10.064000129699707,10.104000091552734,10.034000396728516,10.059000015258789
2018-11-01,10.109999656677246,10.109999656677246,9.973999977111816,10.107999801635742
2018-11-02,10.012999534606934,10.012999534606934,9.833499908447266,10.012999534606934
2018-11-05,9.862199783325195,9.931400299072266,9.849599838256836,9.861599922180176
2018-11-06,9.887800216674805,9.922900199890137,9.878600120544434,9.900699615478516
2018-11-07,9.87909984588623,9.922300338745117,9.846400260925293,9.874300003051758
2018-11-08,9.819299697875977,9.844400405883789,9.784500122070312,9.819299697875977
2018-11-09,9.826800346374512,9.935700416564941,9.821399688720703,9.824799537658691
2018-11-12,9.930700302124023,10.017999649047852,9.90250015258789,9.93019962310791
2018-11-13,10.001999855041504,10.038999557495117,9.904199600219727,10.001999855041504
2018-11-14,9.940600395202637,9.98289966583252,9.897500038146973,9.938199996948242
2018-11-15,9.95930004119873,9.992199897766113,9.914299964904785,9.95989990234375
2018-11-16,9.92549991607666,10.003999710083008,9.90839958190918,9.924300193786621
2018-11-19,9.939499855041504,10.02299976348877,9.939499855041504,9.938799858093262
2018-11-20,10.010000228881836,10.050999641418457,9.98840045928955,10.008999824523926
2018-11-21,10.020000457763672,10.050999641418457,9.96310043334961,10.015000343322754
2018-11-22,10.057999610900879,10.057999610900879,9.965100288391113,10.059000015258789
2018-11-23,9.98009967803955,10.041999816894531,9.9753999710083,10.050000190734863
2018-11-26,10.03499984741211,10.036999702453613,9.912500381469727,10.038000106811523
2018-11-27,9.947699546813965,9.966099739074707,9.90369987487793,9.946900367736816
2018-11-28,9.93220043182373,9.945199966430664,9.876799583435059,9.935600280761719
2018-11-29,9.870499610900879,9.905400276184082,9.859700202941895,9.8725004196167
2018-11-30,9.845399856567383,9.896300315856934,9.839500427246094,9.845399856567383
2018-12-03,9.818400382995605,9.838199615478516,9.759499549865723,9.817099571228027
2018-12-04,9.758199691772461,9.826800346374512,9.758199691772461,9.756799697875977
2018-12-05,9.865599632263184,9.879899978637695,9.821000099182129,9.854599952697754
2018-12-06,9.833700180053711,9.999699592590332,9.833700180053711,9.833800315856934
2018-12-07,9.926799774169922,9.97659969329834,9.879500389099121,9.935099601745605
2018-12-10,9.979299545288086,10.032999992370605,9.946399688720703,9.97659969329834
2018-12-11,9.99530029296875,10.013999938964844,9.941499710083008,9.996999740600586
2018-12-12,9.94480037689209,9.965299606323242,9.911299705505371,9.944700241088867
2018-12-13,9.913700103759766,9.933099746704102,9.873100280761719,9.920299530029297
2018-12-14,9.920100212097168,9.99530029296875,9.899200439453125,9.920499801635742
2018-12-17,9.979900360107422,10.017999649047852,9.947799682617188,9.976400375366211
2018-12-18,9.998499870300293,10.053999900817871,9.992799758911133,9.99839973449707
2018-12-19,9.9975004196167,10.032999992370605,9.98169994354248,9.998200416564941
2018-12-20,10.027000427246094,10.098999977111816,10.003999710083008,10.03600025177002
2018-12-21,10.083999633789062,10.130999565124512,10.04800033569336,10.069999694824219
2018-12-24,10.147000312805176,10.187999725341797,10.10099983215332,10.152000427246094
2018-12-25,10.1850004196167,10.215999603271484,10.15999984741211,10.182000160217285
2018-12-26,10.16100025177002,10.201000213623047,10.147000312805176,10.163000106811523
2018-12-27,10.128999710083008,10.140999794006348,10.0600004196167,10.130000114440918
2018-12-28,10.093000411987305,10.126999855041504,10.067000389099121,10.092000007629395
2018-12-31,10.118000030517578,10.14799976348877,10.052000045776367,10.116999626159668
2019-01-01,10.152000427246094,10.156000137329102,10.083000183105469,10.147000312805176
2019-01-02,10.151000022888184,10.305999755859375,10.151000022888184,10.149999618530273
2019-01-03,10.437999725341797,10.572999954223633,10.38700008392334,10.442999839782715
2019-01-04,10.416999816894531,10.484000205993652,10.309000015258789,10.42199993133545
2019-01-07,10.269000053405762,10.355999946594238,10.26099967956543,10.265000343322754
2019-01-08,10.27299976348877,10.36400032043457,10.272000312805176,10.277999877929688
2019-01-09,10.305000305175781,10.354999542236328,10.256999969482422,10.303999900817871
2019-01-10,10.329000473022461,10.395000457763672,10.300000190734863,10.336000442504883
2019-01-11,10.303999900817871,10.333999633789062,10.270000457763672,10.305999755859375
2019-01-14,10.309000015258789,10.39900016784668,10.305000305175781,10.309000015258789
2019-01-15,10.357999801635742,10.368000030517578,10.284000396728516,10.361000061035156
2019-01-16,10.312000274658203,10.369999885559082,10.272000312805176,10.331000328063965
2019-01-17,10.256999969482422,10.33899974822998,10.251999855041504,10.260000228881836
2019-01-18,10.265999794006348,10.27299976348877,10.218000411987305,10.265999794006348
2019-01-21,10.260000228881836,10.32800006866455,10.241999626159668,10.26099967956543
2019-01-22,10.326000213623047,10.354000091552734,10.281000137329102,10.321999549865723
2019-01-23,10.331000328063965,10.333999633789062,10.241999626159668,10.329000473022461
2019-01-24,10.289999961853027,10.315999984741211,10.258999824523926,10.277000427246094
2019-01-25,10.281999588012695,10.288999557495117,10.161999702453613,10.279999732971191
2019-01-28,10.218000411987305,10.244999885559082,10.184000015258789,10.218999862670898
2019-01-29,10.232999801635742,10.260000228881836,10.190999984741211,10.244999885559082
2019-01-30,10.21399974822998,10.23799991607666,10.180000305175781,10.21399974822998
2019-01-31,10.17300033569336,10.253999710083008,10.17300033569336,10.17300033569336
2019-02-01,10.211999893188477,10.279999732971191,10.185999870300293,10.210000038146973
2019-02-04,10.210000038146973,10.230999946594238,10.156000137329102,10.218000411987305
2019-02-05,10.1899995803833,10.206999778747559,10.14900016784668,10.192000389099121
2019-02-06,10.17199993133545,10.22599983215332,10.168000221252441,10.170999526977539
2019-02-07,10.1899995803833,10.262999534606934,10.17199993133545,10.194999694824219
2019-02-08,10.234999656677246,10.265000343322754,10.196000099182129,10.234000205993652
2019-02-11,10.225000381469727,10.244999885559082,10.17199993133545,10.225000381469727
2019-02-12,10.1850004196167,10.201000213623047,10.140999794006348,10.190999984741211
2019-02-13,10.135000228881836,10.157999992370605,10.107999801635742,10.13599967956543
2019-02-14,10.126999855041504,10.20199966430664,10.107999801635742,10.126999855041504
2019-02-15,10.206000328063965,10.246999740600586,10.175000190734863,10.206999778747559
2019-02-18,10.180000305175781,10.189000129699707,10.152999877929688,10.178000450134277
2019-02-19,10.166999816894531,10.211000442504883,10.151000022888184,10.166000366210938
2019-02-20,10.138999938964844,10.157999992370605,10.097000122070312,10.140999794006348
2019-02-21,10.12600040435791,10.182000160217285,10.118000030517578,10.126999855041504
2019-02-22,10.154000282287598,10.175999641418457,10.121999740600586,10.154000282287598
2019-02-25,10.130000114440918,10.138999938964844,10.038000106811523,10.131999969482422
2019-02-26,10.053999900817871,10.100000381469727,10.050999641418457,10.0600004196167
2019-02-27,10.074999809265137,10.140999794006348,10.069999694824219,10.074999809265137
2019-02-28,10.065999984741211,10.152000427246094,10.065999984741211,10.064000129699707
2019-03-01,10.090999603271484,10.093000411987305,10.036999702453613,10.093000411987305
2019-03-04,10.064000129699707,10.08899974822998,10.031000137329102,10.060999870300293
2019-03-05,10.065999984741211,10.079000473022461,10.038999557495117,10.090999603271484
2019-03-06,10.053999900817871,10.107000350952148,10.053999900817871,10.062999725341797
2019-03-07,10.093000411987305,10.163000106811523,10.076000213623047,10.092000007629395
2019-03-08,10.140999794006348,10.248000144958496,10.13599967956543,10.147000312805176
2019-03-11,10.208000183105469,10.232000350952148,10.17300033569336,10.208999633789062
2019-03-12,10.154999732971191,10.170999526977539,10.109999656677246,10.156000137329102
2019-03-13,10.12600040435791,10.194999694824219,10.123000144958496,10.126999855041504
2019-03-14,10.159000396728516,10.184000015258789,10.128999710083008,10.157999992370605
2019-03-15,10.149999618530273,10.201000213623047,10.126999855041504,10.15999984741211
2019-03-18,10.178000450134277,10.185999870300293,10.130999565124512,10.175999641418457
2019-03-19,10.152000427246094,10.182999610900879,10.121999740600586,10.152000427246094
2019-03-20,10.138999938964844,10.140000343322754,10.107000350952148,10.135000228881836
2019-03-21,10.166999816894531,10.222999572753906,10.145000457763672,10.163999557495117
2019-03-22,10.173999786376953,10.357999801635742,10.161999702453613,10.175000190734863
2019-03-25,10.303000450134277,10.357999801635742,10.262999534606934,10.310999870300293
2019-03-26,10.302000045776367,10.302000045776367,10.237000465393066,10.300000190734863
2019-03-27,10.258999824523926,10.322999954223633,10.244999885559082,10.255999565124512
2019-03-28,10.300000190734863,10.345000267028809,10.26200008392334,10.298999786376953
2019-03-29,10.251999855041504,10.276000022888184,10.222999572753906,10.24899959564209
2019-03-31,10.23900032043457,10.243000030517578,10.17300033569336,10.237000465393066
2019-04-01,10.156999588012695,10.232000350952148,10.154999732971191,10.16100025177002
2019-04-02,10.213000297546387,10.222999572753906,10.149999618530273,10.208999633789062
2019-04-03,10.177000045776367,10.220999717712402,10.157999992370605,10.173999786376953
2019-04-04,10.159000396728516,10.194000244140625,10.14900016784668,10.15999984741211
2019-04-07,10.170999526977539,10.288000106811523,10.166000366210938,10.175000190734863
2019-04-08,10.239999771118164,10.286999702453613,10.220999717712402,10.23799991607666
2019-04-09,10.265000343322754,10.288000106811523,10.215999603271484,10.26099967956543
2019-04-10,10.23900032043457,10.272000312805176,10.222000122070312,10.243000030517578
2019-04-11,10.218999862670898,10.232999801635742,10.105999946594238,10.220999717712402
2019-04-14,10.118000030517578,10.144000053405762,10.095000267028809,10.116999626159668
2019-04-15,10.140000343322754,10.15999984741211,10.119000434875488,10.123000144958496
2019-04-16,10.14799976348877,10.15999984741211,10.095000267028809,10.140999794006348
2019-04-17,10.097000122070312,10.173999786376953,10.097000122070312,10.088000297546387
2019-04-18,10.145000457763672,10.161999702453613,10.140000343322754,10.145000457763672
2019-04-21,10.137999534606934,10.210000038146973,10.13700008392334,10.13700008392334
2019-04-22,10.1850004196167,10.230999946594238,10.182999610900879,10.1850004196167
2019-04-23,10.208000183105469,10.354000091552734,10.206999778747559,10.206999778747559
2019-04-24,10.300999641418457,10.414999961853027,10.29800033569336,10.302000045776367
2019-04-25,10.388999938964844,10.40999984741211,10.343000411987305,10.390999794006348
2019-04-28,10.366999626159668,10.390000343322754,10.359999656677246,10.37399959564209
2019-04-29,10.371000289916992,10.5,10.366999626159668,10.37600040435791
2019-04-30,10.444999694824219,10.456999778747559,10.41100025177002,10.442000389099121
2019-05-01,10.449999809265137,10.486000061035156,10.39799976348877,10.449999809265137
2019-05-02,10.470000267028809,10.513999938964844,10.461000442504883,10.458999633789062
2019-05-05,10.513999938964844,10.62399959564209,10.505999565124512,10.515999794006348
2019-05-06,10.536999702453613,10.628999710083008,10.520999908447266,10.541000366210938
2019-05-07,10.621999740600586,10.663999557495117,10.60099983215332,10.623000144958496
2019-05-08,10.654000282287598,10.826000213623047,10.625,10.652999877929688
2019-05-09,10.734999656677246,10.784000396728516,10.687000274658203,10.73900032043457
2019-05-12,10.706999778747559,10.913999557495117,10.706999778747559,10.708999633789062
2019-05-13,10.875,10.894000053405762,10.795999526977539,10.87600040435791
2019-05-14,10.829000473022461,10.904999732971191,10.814000129699707,10.821999549865723
2019-05-15,10.833999633789062,10.895999908447266,10.803999900817871,10.833999633789062
2019-05-16,10.852999687194824,10.909000396728516,10.809000015258789,10.835000038146973
2019-05-19,10.835000038146973,10.87399959564209,10.795000076293945,10.836000442504883
2019-05-20,10.812999725341797,10.86299991607666,10.765000343322754,10.840999603271484
2019-05-21,,,,
2019-05-22,10.784000396728516,10.862000465393066,10.762999534606934,10.793999671936035
2019-05-23,10.84000015258789,10.869999885559082,10.798999786376953,10.850000381469727
2019-05-26,10.829999923706055,10.840999603271484,10.786999702453613,10.831000328063965
2019-05-27,10.814000129699707,10.894000053405762,10.800000190734863,10.795999526977539
2019-05-28,10.854999542236328,10.95300006866455,10.854999542236328,10.861000061035156
2019-05-29,10.881999969482422,10.883999824523926,10.812999725341797,10.883000373840332
2019-05-30,10.86299991607666,10.980999946594238,10.86299991607666,10.864999771118164
2019-06-02,10.973999977111816,10.987000465393066,10.878000259399414,10.97599983215332
2019-06-03,10.89900016784668,10.972000122070312,10.88599967956543,10.909000396728516
2019-06-04,10.854999542236328,10.932999610900879,10.82699966430664,10.86299991607666
2019-06-05,10.881999969482422,10.928000450134277,10.871000289916992,10.880999565124512
2019-06-06,10.861000061035156,10.951000213623047,10.850000381469727,10.85200023651123
2019-06-09,10.88599967956543,10.935999870300293,10.87600040435791,10.88700008392334
2019-06-10,10.923999786376953,10.9350004196167,10.833999633789062,10.909000396728516
2019-06-11,10.861000061035156,10.928999900817871,10.859999656677246,10.859000205993652
2019-06-12,10.907999992370605,10.970999717712402,10.887999534606934,10.907999992370605
2019-06-13,10.913999557495117,10.960000038146973,10.904999732971191,10.902999877929688
2019-06-16,10.923999786376953,10.939000129699707,10.897000312805176,10.92199993133545
2019-06-17,10.913000106811523,10.970999717712402,10.802000045776367,10.920000076293945
2019-06-18,10.800000190734863,10.869999885559082,10.800000190734863,10.807999610900879
2019-06-19,10.815999984741211,10.885000228881836,10.734000205993652,10.824000358581543
2019-06-20,10.78499984741211,10.861000061035156,10.74899959564209,10.786999702453613
2019-06-23,10.791999816894531,10.809000015258789,10.744999885559082,10.791999816894531
2019-06-24,10.73900032043457,10.810999870300293,10.732000350952148,10.73900032043457
2019-06-25,10.779000282287598,10.800000190734863,10.70300006866455,10.782999992370605
2019-06-26,10.696000099182129,10.751999855041504,10.684000015258789,10.696999549865723
2019-06-27,10.72599983215332,10.76200008392334,10.701000213623047,10.725000381469727
2019-06-30,10.663000106811523,10.744999885559082,10.616999626159668,10.661999702453613
2019-07-01,10.701000213623047,10.79699993133545,10.699999809265137,10.70199966430664
2019-07-02,10.8100004196167,10.897000312805176,10.8100004196167,10.810999870300293
2019-07-03,10.845999717712402,10.871000289916992,10.817999839782715,10.845000267028809
2019-07-04,10.82699966430664,10.857999801635742,10.789999961853027,10.82800006866455
2019-07-07,10.822999954223633,10.907999992370605,10.821999549865723,10.822999954223633
2019-07-08,10.843000411987305,10.878999710083008,10.791000366210938,10.85200023651123
2019-07-09,10.836999893188477,10.855999946594238,10.810999870300293,10.845999717712402
2019-07-10,10.833999633789062,10.894000053405762,10.822999954223633,10.85099983215332
2019-07-11,10.802000045776367,10.918999671936035,10.802000045776367,10.812000274658203
2019-07-14,10.89900016784668,10.95300006866455,10.894000053405762,10.91100025177002
2019-07-15,10.920999526977539,10.946999549865723,10.866999626159668,10.92199993133545
2019-07-16,10.902999877929688,10.928000450134277,10.881999969482422,10.88599967956543
2019-07-17,10.92300033569336,10.991000175476074,10.890000343322754,10.920000076293945
2019-07-18,10.901000022888184,10.9350004196167,10.875,10.901000022888184
2019-07-21,10.89799976348877,10.9350004196167,10.880000114440918,10.89900016784668
2019-07-22,10.88700008392334,10.916999816894531,10.880000114440918,10.887999534606934
2019-07-23,10.892000198364258,10.909000396728516,10.868000030517578,10.871999740600586
2019-07-24,10.875,10.937000274658203,10.86299991607666,10.87399959564209
2019-07-25,10.871000289916992,10.914999961853027,10.857999801635742,10.880999565124512
2019-07-28,10.892999649047852,10.920999526977539,10.861000061035156,10.892999649047852
2019-07-29,10.864999771118164,10.892000198364258,10.838000297546387,10.854999542236328
2019-07-30,10.875,10.899999618530273,10.857000350952148,10.875
2019-07-31,10.901000022888184,10.984000205993652,10.85099983215332,10.899999618530273
2019-08-01,11.121000289916992,11.305000305175781,11.098999977111816,11.121999740600586
2019-08-04,11.29699993133545,11.505999565124512,11.27400016784668,11.295999526977539
2019-08-05,11.520999908447266,11.54800033569336,11.295000076293945,11.517999649047852
2019-08-06,11.401000022888184,11.545999526977539,11.38700008392334,11.404000282287598
2019-08-07,11.42300033569336,11.458000183105469,11.355999946594238,11.420999526977539
2019-08-08,11.392000198364258,11.524999618530273,11.381999969482422,11.399999618530273
2019-08-11,11.501999855041504,11.607000350952148,11.501999855041504,11.510000228881836
2019-08-12,11.53600025177002,11.638999938964844,11.286999702453613,11.555999755859375
2019-08-13,11.298999786376953,11.520999908447266,11.298999786376953,11.300999641418457
2019-08-14,11.47700023651123,11.522000312805176,11.394000053405762,11.47700023651123
2019-08-15,11.418999671936035,11.456999778747559,11.319999694824219,11.420000076293945
2019-08-18,11.345000267028809,11.404000282287598,11.322999954223633,11.345000267028809
2019-08-19,11.361000061035156,11.381999969482422,11.317000389099121,11.357999801635742
2019-08-20,11.34000015258789,11.371000289916992,11.248000144958496,11.34000015258789
2019-08-21,11.272000312805176,11.404000282287598,11.267000198364258,11.269000053405762
2019-08-22,11.359000205993652,11.54699993133545,11.329000473022461,11.35099983215332
2019-08-25,11.562000274658203,11.611000061035156,11.40999984741211,11.564000129699707
2019-08-26,11.423999786376953,11.489999771118164,11.41100025177002,11.423999786376953
2019-08-27,11.4399995803833,11.494999885559082,11.4399995803833,11.449999809265137
2019-08-28,11.418999671936035,11.491999626159668,11.350000381469727,11.420000076293945
2019-08-29,11.33899974822998,11.39900016784668,11.324000358581543,11.34000015258789
2019-09-01,11.392999649047852,11.444000244140625,11.375,11.392000198364258
2019-09-02,11.428999900817871,11.484000205993652,11.402000427246094,11.420000076293945
2019-09-03,11.444000244140625,11.444000244140625,11.312000274658203,11.434000015258789
2019-09-04,11.312000274658203,11.319999694824219,11.154000282287598,11.310999870300293
2019-09-05,11.16100025177002,11.204999923706055,11.107999801635742,11.168999671936035
2019-09-08,11.142000198364258,11.187999725341797,11.107000350952148,11.142000198364258
2019-09-09,11.093000411987305,11.12600040435791,11.057000160217285,11.097999572753906
2019-09-10,11.055000305175781,11.09000015258789,11.017999649047852,11.053999900817871
2019-09-11,11.013999938964844,11.02299976348877,10.904999732971191,11.015999794006348
2019-09-12,10.92300033569336,10.946000099182129,10.871000289916992,10.92199993133545
2019-09-15,10.937000274658203,11.017999649047852,10.937000274658203,10.937999725341797
2019-09-16,10.947999954223633,11.01099967956543,10.9350004196167,10.9399995803833
2019-09-17,10.977999687194824,11.019000053405762,10.968999862670898,10.968999862670898
2019-09-18,10.96500015258789,11.095999717712402,10.96500015258789,10.970999717712402
2019-09-19,11.041000366210938,11.062999725341797,10.982000350952148,11.050000190734863
2019-09-22,11.083000183105469,11.166000366210938,11.045000076293945,11.081999778747559
2019-09-23,11.088000297546387,11.161999702453613,11.064000129699707,11.085000038146973
2019-09-24,11.142999649047852,11.206999778747559,11.11299991607666,11.140000343322754
2019-09-25,11.121000289916992,11.175000190734863,11.114999771118164,11.12399959564209
2019-09-26,11.123000144958496,11.163000106811523,11.064000129699707,11.123000144958496
2019-09-29,11.133000373840332,11.138999938964844,11.072999954223633,11.133999824523926
2019-09-30,11.086000442504883,11.168999671936035,11.045000076293945,11.085000038146973
2019-10-01,11.152999877929688,11.246999740600586,11.125,11.152999877929688
2019-10-02,11.230999946594238,11.279000282287598,11.213000297546387,11.229999542236328
2019-10-03,11.232999801635742,11.255000114440918,11.14799976348877,11.232999801635742
2019-10-06,11.157999992370605,11.217000007629395,11.151000022888184,11.157999992370605
2019-10-07,11.149999618530273,11.222999572753906,11.097000122070312,11.14900016784668
2019-10-08,11.204999923706055,11.211999893188477,11.133000373840332,11.20300006866455
2019-10-09,11.157999992370605,11.20300006866455,11.019000053405762,11.166000366210938
2019-10-10,11.020999908447266,11.048999786376953,10.840999603271484,11.019000053405762
2019-10-13,10.901187896728516,10.971712112426758,10.89596939086914,10.902193069458008
2019-10-14,10.906826972961426,10.966275215148926,10.869026184082031,10.907882690429688
2019-10-15,10.881609916687012,10.95500659942627,10.87102222442627,10.880558967590332
2019-10-16,10.90140438079834,10.920044898986816,10.788457870483398,10.901955604553223
2019-10-17,10.840622901916504,10.887882232666016,10.840622901916504,10.841522216796875
2019-10-20,10.867344856262207,10.881224632263184,10.74984359741211,10.86654281616211
2019-10-21,10.785776138305664,10.819228172302246,10.752874374389648,10.785676956176758
2019-10-22,10.796614646911621,10.85837173461914,10.776625633239746,10.797013282775879
2019-10-23,10.766406059265137,10.814613342285156,10.73569107055664,10.766901016235352
2019-10-24,10.805371284484863,10.825081825256348,10.767660140991211,10.81166934967041
2019-10-28,10.767398834228516,10.776049613952637,10.716602325439453,10.767448425292969
2019-10-29,10.703585624694824,10.732651710510254,10.660390853881836,10.707462310791016
2019-10-30,10.701608657836914,10.743020057678223,10.691258430480957,10.706987380981445
2019-10-31,10.696264266967773,10.819762229919434,10.654825210571289,10.697050094604492
2019-11-01,10.817853927612305,10.842172622680664,10.76052474975586,10.819856643676758
2019-11-04,10.754118919372559,10.755184173583984,10.683210372924805,10.753671646118164
2019-11-05,10.687732696533203,10.687732696533203,10.589094161987305,10.688223838806152
2019-11-06,10.584036827087402,10.665563583374023,10.584036827087402,10.583212852478027
2019-11-07,10.651290893554688,10.68172836303711,10.541646957397461,10.651095390319824
2019-11-08,10.558504104614258,10.626312255859375,10.542993545532227,10.558504104614258
2019-11-11,10.608675956726074,10.709250450134277,10.604944229125977,10.606927871704102
2019-11-12,10.675151824951172,10.681640625,10.607136726379395,10.681846618652344
2019-11-13,10.673296928405762,10.776208877563477,10.673296928405762,10.688301086425781
2019-11-14,10.761672019958496,10.823076248168945,10.730761528015137,10.760287284851074
2019-11-15,10.759516716003418,10.77950668334961,10.681058883666992,10.760305404663086
2019-11-18,10.687538146972656,10.750120162963867,10.663206100463867,10.687832832336426
2019-11-19,10.727076530456543,10.78281021118164,10.703606605529785,10.726582527160645
2019-11-20,10.747756958007812,10.803170204162598,10.743734359741211,10.75003719329834
2019-11-21,10.782088279724121,10.862616539001465,10.776227951049805,10.770004272460938
2019-11-22,10.823290824890137,10.864358901977539,10.799006462097168,10.823034286499023
2019-11-25,10.848278999328613,10.851861953735352,10.756635665893555,10.847580909729004
2019-11-26,10.756400108337402,10.816387176513672,10.717949867248535,10.756845474243164
2019-11-27,10.748184204101562,10.792749404907227,10.736183166503906,10.748184204101562
2019-11-28,10.746295928955078,10.788056373596191,10.733237266540527,10.74713134765625
2019-11-29,10.747379302978516,10.798456192016602,10.740692138671875,10.747190475463867
2019-12-02,10.770220756530762,10.878434181213379,10.731086730957031,10.770072937011719
2019-12-03,10.860419273376465,10.986026763916016,10.835920333862305,10.857869148254395
2019-12-04,10.929530143737793,11.018013954162598,10.928696632385254,10.930283546447754
2019-12-05,10.929020881652832,10.956755638122559,10.900252342224121,10.928971290588379
2019-12-06,10.917417526245117,10.96901798248291,10.904281616210938,10.92516040802002
2019-12-09,10.917190551757812,10.989608764648438,10.912239074707031,10.91879940032959
2019-12-10,10.94649600982666,10.991151809692383,10.943221092224121,10.946999549865723
2019-12-11,10.936101913452148,10.994073867797852,10.92996883392334,10.932570457458496
2019-12-12,10.943419456481934,10.981461524963379,10.746062278747559,10.943267822265625
2019-12-13,10.690608978271484,10.801584243774414,10.652262687683105,10.690217971801758
2019-12-16,10.711448669433594,10.739169120788574,10.636835098266602,10.710078239440918
2019-12-17,10.65365982055664,10.67709732055664,10.605585098266602,10.6503267288208
2019-12-18,10.617008209228516,10.678300857543945,10.613500595092773,10.617104530334473
2019-12-19,10.628279685974121,10.667197227478027,10.600119590759277,10.62808609008789
2019-12-20,10.60909366607666,10.661495208740234,10.574567794799805,10.614240646362305
2019-12-23,10.587310791015625,10.6454496383667,10.587310791015625,10.586828231811523
2019-12-24,10.618370056152344,10.653801918029785,10.59460163116455,10.619097709655762
2019-12-25,10.616532325744629,10.625908851623535,10.545612335205078,10.62459659576416
2019-12-26,10.602749824523926,10.610319137573242,10.57977294921875,10.582954406738281
2019-12-27,10.601080894470215,10.614697456359863,10.571935653686523,10.60214614868164
2019-12-30,10.606392860412598,10.637633323669434,10.569279670715332,10.606635093688965
2019-12-31,10.620992660522461,10.660346031188965,10.606649398803711,10.62109088897705
2020-01-01,10.61553955078125,10.62407398223877,10.277703285217285,10.61553955078125
2020-01-02,10.613463401794434,10.70926570892334,10.533480644226074,10.615074157714844
2020-01-03,10.659868240356445,10.815873146057129,10.65066909790039,10.659966468811035
2020-01-06,10.796457290649414,10.859073638916016,10.762263298034668,10.798657417297363
2020-01-07,10.768216133117676,10.77198600769043,10.718250274658203,10.75662899017334
2020-01-08,10.802005767822266,10.949307441711426,10.658500671386719,10.797057151794434
2020-01-09,10.649365425109863,10.654939651489258,10.565690994262695,10.649169921875
2020-01-10,10.564812660217285,10.625481605529785,10.55032730102539,10.572882652282715
2020-01-13,10.559784889221191,10.562097549438477,10.504778861999512,10.559109687805176
2020-01-14,10.489124298095703,10.54437255859375,10.435702323913574,10.492176055908203
2020-01-15,10.524529457092285,10.580628395080566,10.505117416381836,10.524279594421387
2020-01-16,10.527139663696289,10.562248229980469,10.508328437805176,10.536259651184082
2020-01-17,10.516828536987305,10.541415214538574,10.485807418823242,10.516586303710938
2020-01-20,10.522332191467285,10.535492897033691,10.483450889587402,10.521855354309082
2020-01-21,10.503290176391602,10.638846397399902,10.501289367675781,10.50588607788086
2020-01-22,10.633373260498047,10.633840560913086,10.557042121887207,10.632980346679688
2020-01-23,10.604864120483398,10.703909873962402,10.604864120483398,10.6053466796875
2020-01-24,10.65654182434082,10.696145057678223,10.63569164276123,10.657465934753418
2020-01-27,10.737083435058594,10.8314847946167,10.718169212341309,10.737181663513184
2020-01-28,10.802328109741211,10.85457992553711,10.77164363861084,10.802923202514648
2020-01-29,10.775666236877441,10.822684288024902,10.746742248535156,10.768526077270508
2020-01-30,10.82445240020752,10.969547271728516,10.800884246826172,10.817395210266113
2020-01-31,10.901819229125977,11.053468704223633,10.848580360412598,10.902861595153809
2020-02-03,11.016030311584473,11.044530868530273,10.943835258483887,11.016589164733887
2020-02-04,10.947463989257812,10.99465274810791,10.818471908569336,10.949934959411621
2020-02-05,10.804478645324707,10.896236419677734,10.745711326599121,10.804035186767578
2020-02-06,10.776410102844238,10.787203788757324,10.703157424926758,10.776458740234375
2020-02-07,10.78475284576416,10.910351753234863,10.772392272949219,10.76865005493164
2020-02-10,10.859190940856934,10.871827125549316,10.787139892578125,10.85740852355957
2020-02-11,10.801530838012695,10.823508262634277,10.735880851745605,10.810098648071289
2020-02-12,10.752640724182129,10.779017448425293,10.691595077514648,10.74876880645752
2020-02-13,10.721989631652832,10.795530319213867,10.703673362731934,10.722862243652344
2020-02-14,10.779741287231445,10.798419952392578,10.741973876953125,10.781901359558105
2020-02-17,10.76050090789795,10.779960632324219,10.729598045349121,10.76050090789795
2020-02-18,10.777929306030273,10.860445022583008,10.777929306030273,10.77837085723877
2020-02-19,10.826658248901367,10.859155654907227,10.696824073791504,10.821002006530762
2020-02-20,10.717397689819336,10.804261207580566,10.70213794708252,10.711742401123047
2020-02-21,10.750489234924316,10.890603065490723,10.719844818115234,10.755827903747559
2020-02-24,10.802764892578125,11.030394554138184,10.79279899597168,10.80189323425293
2020-02-25,10.984416007995605,11.049347877502441,10.887581825256348,10.984911918640137
2020-02-26,11.013740539550781,11.068172454833984,10.961124420166016,11.012829780578613
2020-02-27,10.978523254394531,11.06874942779541,10.967962265014648,10.977286338806152
2020-02-28,11.050183296203613,11.208292007446289,11.050183296203613,11.0450439453125
2020-03-02,11.121970176696777,11.209508895874023,10.951728820800781,11.125016212463379
2020-03-03,10.95365047454834,11.092608451843262,10.946122169494629,10.951990127563477
2020-03-04,11.079524040222168,11.091449737548828,10.964171409606934,11.081904411315918
2020-03-05,10.995068550109863,11.15816593170166,10.98682689666748,10.991591453552246
2020-03-06,11.174276351928711,11.354061126708984,11.173175811767578,11.175264358520508
2020-03-09,11.42601490020752,11.860322952270508,11.412303924560547,11.423103332519531
2020-03-10,11.645140647888184,11.666399002075195,11.337364196777344,11.634735107421875
2020-03-11,11.275422096252441,11.491938591003418,11.250564575195312,11.28597354888916
2020-03-12,11.387216567993164,11.667269706726074,11.387216567993164,11.388894081115723
2020-03-13,11.55967903137207,11.703848838806152,11.212708473205566,11.566373825073242
2020-03-16,11.36355972290039,11.694165229797363,11.318307876586914,11.347212791442871
2020-03-17,11.605152130126953,11.719659805297852,11.525984764099121,11.60330581665039
2020-03-18,11.529982566833496,11.76750659942627,11.466545104980469,11.528249740600586
2020-03-19,11.585543632507324,11.867429733276367,11.329209327697754,11.580719947814941
2020-03-20,11.291275024414062,11.419734954833984,11.21291446685791,11.294498443603516
2020-03-23,11.355670928955078,11.628559112548828,11.328792572021484,11.355053901672363
2020-03-24,11.356975555419922,11.415879249572754,11.10602855682373,11.36384105682373
2020-03-25,11.085892677307129,11.135061264038086,11.00153636932373,11.055720329284668
2020-03-26,11.028152465820312,11.168692588806152,11.028152465820312,11.032380104064941
2020-03-27,11.105857849121094,11.328145027160645,11.088882446289062,11.109338760375977
2020-03-29,11.277088165283203,11.443635940551758,11.263195991516113,11.28110408782959
2020-03-30,11.312079429626465,11.320652961730957,11.219143867492676,11.321892738342285
2020-03-31,11.306297302246094,11.50904655456543,11.28853988647461,11.316766738891602
2020-04-01,11.509736061096191,11.578642845153809,11.36751937866211,11.512628555297852
2020-04-02,11.35590934753418,11.427287101745605,11.324323654174805,11.348006248474121
2020-04-05,11.365431785583496,11.381701469421387,11.211604118347168,11.369898796081543
2020-04-06,11.207837104797363,11.260391235351562,11.073951721191406,11.208646774291992
2020-04-07,11.173807144165039,11.250115394592285,11.15529727935791,11.175431251525879
2020-04-08,11.150632858276367,11.21869945526123,11.103344917297363,11.152117729187012
2020-04-09,11.14083194732666,11.199317932128906,11.123717308044434,11.141077995300293
2020-04-12,11.17778205871582,11.316832542419434,11.174378395080566,11.177163124084473
2020-04-13,11.278558731079102,11.336888313293457,11.25980281829834,11.27919864654541
2020-04-14,11.317485809326172,11.395604133605957,11.27441120147705,11.310481071472168
2020-04-15,11.359731674194336,11.433035850524902,11.346056938171387,11.358365058898926
2020-04-16,11.363194465637207,11.363773345947266,11.257059097290039,11.3624849319458
2020-04-19,11.28557300567627,11.332962036132812,11.264227867126465,11.287314414978027
2020-04-20,11.32913875579834,11.537793159484863,11.319145202636719,11.327194213867188
2020-04-21,11.424077033996582,11.496452331542969,11.407089233398438,11.42617130279541
2020-04-22,11.414434432983398,11.465338706970215,11.382865905761719,11.420595169067383
2020-04-23,11.432073593139648,11.497267723083496,11.432073593139648,11.441018104553223
2020-04-26,11.445659637451172,11.47234058380127,11.392373085021973,11.437475204467773
2020-04-27,11.39465618133545,11.442411422729492,11.391613960266113,11.379158973693848
2020-04-28,11.431662559509277,11.445884704589844,11.364155769348145,11.432640075683594
2020-04-29,11.357616424560547,11.36206340789795,11.275586128234863,11.356710433959961
2020-04-30,11.29985237121582,11.473615646362305,11.294655799865723,11.304919242858887
2020-05-03,11.46580696105957,11.521203994750977,11.435844421386719,11.464303016662598
2020-05-04,11.457425117492676,11.47909164428711,11.371429443359375,11.45714282989502
2020-05-05,11.472307205200195,11.583577156066895,11.46957778930664,11.472521781921387
2020-05-06,11.56637191772461,11.56637191772461,11.44279670715332,11.56856918334961
2020-05-07,11.454325675964355,11.476217269897461,11.410996437072754,11.457315444946289
2020-05-10,11.3981351852417,11.421326637268066,11.350186347961426,11.397814750671387
2020-05-11,11.368086814880371,11.42802619934082,11.359338760375977,11.363287925720215
2020-05-12,11.43746280670166,11.470282554626465,11.414491653442383,11.438424110412598
2020-05-13,11.479079246520996,11.538490295410156,11.461187362670898,11.469322204589844
2020-05-14,11.422836303710938,11.5403470993042,11.411373138427734,11.414440155029297
2020-05-17,11.49193000793457,11.51478385925293,11.398249626159668,11.492947578430176
2020-05-18,11.385054588317871,11.420934677124023,11.321825981140137,11.400473594665527
2020-05-19,11.356548309326172,11.43917465209961,11.338277816772461,11.356289863586426
2020-05-20,11.395657539367676,11.457854270935059,11.388127326965332,11.399799346923828
2020-05-21,11.45539379119873,11.559080123901367,11.446836471557617,11.458791732788086
2020-05-24,11.504302024841309,11.55219841003418,11.481731414794922,11.504904747009277
2020-05-25,11.515077590942383,11.527273178100586,11.416678428649902,11.514520645141602
2020-05-26,11.446272850036621,11.499357223510742,11.428956985473633,11.450272560119629
2020-05-27,11.47854232788086,11.524921417236328,11.453022003173828,11.487278938293457
2020-05-28,11.492691040039062,11.549288749694824,11.457202911376953,11.50063419342041
2020-05-31,11.424737930297852,11.43415641784668,11.352685928344727,11.423863410949707
2020-06-01,11.370199203491211,11.386932373046875,11.195816040039062,11.371309280395508
2020-06-02,11.211140632629395,11.231700897216797,11.141453742980957,11.202653884887695
2020-06-03,11.154157638549805,11.207320213317871,11.119893074035645,11.153749465942383
2020-06-04,11.135492324829102,11.15888786315918,10.949355125427246,11.13607406616211
2020-06-07,10.956822395324707,11.046001434326172,10.935185432434082,10.954785346984863
2020-06-08,11.042037010192871,11.138396263122559,11.0335054397583,11.012411117553711
2020-06-09,11.1084623336792,11.12837028503418,11.052645683288574,11.107040405273438
2020-06-10,11.145602226257324,11.252307891845703,11.104422569274902,11.12088394165039
2020-06-11,11.289259910583496,11.336559295654297,11.163863182067871,11.279891014099121
2020-06-14,11.206042289733887,11.350398063659668,11.203693389892578,11.208025932312012
2020-06-15,11.235562324523926,11.316734313964844,11.191295623779297,11.229320526123047
2020-06-16,11.26945972442627,11.364429473876953,11.26945972442627,11.27490234375
2020-06-17,11.378480911254883,11.401860237121582,11.276453018188477,11.361408233642578
2020-06-18,11.321000099182129,11.350071907043457,11.27431583404541,11.321121215820312
2020-06-21,11.3340482711792,11.372599601745605,11.315211296081543,11.33399486541748
2020-06-22,11.303985595703125,11.38399600982666,11.259222984313965,11.29965877532959
2020-06-23,11.350460052490234,11.350460052490234,11.24137020111084,11.348966598510742
2020-06-24,11.267868995666504,11.276501655578613,11.198501586914062,11.259336471557617
2020-06-25,11.211889266967773,11.231255531311035,11.165809631347656,11.212154388427734
2020-06-28,11.219710350036621,11.234733581542969,11.124091148376465,11.218354225158691
2020-06-29,11.139842987060547,11.179521560668945,11.087020874023438,11.139335632324219
2020-06-30,11.096604347229004,11.2057523727417,11.080525398254395,11.096510887145996
2020-07-01,11.184417724609375,11.206515312194824,11.118473052978516,11.182305335998535
2020-07-02,11.142274856567383,11.178718566894531,11.134039878845215,11.146149635314941
2020-07-05,11.136019706726074,11.139359474182129,11.064653396606445,11.139511108398438
2020-07-06,11.080550193786621,11.127642631530762,11.073843955993652,11.092452049255371
2020-07-07,11.114705085754395,11.136743545532227,11.086097717285156,11.114416122436523
2020-07-08,11.102668762207031,11.172412872314453,11.099776268005371,11.110882759094238
2020-07-09,11.155538558959961,11.272353172302246,11.1533842086792,11.150617599487305
2020-07-12,11.232544898986816,11.243983268737793,11.178057670593262,11.219380378723145
2020-07-13,11.215302467346191,11.267330169677734,11.204680442810059,11.221125602722168
2020-07-14,11.225984573364258,11.25638484954834,11.164748191833496,11.226705551147461
2020-07-15,11.22704792022705,11.288480758666992,11.215505599975586,11.227678298950195
2020-07-16,11.224169731140137,11.257230758666992,11.202646255493164,11.224839210510254
2020-07-19,11.227437973022461,11.237119674682617,11.19027042388916,11.229363441467285
2020-07-20,11.19664478302002,11.19664478302002,11.12302303314209,11.194570541381836
2020-07-21,11.173653602600098,11.206995010375977,11.148050308227539,11.166031837463379
2020-07-22,11.164649963378906,11.224593162536621,11.151687622070312,11.162689208984375
2020-07-23,11.247600555419922,11.37732219696045,11.239480972290039,11.236089706420898
2020-07-26,11.326125144958496,11.375741958618164,11.287443161010742,11.326605796813965
2020-07-27,11.346302032470703,11.417420387268066,11.288451194763184,11.360933303833008
2020-07-28,11.401456832885742,11.413545608520508,11.333600044250488,11.41050910949707
2020-07-29,11.336662292480469,11.39102840423584,11.298869132995605,11.338929176330566
2020-07-30,11.361659049987793,11.416900634765625,11.2569580078125,11.355191230773926
2020-08-02,11.273323059082031,11.310846328735352,11.214249610900879,11.272540092468262
2020-08-03,11.239596366882324,11.30029582977295,11.220202445983887,11.238494873046875
2020-08-04,11.286945343017578,11.28758716583252,11.197224617004395,11.29211139678955
2020-08-05,11.226540565490723,11.2548246383667,11.192071914672852,11.227092742919922
2020-08-06,11.206159591674805,11.258544921875,11.195351600646973,11.206740379333496
2020-08-09,11.224740028381348,11.23471736907959,11.175129890441895,11.224103927612305
2020-08-10,11.18362045288086,11.189440727233887,11.104358673095703,11.182280540466309
2020-08-11,11.133394241333008,11.133394241333008,11.058365821838379,11.123814582824707
2020-08-12,11.068365097045898,11.105660438537598,11.054853439331055,11.06982135772705
2020-08-13,11.064407348632812,11.14714527130127,11.064407348632812,11.067535400390625
2020-08-16,11.130254745483398,11.176457405090332,11.102909088134766,11.130359649658203
2020-08-17,11.163005828857422,11.235420227050781,11.160334587097168,11.161026954650879
2020-08-18,11.22140121459961,11.245828628540039,11.136473655700684,11.238882064819336
2020-08-19,11.13422679901123,11.231595039367676,11.133712768554688,11.134572982788086
2020-08-20,11.212553024291992,11.275028228759766,11.184106826782227,11.207874298095703
2020-08-23,11.23896312713623,11.259584426879883,11.207720756530762,11.249728202819824
2020-08-24,11.207464218139648,11.213332176208496,11.132052421569824,11.210699081420898
2020-08-25,11.150980949401855,11.180333137512207,11.124662399291992,11.15210247039795
2020-08-26,11.187509536743164,11.204434394836426,11.133135795593262,11.183121681213379
2020-08-27,11.124570846557617,11.226425170898438,11.05941104888916,11.126791000366211
2020-08-30,11.178085327148438,11.24073600769043,11.171478271484375,11.176498413085938
2020-08-31,11.199641227722168,11.22455883026123,11.159708023071289,11.197234153747559
2020-09-01,11.185897827148438,11.213516235351562,11.159049034118652,11.189362525939941
2020-09-02,11.190619468688965,11.229187965393066,11.14725112915039,11.19067096710205
2020-09-03,11.227744102478027,11.227744102478027,11.16511058807373,11.224167823791504
2020-09-06,11.160791397094727,11.190568923950195,11.142849922180176,11.159215927124023
2020-09-07,11.160573959350586,11.232150077819824,11.155278205871582,11.16389274597168
2020-09-08,11.2208890914917,11.244660377502441,11.14085578918457,11.222315788269043
2020-09-09,11.145142555236816,11.20166015625,11.137380599975586,11.144475936889648
2020-09-10,11.184192657470703,11.201180458068848,11.156474113464355,11.184109687805176
2020-09-13,11.184112548828125,11.187055587768555,11.142204284667969,11.181585311889648
2020-09-14,11.169793128967285,11.196935653686523,11.124628067016602,11.169357299804688
2020-09-15,11.194192886352539,11.262206077575684,11.125420570373535,11.189187049865723
2020-09-16,11.156694412231445,11.216361045837402,11.149625778198242,11.155388832092285
2020-09-17,11.162081718444824,11.16318416595459,11.059847831726074,11.163284301757812
2020-09-20,11.1348237991333,11.194680213928223,11.077760696411133,11.135835647583008
2020-09-21,11.117277145385742,11.144536972045898,11.05154037475586,11.1170654296875
2020-09-22,11.057380676269531,11.100329399108887,11.045788764953613,11.0589599609375
2020-09-23,11.108009338378906,11.153829574584961,11.068714141845703,11.106700897216797
2020-09-24,11.089192390441895,11.15689468383789,11.071847915649414,11.082900047302246
2020-09-27,11.113699913024902,11.14808464050293,11.055065155029297,11.11396312713623
2020-09-28,11.061952590942383,11.101640701293945,11.030108451843262,11.06241512298584
2020-09-29,11.059297561645508,11.093231201171875,11.024521827697754,11.052215576171875
2020-09-30,11.036604881286621,11.039463996887207,10.990532875061035,11.03590202331543
2020-10-01,11.007162094116211,11.115259170532227,11.004281997680664,11.008726119995117
2020-10-04,11.043972969055176,11.043972969055176,10.936873435974121,11.043396949768066
2020-10-05,10.936609268188477,11.00698184967041,10.936609268188477,10.93637752532959
2020-10-06,11.015642166137695,11.03625774383545,10.90259075164795,11.01705265045166
2020-10-07,10.912701606750488,10.929717063903809,10.847352027893066,10.913482666015625
2020-10-08,10.857484817504883,10.87647819519043,10.787652969360352,10.858304023742676
2020-10-11,10.817886352539062,10.915740966796875,10.815494537353516,10.816554069519043
2020-10-12,10.890436172485352,10.929173469543457,10.84324836730957,10.882338523864746
2020-10-13,10.882795333862305,10.913634300231934,10.829686164855957,10.883671760559082
2020-10-14,10.902562141418457,10.915925979614258,10.835597038269043,10.902182579040527
2020-10-15,10.86003589630127,10.900986671447754,10.815064430236816,10.859314918518066
2020-10-18,10.82395076751709,10.846541404724121,10.783449172973633,10.82390022277832
2020-10-19,10.798269271850586,10.809138298034668,10.763116836547852,10.798273086547852
2020-10-20,10.769865036010742,10.841191291809082,10.73621654510498,10.770478248596191
2020-10-21,10.83148193359375,10.855114936828613,10.806795120239258,10.814247131347656
2020-10-22,10.799013137817383,10.845503807067871,10.750704765319824,10.809172630310059
2020-10-26,10.758320808410645,10.801609992980957,10.740203857421875,10.757909774780273
2020-10-27,10.79458999633789,10.812005043029785,10.729337692260742,10.79458999633789
2020-10-28,10.793012619018555,10.909570693969727,10.784279823303223,10.791980743408203
2020-10-29,10.86937427520752,10.902303695678711,10.820316314697266,10.87159538269043
2020-10-30,10.809148788452148,10.883374214172363,10.780559539794922,10.803110122680664
2020-11-02,10.855612754821777,10.855612754821777,10.8065185546875,10.859454154968262
2020-11-03,10.811561584472656,10.855890274047852,10.788792610168457,10.810702323913574
2020-11-04,10.8176908493042,10.90402889251709,10.776294708251953,10.808693885803223
2020-11-05,10.816142082214355,10.86780071258545,10.77411937713623,10.816219329833984
2020-11-06,10.836132049560547,10.887916564941406,10.794831275939941,10.833518028259277
2020-11-09,10.843968391418457,10.852301597595215,10.575305938720703,10.846384048461914
2020-11-10,10.634003639221191,10.646639823913574,10.571086883544922,10.639795303344727
2020-11-11,10.59451675415039,10.612570762634277,10.513998031616211,10.602574348449707
2020-11-12,10.537623405456543,10.605169296264648,10.532798767089844,10.543966293334961
2020-11-13,10.606675148010254,10.643035888671875,10.549816131591797,10.609952926635742
2020-11-16,10.57538890838623,10.616337776184082,10.528453826904297,10.576297760009766
2020-11-17,10.587801933288574,10.630219459533691,10.55228042602539,10.580341339111328
2020-11-18,10.606595993041992,10.670434951782227,10.592131614685059,10.607078552246094
2020-11-19,10.648470878601074,10.759661674499512,10.648470878601074,10.646129608154297
2020-11-20,10.731767654418945,10.76539134979248,10.705709457397461,10.731407165527344
2020-11-23,10.719802856445312,10.73316478729248,10.652865409851074,10.721247673034668
2020-11-24,10.653246879577637,10.654831886291504,10.60285758972168,10.648018836975098
2020-11-25,10.617465019226074,10.627026557922363,10.563555717468262,10.61744499206543
2020-11-26,10.593486785888672,10.626797676086426,10.567866325378418,10.595953941345215
2020-11-27,10.598756790161133,10.625838279724121,10.585853576660156,10.604880332946777
2020-11-30,10.597391128540039,10.659873962402344,10.595010757446289,10.597391128540039
2020-12-01,10.623806953430176,10.636399269104004,10.577726364135742,10.622737884521484
2020-12-02,10.586617469787598,10.606040000915527,10.51501178741455,10.605745315551758
2020-12-03,10.524714469909668,10.53836727142334,10.454710960388184,10.524311065673828
2020-12-04,10.509366035461426,10.522092819213867,10.387866020202637,10.510951042175293
2020-12-07,10.40056037902832,10.432900428771973,10.382424354553223,10.400060653686523
2020-12-08,10.418404579162598,10.434407234191895,10.40113353729248,10.420187950134277
2020-12-09,10.417126655578613,10.430624961853027,10.370224952697754,10.417122840881348
2020-12-10,10.417229652404785,10.445134162902832,10.372364044189453,10.4185209274292
2020-12-11,10.428016662597656,10.51591968536377,10.420316696166992,10.4268159866333
2020-12-14,10.4818696975708,10.539708137512207,10.46528434753418,10.48474407196045
2020-12-15,10.49926471710205,10.547900199890137,10.475825309753418,10.499062538146973
2020-12-16,10.503222465515137,10.583174705505371,10.496188163757324,10.500410079956055
2020-12-17,10.559168815612793,10.632818222045898,10.544778823852539,10.55904483795166
2020-12-18,10.596714973449707,10.645668029785156,10.573474884033203,10.597434997558594
2020-12-21,10.624275207519531,10.723194122314453,10.619297981262207,10.625815391540527
2020-12-22,10.662583351135254,10.729205131530762,10.66237735748291,10.662369728088379
2020-12-23,10.703570365905762,10.722134590148926,10.673542022705078,10.703156471252441
2020-12-24,10.670408248901367,10.680712699890137,10.613581657409668,10.66814136505127
2020-12-25,10.611769676208496,10.639431953430176,10.60100269317627,10.611769676208496
2020-12-28,10.576773643493652,10.621293067932129,10.553533554077148,10.578205108642578
2020-12-29,10.560297012329102,10.567797660827637,10.505610466003418,10.551339149475098
2020-12-30,10.551515579223633,10.561516761779785,10.490055084228516,10.549579620361328
2020-12-31,10.53452205657959,10.597466468811035,10.491264343261719,10.548276901245117
2021-01-01,10.494912147521973,10.542882919311523,10.494912147521973,10.506051063537598
2021-01-04,10.542576789855957,10.55678939819336,10.481904983520508,10.543598175048828
2021-01-05,10.535797119140625,10.589157104492188,10.4891939163208,10.537431716918945
2021-01-06,10.589897155761719,10.591628074645996,10.505176544189453,10.580347061157227
2021-01-07,10.549736976623535,10.564825057983398,10.508401870727539,10.549736976623535
2021-01-08,10.530235290527344,10.567988395690918,10.474348068237305,10.531143188476562
2021-01-11,10.481208801269531,10.562396049499512,10.472657203674316,10.481107711791992
2021-01-12,10.536969184875488,10.571563720703125,10.515308380126953,10.537879943847656
2021-01-13,10.53528118133545,10.580012321472168,10.53528118133545,10.538975715637207
2021-01-14,10.566213607788086,10.602218627929688,10.514314651489258,10.565592765808105
2021-01-15,10.544812202453613,10.639906883239746,10.544812202453613,10.553698539733887
2021-01-18,10.608440399169922,10.669981002807617,10.60599136352539,10.607726097106934
2021-01-19,10.64358139038086,10.64358139038086,10.560129165649414,10.636371612548828
2021-01-20,10.59931468963623,10.63197135925293,10.571191787719727,10.596222877502441
2021-01-21,10.585549354553223,10.643216133117676,10.585549354553223,10.585651397705078
2021-01-22,10.625616073608398,10.672835350036621,10.620611190795898,10.625564575195312
2021-01-25,10.650442123413086,10.654239654541016,10.597346305847168,10.650750160217285
2021-01-26,10.601080894470215,10.67278003692627,10.601080894470215,10.617446899414062
2021-01-27,10.631482124328613,10.662763595581055,10.625701904296875,10.62647819519043
2021-01-28,10.635119438171387,10.742196083068848,10.635119438171387,10.633191108703613
2021-01-29,10.662991523742676,10.731677055358887,10.618391036987305,10.663925170898438
2021-02-01,10.67197036743164,10.692472457885742,10.636961936950684,10.674009323120117
2021-02-02,10.644044876098633,10.667930603027344,10.603503227233887,10.648513793945312
2021-02-03,10.598608016967773,10.62592887878418,10.576959609985352,10.60318374633789
2021-02-04,10.601530075073242,10.651162147521973,10.59252643585205,10.599913597106934
2021-02-05,10.60060977935791,10.680903434753418,10.583572387695312,10.601709365844727
2021-02-08,10.603693962097168,10.632743835449219,10.587282180786133,10.604701042175293
2021-02-09,10.608778953552246,10.658158302307129,10.595048904418945,10.609989166259766
2021-02-10,10.61586856842041,10.638632774353027,10.54114055633545,10.61337661743164
2021-02-11,10.570636749267578,10.584967613220215,10.51368236541748,10.570311546325684
2021-02-12,10.522692680358887,10.537067413330078,10.502554893493652,10.522893905639648
2021-02-15,10.5012845993042,10.522082328796387,10.44180679321289,10.50168514251709
2021-02-16,10.460066795349121,10.476613998413086,10.38438606262207,10.459074020385742
2021-02-17,10.426596641540527,10.473100662231445,10.41501522064209,10.427087783813477
2021-02-18,10.43395709991455,10.489279747009277,10.417000770568848,10.433661460876465
2021-02-19,10.469326972961426,10.5086669921875,10.441422462463379,10.470020294189453
2021-02-22,10.452597618103027,10.588286399841309,10.45081615447998,10.45448112487793
2021-02-23,10.58642578125,10.599985122680664,10.53909969329834,10.579118728637695
2021-02-24,10.543621063232422,10.550237655639648,10.444899559020996,10.536059379577637
2021-02-25,10.450207710266113,10.489635467529297,10.428620338439941,10.450504302978516
2021-02-26,10.519612312316895,10.617518424987793,10.516270637512207,10.520008087158203
2021-03-01,10.545052528381348,10.564772605895996,10.476578712463379,10.5432710647583
2021-03-02,10.308833122253418,10.556816101074219,10.30837345123291,10.311441421508789
2021-03-03,10.531235694885254,10.537132263183594,10.449950218200684,10.531279563903809
2021-03-04,10.514704704284668,10.546548843383789,10.43458080291748,10.550060272216797
2021-03-05,10.495576858520508,10.504371643066406,10.382725715637207,10.498819351196289
2021-03-08,10.40014362335205,10.491903305053711,10.35740852355957,10.399088859558105
2021-03-09,10.467452049255371,10.477404594421387,10.412972450256348,10.467260360717773
2021-03-10,10.452677726745605,10.510397911071777,10.447616577148438,10.451427459716797
2021-03-11,10.47554874420166,10.5125093460083,10.394564628601074,10.476032257080078
2021-03-12,10.396939277648926,10.434989929199219,10.371113777160645,10.406506538391113
2021-03-15,10.397001266479492,10.426275253295898,10.36434555053711,10.396810531616211
2021-03-16,10.36726188659668,10.395368576049805,10.330711364746094,10.366410255432129
2021-03-17,10.35952377319336,10.385845184326172,10.319116592407227,10.36131477355957
2021-03-18,10.294034004211426,10.34100341796875,10.27912425994873,10.292928695678711
2021-03-19,10.328301429748535,10.40400218963623,10.328301429748535,10.337117195129395
2021-03-22,10.355539321899414,10.410921096801758,10.347890853881836,10.35639476776123
2021-03-23,10.342192649841309,10.426553726196289,10.335570335388184,10.342605590820312
2021-03-24,10.429923057556152,10.459426879882812,10.37648868560791,10.429675102233887
2021-03-25,10.436164855957031,10.436164855957031,10.376367568969727,10.428834915161133
2021-03-26,10.371683120727539,10.38500690460205,10.28431224822998,10.38844108581543
2021-03-28,10.274609565734863,10.35633659362793,10.274609565734863,10.273514747619629
2021-03-29,10.296053886413574,10.320281982421875,10.26612663269043,10.304251670837402
2021-03-30,10.271613121032715,10.273595809936523,10.171181678771973,10.264425277709961
2021-03-31,10.165067672729492,10.23058032989502,10.15345573425293,10.177050590515137
2021-04-01,10.195085525512695,10.211326599121094,10.173952102661133,10.19835090637207
2021-04-04,10.190654754638672,10.221832275390625,10.177369117736816,10.198773384094238
2021-04-05,10.198186874389648,10.208988189697266,10.129342079162598,10.201190948486328
2021-04-06,10.177721977233887,10.193111419677734,10.149731636047363,10.177826881408691
2021-04-07,10.174221992492676,10.243773460388184,10.160606384277344,10.176145553588867
2021-04-08,10.205191612243652,10.24976921081543,10.177657127380371,10.205988883972168
2021-04-11,10.227043151855469,10.290984153747559,10.207559585571289,10.229046821594238
2021-04-12,10.278186798095703,10.292353630065918,10.249834060668945,10.281059265136719
2021-04-13,10.289250373840332,10.319644927978516,10.201251983642578,10.288971900939941
2021-04-14,10.242131233215332,10.282113075256348,10.227339744567871,10.249744415283203
2021-04-15,10.264886856079102,10.30611515045166,10.217201232910156,10.26404857635498
2021-04-18,10.266351699829102,10.323841094970703,10.262310028076172,10.261350631713867
2021-04-19,10.308950424194336,10.347330093383789,10.237444877624512,10.309239387512207
2021-04-20,10.320358276367188,10.371944427490234,10.320358276367188,10.322260856628418
2021-04-21,10.326722145080566,10.35843563079834,10.312801361083984,10.324861526489258
2021-04-22,10.359898567199707,10.383195877075195,10.306629180908203,10.35523509979248
2021-04-25,10.330363273620605,10.342477798461914,10.260734558105469,10.326727867126465
2021-04-26,10.250537872314453,10.274230003356934,10.239441871643066,10.25302791595459
2021-04-27,10.225749015808105,10.241040229797363,10.196677207946777,10.226292610168457
2021-04-28,10.21768569946289,10.219578742980957,10.13737964630127,10.217613220214844
2021-04-29,10.15929126739502,10.24166202545166,10.145466804504395,10.161754608154297
2021-05-02,10.216425895690918,10.287914276123047,10.193714141845703,10.218131065368652
2021-05-03,10.27070140838623,10.322775840759277,10.236909866333008,10.270512580871582
2021-05-04,10.288933753967285,10.311205863952637,10.264630317687988,10.289121627807617
2021-05-05,10.294341087341309,10.307629585266113,10.24902057647705,10.28903865814209
2021-05-06,10.269182205200195,10.294601440429688,10.217429161071777,10.264824867248535
2021-05-09,10.242859840393066,10.254587173461914,10.211670875549316,10.241822242736816
2021-05-10,10.249191284179688,10.332311630249023,10.245929718017578,10.248881340026855
2021-05-11,10.287875175476074,10.358010292053223,10.286227226257324,10.28577709197998
2021-05-12,10.330252647399902,10.349488258361816,10.286774635314941,10.31916332244873
2021-05-13,10.27750301361084,10.33572769165039,10.276991844177246,10.268431663513184
2021-05-16,10.287772178649902,10.429064750671387,10.282432556152344,10.28689193725586
2021-05-17,10.402438163757324,10.414539337158203,10.33279800415039,10.395723342895508
2021-05-18,10.35220718383789,10.400761604309082,10.315637588500977,10.353272438049316
2021-05-19,10.344670295715332,10.397557258605957,10.344159126281738,10.343820571899414
2021-05-20,10.354974746704102,10.386780738830566,10.315142631530762,10.352920532226562
2021-05-23,10.345257759094238,10.369202613830566,10.312789916992188,10.3445463180542
2021-05-24,10.311202049255371,10.339186668395996,10.278270721435547,10.309945106506348
2021-05-25,10.308114051818848,10.320609092712402,10.231163024902344,10.307129859924316
2021-05-26,10.217354774475098,10.255245208740234,10.168663024902344,10.218097686767578
2021-05-27,10.173174858093262,10.177078247070312,10.1216459274292,10.174845695495605
2021-05-30,10.125333786010742,10.170550346374512,10.084915161132812,10.123397827148438
2021-05-31,10.113006591796875,10.136839866638184,10.0828218460083,10.109959602355957
2021-06-01,10.112568855285645,10.149937629699707,10.095141410827637,10.112700462341309
2021-06-02,10.128521919250488,10.15711784362793,10.111166000366211,10.127330780029297
2021-06-03,10.112565994262695,10.163344383239746,10.100598335266113,10.115718841552734
2021-06-06,10.121354103088379,10.178059577941895,10.118399620056152,10.123201370239258
2021-06-07,10.154014587402344,10.202646255493164,10.151159286499023,10.15195083618164
2021-06-08,10.201631546020508,10.216565132141113,10.156055450439453,10.202656745910645
2021-06-09,10.17957592010498,10.194008827209473,10.149592399597168,10.184183120727539
2021-06-10,10.159961700439453,10.17816162109375,10.134716033935547,10.157215118408203
2021-06-13,10.163251876831055,10.20532512664795,10.150501251220703,10.167522430419922
2021-06-14,10.146409034729004,10.161564826965332,10.134827613830566,10.144766807556152
2021-06-15,10.157391548156738,10.185715675354004,10.134536743164062,10.139664649963379
2021-06-16,10.21789836883545,10.276453018188477,10.184551239013672,10.21878433227539
2021-06-17,10.275267601013184,10.30775260925293,10.234068870544434,10.274191856384277
2021-06-20,10.290946006774902,10.376255989074707,10.2665376663208,10.291996002197266
2021-06-21,10.245967864990234,10.285310745239258,10.235250473022461,10.241268157958984
2021-06-22,10.233593940734863,10.269911766052246,10.21531867980957,10.234150886535645
2021-06-23,10.169052124023438,10.248852729797363,10.169052124023438,10.202868461608887
2021-06-24,10.17856216430664,10.224763870239258,10.153749465942383,10.19464111328125
2021-06-27,10.155811309814453,10.23001480102539,10.155811309814453,10.15434455871582
2021-06-28,10.207127571105957,10.253474235534668,10.187288284301758,10.19948673248291
2021-06-29,10.227754592895508,10.249470710754395,10.169208526611328,10.227920532226562
2021-06-30,10.164935111999512,10.206751823425293,10.143528938293457,10.164042472839355
2021-07-01,10.165602684020996,10.19999885559082,10.1447172164917,10.167561531066895
2021-07-04,10.167137145996094,10.201187133789062,10.15078067779541,10.164830207824707
2021-07-05,10.182758331298828,10.279434204101562,10.181868553161621,10.18246078491211
2021-07-06,10.268021583557129,10.31994915008545,10.247729301452637,10.266267776489258
2021-07-07,10.308023452758789,10.50057315826416,10.301125526428223,10.308399200439453
2021-07-08,10.43807315826416,10.469990730285645,10.366619110107422,10.434995651245117
2021-07-11,10.380669593811035,10.43210220336914,10.371192932128906,10.38167667388916
2021-07-12,10.35814094543457,10.399797439575195,10.34657096862793,10.399046897888184
2021-07-13,10.386177062988281,10.42809772491455,10.375099182128906,10.386398315429688
2021-07-14,10.403290748596191,10.449810981750488,10.350558280944824,10.395013809204102
2021-07-15,10.385204315185547,10.410431861877441,10.334068298339844,10.385446548461914
2021-07-18,10.387045860290527,10.554679870605469,10.386404037475586,10.387848854064941
2021-07-19,10.500055313110352,10.526402473449707,10.435853958129883,10.499005317687988
2021-07-20,10.439984321594238,10.516509056091309,10.419564247131348,10.440688133239746
2021-07-21,10.419048309326172,10.464508056640625,10.393653869628906,10.418669700622559
2021-07-22,10.442073822021484,10.454011917114258,10.392388343811035,10.449783325195312
2021-07-25,10.41290283203125,10.491467475891113,10.412107467651367,10.41252326965332
2021-07-26,10.440040588378906,10.54764175415039,10.412980079650879,10.440864562988281
2021-07-27,10.504473686218262,10.54108715057373,10.463112831115723,10.512707710266113
2021-07-28,10.460394859313965,10.490609169006348,10.395784378051758,10.459641456604004
2021-07-29,10.43867301940918,10.500715255737305,10.43867301940918,10.438970565795898
2021-08-01,10.49036979675293,10.53614330291748,10.46776294708252,10.490513801574707
2021-08-02,10.521354675292969,10.571212768554688,10.494813919067383,10.51924991607666
2021-08-03,10.529614448547363,10.543343544006348,10.423395156860352,10.528826713562012
2021-08-04,10.44442367553711,10.45700740814209,10.384623527526855,10.444901466369629
2021-08-05,10.404413223266602,10.420496940612793,10.370843887329102,10.40244197845459
2021-08-08,10.384015083312988,10.41869831085205,10.363913536071777,10.383772850036621
2021-08-09,10.388258934020996,10.43014907836914,10.375311851501465,10.386482238769531
2021-08-10,10.421077728271484,10.477319717407227,10.40992259979248,10.420265197753906
2021-08-11,10.444740295410156,10.544140815734863,10.444740295410156,10.444570541381836
2021-08-12,10.5252046585083,10.612957000732422,10.519070625305176,10.525266647338867
2021-08-15,10.5941162109375,10.697450637817383,10.5941162109375,10.593681335449219
2021-08-16,10.652875900268555,10.787050247192383,10.651961326599121,10.65396785736084
2021-08-17,10.748913764953613,10.757658958435059,10.624008178710938,10.739715576171875
2021-08-18,10.64850902557373,10.746389389038086,10.63650894165039,10.64826488494873
2021-08-19,10.71640396118164,10.801241874694824,10.653619766235352,10.706822395324707
2021-08-22,10.690909385681152,10.71432113647461,10.625700950622559,10.690313339233398
2021-08-23,10.649385452270508,10.668853759765625,10.596952438354492,10.646347045898438
2021-08-24,10.601465225219727,10.650799751281738,10.566917419433594,10.5936279296875
2021-08-25,10.585369110107422,10.653247833251953,10.5657958984375,10.577387809753418
2021-08-26,10.629611015319824,10.673019409179688,10.565298080444336,10.627178192138672
2021-08-29,10.572256088256836,10.628171920776367,10.570134162902832,10.570807456970215
2021-08-30,10.608711242675781,10.611080169677734,10.50263500213623,10.607407569885254
2021-08-31,10.526694297790527,10.531380653381348,10.473089218139648,10.525254249572754
2021-09-01,10.49264907836914,10.564181327819824,10.490873336791992,10.493339538574219
2021-09-02,10.524151802062988,10.542774200439453,10.484831809997559,10.52415657043457
2021-09-05,10.519147872924805,10.556709289550781,10.506426811218262,10.51953125
2021-09-06,10.51930046081543,10.582928657531738,10.51930046081543,10.521552085876465
2021-09-07,10.52725601196289,10.59823989868164,10.527222633361816,10.527408599853516
2021-09-08,10.584665298461914,10.65588665008545,10.584665298461914,10.583026885986328
2021-09-09,10.648642539978027,10.695733070373535,10.592851638793945,10.649839401245117
2021-09-12,10.638313293457031,10.704219818115234,10.638313293457031,10.637739181518555
2021-09-13,10.652592658996582,10.671339988708496,10.602727890014648,10.662514686584473
2021-09-14,10.670293807983398,10.71147346496582,10.653894424438477,10.671272277832031
2021-09-15,10.652746200561523,10.73311710357666,10.649089813232422,10.653593063354492
2021-09-16,10.708353042602539,10.748997688293457,10.680550575256348,10.721240043640137
2021-09-19,10.738486289978027,10.870373725891113,10.72998046875,10.739121437072754
2021-09-20,10.840704917907715,10.868898391723633,10.78140640258789,10.840954780578613
2021-09-21,10.837029457092285,10.847920417785645,10.772549629211426,10.837562561035156
2021-09-22,10.749212265014648,10.79904842376709,10.629740715026855,10.753303527832031
2021-09-23,10.638971328735352,10.684052467346191,10.60676097869873,10.647197723388672
2021-09-26,10.643753051757812,10.653849601745605,10.605506896972656,10.645914077758789
2021-09-27,10.609806060791016,10.67273998260498,10.609806060791016,10.608992576599121
2021-09-28,10.64482593536377,10.65820026397705,10.589533805847168,10.641276359558105
2021-09-29,10.608267784118652,10.621010780334473,10.555363655090332,10.606549263000488
2021-09-30,10.61937141418457,10.69533920288086,10.601968765258789,10.6300687789917
2021-10-03,10.634750366210938,10.681836128234863,10.591920852661133,10.63599681854248
2021-10-04,10.678850173950195,10.70400333404541,10.619376182556152,10.665128707885742
2021-10-05,10.638201713562012,10.748126029968262,10.624531745910645,10.64841079711914
2021-10-06,10.693845748901367,10.702115058898926,10.648943901062012,10.693894386291504
2021-10-07,10.666171073913574,10.699662208557129,10.644417762756348,10.667365074157715
2021-10-10,10.649006843566895,10.661996841430664,10.5347318649292,10.648579597473145
2021-10-11,10.538058280944824,10.611771583557129,10.512774467468262,10.545904159545898
2021-10-12,10.542031288146973,10.549311637878418,10.45168685913086,10.542778015136719
2021-10-13,10.467469215393066,10.49460220336914,10.417336463928223,10.466629028320312
2021-10-14,10.376834869384766,10.402434349060059,10.325833320617676,10.375592231750488
2021-10-17,10.33482837677002,10.39939022064209,10.330227851867676,10.3366117477417
2021-10-18,10.363799095153809,10.374641418457031,10.268792152404785,10.366630554199219
2021-10-19,10.259926795959473,10.295819282531738,10.225893020629883,10.263517379760742
2021-10-20,10.267007827758789,10.358590126037598,10.252464294433594,10.268741607666016
2021-10-21,10.333967208862305,10.378222465515137,10.292832374572754,10.334798812866211
2021-10-24,10.350715637207031,10.373028755187988,10.257377624511719,10.350579261779785
2021-10-25,10.258918762207031,10.280851364135742,10.191402435302734,10.257973670959473
2021-10-26,10.223334312438965,10.331841468811035,10.200650215148926,10.223369598388672
2021-10-27,10.292936325073242,10.331011772155762,10.272116661071777,10.30270767211914
2021-10-28,10.272637367248535,10.32383918762207,10.266132354736328,10.274797439575195
2021-11-01,10.2655668258667,10.326374053955078,10.265027046203613,10.264083862304688
2021-11-02,10.312009811401367,10.361808776855469,10.287286758422852,10.311927795410156
2021-11-03,10.337105751037598,10.392247200012207,10.334395408630371,10.337828636169434
2021-11-04,10.34272575378418,10.446438789367676,10.3103609085083,10.338561058044434
2021-11-05,10.408464431762695,10.441332817077637,10.392848014831543,10.407366752624512
2021-11-08,10.40330982208252,10.443863868713379,10.395248413085938,10.403218269348145
2021-11-09,10.591179847717285,10.593618392944336,10.378628730773926,10.594670295715332
2021-11-10,10.430062294006348,10.48327922821045,10.351938247680664,10.428106307983398
2021-11-11,10.40040397644043,10.405717849731445,10.329915046691895,10.395681381225586
2021-11-12,10.373244285583496,10.373244285583496,10.29446029663086,10.37378978729248
2021-11-15,10.333483695983887,10.376202583312988,10.32839298248291,10.33430004119873
2021-11-16,10.369568824768066,10.369568824768066,10.288689613342285,10.360416412353516
2021-11-17,10.295694351196289,10.339839935302734,10.261704444885254,10.304598808288574
2021-11-18,10.333198547363281,10.37166690826416,10.311251640319824,10.339539527893066
2021-11-19,10.341511726379395,10.4982271194458,10.324981689453125,10.350802421569824
2021-11-22,10.441720008850098,10.450739860534668,10.349592208862305,10.442864418029785
2021-11-23,10.361230850219727,10.371733665466309,10.3176851272583,10.361542701721191
2021-11-24,10.324588775634766,10.349052429199219,10.282449722290039,10.332566261291504
2021-11-25,10.292023658752441,10.334327697753906,10.285447120666504,10.292155265808105
2021-11-26,10.332844734191895,10.567608833312988,10.332844734191895,10.343487739562988
2021-11-29,10.496907234191895,10.558777809143066,10.457613945007324,10.495153427124023
2021-11-30,10.45732593536377,10.558631896972656,10.423102378845215,10.463214874267578
2021-12-01,10.433831214904785,10.46684455871582,10.349432945251465,10.43960952758789
2021-12-02,10.419915199279785,10.442832946777344,10.354178428649902,10.427421569824219
2021-12-03,10.40477466583252,10.482791900634766,10.386087417602539,10.411958694458008
2021-12-06,10.430996894836426,10.493671417236328,10.397452354431152,10.429798126220703
2021-12-07,10.395942687988281,10.423188209533691,10.335959434509277,10.404709815979004
2021-12-08,10.35756778717041,10.38347053527832,10.29001235961914,10.366259574890137
2021-12-09,10.311302185058594,10.387970924377441,10.298072814941406,10.31411361694336
2021-12-10,10.376696586608887,10.41765308380127,10.356551170349121,10.378254890441895
2021-12-13,10.386165618896484,10.44163703918457,10.359794616699219,10.38644027709961
2021-12-14,10.426735877990723,10.439929008483887,10.387813568115234,10.434101104736328
2021-12-15,10.411812782287598,10.454447746276855,10.403493881225586,10.411361694335938
2021-12-16,10.37554931640625,10.44128131866455,10.34289264678955,10.376639366149902
2021-12-17,10.42674732208252,10.473323822021484,10.387248039245605,10.435489654541016
2021-12-20,10.443563461303711,10.517454147338867,10.43777084350586,10.445494651794434
2021-12-21,10.458255767822266,10.506667137145996,10.43556022644043,10.47050952911377
2021-12-22,10.43121337890625,10.461463928222656,10.395764350891113,10.450148582458496
2021-12-23,10.404272079467773,10.426294326782227,10.363322257995605,10.407713890075684
2021-12-24,10.356831550598145,10.389739990234375,10.341662406921387,10.357149124145508
2021-12-27,10.363515853881836,10.37051010131836,10.317981719970703,10.36369800567627
2021-12-28,10.333040237426758,10.357073783874512,10.31036376953125,10.334325790405273
2021-12-29,10.3485107421875,10.3485107421875,10.301104545593262,10.349199295043945
2021-12-30,10.295062065124512,10.340822219848633,10.279704093933105,10.297172546386719
2021-12-31,10.341025352478027,10.351872444152832,10.308013916015625,10.3381929397583
2022-01-03,10.307657241821289,10.376365661621094,10.297743797302246,10.307657241821289
2022-01-04,10.358616828918457,10.369866371154785,10.287787437438965,10.358658790588379
2022-01-05,10.29899787902832,10.35136890411377,10.29556941986084,10.29898452758789
2022-01-06,10.327410697937012,10.426461219787598,10.319869995117188,10.326607704162598
2022-01-07,10.396599769592285,10.407605171203613,10.354104042053223,10.397955894470215
2022-01-10,10.340882301330566,10.428683280944824,10.3255033493042,10.340882301330566
2022-01-11,10.384899139404297,10.392731666564941,10.31135368347168,10.39286994934082
2022-01-12,10.312738418579102,10.353142738342285,10.28659439086914,10.312828063964844
2022-01-13,10.341901779174805,10.398042678833008,10.328618049621582,10.340954780578613
2022-01-14,10.392403602600098,10.477038383483887,10.392403602600098,10.399053573608398
2022-01-17,10.394050598144531,10.43673038482666,10.381023406982422,10.39468765258789
2022-01-18,10.386775970458984,10.414915084838867,10.338623046875,10.3864164352417
2022-01-19,10.407217979431152,10.43345832824707,10.362860679626465,10.413037300109863
2022-01-20,10.39060115814209,10.433283805847168,10.373374938964844,10.390374183654785
2022-01-21,10.462115287780762,10.510173797607422,10.439789772033691,10.460371017456055
2022-01-24,10.464374542236328,10.545698165893555,10.460238456726074,10.463088035583496
2022-01-25,10.480375289916992,10.550834655761719,10.477681159973145,10.486957550048828
2022-01-26,10.501501083374023,10.524812698364258,10.439398765563965,10.50352954864502
2022-01-27,10.465377807617188,10.509270668029785,10.408370971679688,10.465377807617188
2022-01-28,10.432016372680664,10.503144264221191,10.420483589172363,10.433252334594727
2022-01-31,10.47781753540039,10.494580268859863,10.445268630981445,10.47781753540039
2022-02-01,10.465747833251953,10.498812675476074,10.449251174926758,10.468016624450684
2022-02-02,10.479942321777344,10.521921157836914,10.46868896484375,10.480627059936523
2022-02-03,10.484697341918945,10.549093246459961,10.425122261047363,10.490857124328613
2022-02-04,10.43514633178711,10.46439266204834,10.387531280517578,10.441239356994629
2022-02-07,10.380958557128906,10.43541431427002,10.38023853302002,10.382176399230957
2022-02-08,10.390089988708496,10.409363746643066,10.339588165283203,10.401330947875977
2022-02-09,10.351340293884277,10.368992805480957,10.32656478881836,10.354823112487793
2022-02-10,10.320898056030273,10.362859725952148,10.290529251098633,10.32951545715332
2022-02-11,10.334858894348145,10.349522590637207,10.28892993927002,10.335081100463867
2022-02-14,10.36487102508545,10.408105850219727,10.333221435546875,10.36271858215332
2022-02-15,10.355451583862305,10.406118392944336,10.324251174926758,10.363344192504883
2022-02-16,10.349395751953125,10.384490013122559,10.318174362182617,10.349530220031738
2022-02-17,10.362589836120605,10.43156623840332,10.339719772338867,10.362589836120605
2022-02-18,10.43515396118164,10.443675994873047,10.349016189575195,10.435198783874512
2022-02-21,10.381420135498047,10.430203437805176,10.346291542053223,10.381646156311035
2022-02-22,10.41540241241455,10.437189102172852,10.331499099731445,10.42364501953125
2022-02-23,10.352211952209473,10.37743091583252,10.29901123046875,10.362255096435547
2022-02-24,10.369742393493652,10.539430618286133,10.369742393493652,10.377449035644531
2022-02-25,10.436092376708984,10.454727172851562,10.363309860229492,10.435098648071289
2022-02-28,10.345552444458008,10.465351104736328,10.339737892150879,10.347432136535645
2022-03-01,10.435973167419434,10.486167907714844,10.39578628540039,10.435519218444824
2022-03-02,10.487451553344727,10.505220413208008,10.398481369018555,10.495532989501953
2022-03-03,10.408449172973633,10.45584487915039,10.388731956481934,10.415260314941406
2022-03-04,10.434439659118652,10.635683059692383,10.434439659118652,10.434439659118652
2022-03-07,10.5781888961792,10.712902069091797,10.577729225158691,10.576716423034668
2022-03-08,10.680638313293457,10.727572441101074,10.64645767211914,10.68082332611084
2022-03-09,10.654190063476562,10.671278953552246,10.553736686706543,10.654701232910156
2022-03-10,10.535677909851074,10.607921600341797,10.535677909851074,10.5537748336792
2022-03-11,10.568427085876465,10.614343643188477,10.518731117248535,10.575060844421387
2022-03-14,10.51107406616211,10.54742431640625,10.473405838012695,10.509552955627441
2022-03-15,10.494561195373535,10.585529327392578,10.474038124084473,10.506036758422852
2022-03-16,10.495317459106445,10.508645057678223,10.35817813873291,10.496515274047852
2022-03-17,10.2799711227417,10.317438125610352,10.170308113098145,10.287598609924316
2022-03-18,10.209508895874023,10.248053550720215,10.157173156738281,10.213582992553711
2022-03-21,10.149198532104492,10.21263599395752,10.1481351852417,10.150219917297363
2022-03-22,10.182536125183105,10.201796531677246,10.05767822265625,10.19874382019043
2022-03-23,10.010265350341797,10.101895332336426,9.992240905761719,10.010917663574219
2022-03-24,10.05720329284668,10.086857795715332,9.991313934326172,10.059974670410156
2022-03-25,9.95096206665039,10.050780296325684,9.95096206665039,9.951613426208496
2022-03-27,10.00609302520752,10.027989387512207,9.800576210021973,10.013249397277832
2022-03-28,9.897599220275879,9.905996322631836,9.807957649230957,9.895358085632324
2022-03-29,9.817207336425781,9.958592414855957,9.817207336425781,9.820425033569336
2022-03-30,9.917746543884277,10.003459930419922,9.873712539672852,9.919118881225586
2022-03-31,9.97576904296875,9.984214782714844,9.897753715515137,9.974621772766113
2022-04-03,9.939083099365234,9.95646858215332,9.87792682647705,9.940906524658203
2022-04-04,9.882946968078613,9.91990852355957,9.840980529785156,9.884154319763184
2022-04-05,9.848695755004883,9.856419563293457,9.804793357849121,9.855572700500488
2022-04-06,9.837602615356445,9.874163627624512,9.82188606262207,9.842612266540527
2022-04-07,9.845710754394531,9.901053428649902,9.845710754394531,9.852096557617188
2022-04-10,9.876315116882324,9.892438888549805,9.803168296813965,9.874106407165527
2022-04-11,9.842290878295898,9.881880760192871,9.730161666870117,9.843427658081055
2022-04-12,9.795846939086914,9.807685852050781,9.712413787841797,9.796197891235352
2022-04-13,9.75564956665039,9.803433418273926,9.720599174499512,9.750870704650879
2022-04-14,9.74399185180664,9.756442070007324,9.686057090759277,9.74869441986084
2022-04-17,9.698598861694336,9.758508682250977,9.695615768432617,9.698790550231934
2022-04-18,9.715460777282715,9.715460777282715,9.613062858581543,9.719205856323242
2022-04-19,9.583708763122559,9.689997673034668,9.574084281921387,9.586524963378906
2022-04-20,9.642069816589355,9.673489570617676,9.606197357177734,9.640274047851562
2022-04-21,9.673210144042969,9.719722747802734,9.646799087524414,9.67569637298584
2022-04-24,9.666159629821777,9.823933601379395,9.661041259765625,9.666610717773438
2022-04-25,9.782757759094238,9.90892505645752,9.727155685424805,9.77889633178711
2022-04-26,9.900834083557129,9.92537784576416,9.863840103149414,9.907231330871582
2022-04-27,9.859996795654297,9.864360809326172,9.706920623779297,9.861954689025879
2022-04-28,9.727768898010254,9.740065574645996,9.632742881774902,9.72639274597168
2022-05-01,9.710835456848145,9.767504692077637,9.693429946899414,9.710685729980469
2022-05-02,9.735664367675781,9.749553680419922,9.681253433227539,9.735243797302246
2022-05-03,9.684479713439941,9.741021156311035,9.670999526977539,9.690585136413574
2022-05-04,9.683097839355469,9.769777297973633,9.676919937133789,9.68458366394043
2022-05-05,9.734701156616211,9.769586563110352,9.70526123046875,9.734819412231445
2022-05-08,9.714558601379395,9.813318252563477,9.689913749694824,9.713221549987793
2022-05-09,9.778258323669434,9.842679977416992,9.75605583190918,9.777996063232422
2022-05-10,9.785040855407715,9.823137283325195,9.759588241577148,9.786569595336914
2022-05-11,9.843546867370605,10.107362747192383,9.843546867370605,9.842256546020508
2022-05-12,10.036467552185059,10.048418045043945,9.886819839477539,10.037638664245605
2022-05-15,9.872076034545898,9.973337173461914,9.835494041442871,9.870206832885742
2022-05-16,9.924742698669434,9.937064170837402,9.75764274597168,9.926704406738281
2022-05-17,9.790818214416504,9.917367935180664,9.777780532836914,9.784482955932617
2022-05-18,9.967866897583008,10.02013874053955,9.865740776062012,9.972013473510742
2022-05-19,9.883529663085938,9.972328186035156,9.858783721923828,9.884342193603516
2022-05-22,9.955548286437988,9.98273754119873,9.841534614562988,9.953368186950684
2022-05-23,9.847533226013184,9.996322631835938,9.847533226013184,9.846531867980957
2022-05-24,9.94754409790039,10.0233793258667,9.916725158691406,9.947187423706055
2022-05-25,9.955680847167969,9.99767017364502,9.90108585357666,9.961267471313477
2022-05-26,9.911373138427734,9.93734359741211,9.823453903198242,9.908891677856445
2022-05-29,9.822694778442383,9.860638618469238,9.679624557495117,9.832935333251953
2022-05-30,9.674018859863281,9.710063934326172,9.627514839172363,9.673713684082031
2022-05-31,9.645519256591797,9.653095245361328,9.559600830078125,9.6454439163208
2022-06-01,9.575871467590332,9.649711608886719,9.537134170532227,9.580279350280762
2022-06-02,9.547898292541504,9.5818452835083,9.533348083496094,9.551315307617188
2022-06-05,9.566588401794434,9.606701850891113,9.505818367004395,9.56424617767334
2022-06-06,9.491018295288086,9.501506805419922,9.44743824005127,9.48861312866211
2022-06-07,9.4452543258667,9.454676628112793,9.344772338867188,9.44461441040039
2022-06-08,9.352935791015625,9.422445297241211,9.339489936828613,9.347962379455566
2022-06-09,9.402692794799805,9.56149673461914,9.402692794799805,9.40372085571289
2022-06-12,9.481206893920898,9.671066284179688,9.480667114257812,9.481311798095703
2022-06-13,9.624568939208984,9.633180618286133,9.543228149414062,9.623529434204102
2022-06-14,9.533272743225098,9.618289947509766,9.518477439880371,9.531792640686035
2022-06-15,9.532780647277832,9.82358455657959,9.513469696044922,9.530506134033203
2022-06-16,9.727729797363281,9.75566577911377,9.562112808227539,9.727068901062012
2022-06-19,9.538415908813477,9.60793685913086,9.528841018676758,9.539719581604004
2022-06-20,9.557472229003906,9.579266548156738,9.467867851257324,9.567126274108887
2022-06-21,9.467546463012695,9.59499740600586,9.467546463012695,9.47559928894043
2022-06-22,9.542221069335938,9.681647300720215,9.528144836425781,9.539871215820312
2022-06-23,9.641363143920898,9.65229606628418,9.531434059143066,9.640254974365234
2022-06-26,9.53829574584961,9.602463722229004,9.469104766845703,9.538189888000488
2022-06-27,9.491373062133789,9.51752758026123,9.42717456817627,9.49164867401123
2022-06-28,9.490595817565918,9.562817573547363,9.4613037109375,9.496484756469727
2022-06-29,9.528664588928223,9.559301376342773,9.489405632019043,9.53173542022705
2022-06-30,9.482680320739746,9.656949996948242,9.482680320739746,9.483098983764648
2022-07-03,9.613608360290527,9.640178680419922,9.53619384765625,9.610617637634277
2022-07-04,9.537016868591309,9.688165664672852,9.49605941772461,9.53747272491455
2022-07-05,9.646321296691895,9.691944122314453,9.592058181762695,9.656296730041504
2022-07-06,9.592212677001953,9.641643524169922,9.529086112976074,9.596708297729492
2022-07-07,9.54694938659668,9.621722221374512,9.488226890563965,9.546246528625488
2022-07-10,9.492606163024902,9.568970680236816,9.474167823791504,9.491909980773926
2022-07-11,9.53914737701416,9.584957122802734,9.523902893066406,9.541194915771484
2022-07-12,9.550008773803711,9.568997383117676,9.46010971069336,9.550637245178223
2022-07-13,9.480648040771484,9.534998893737793,9.426803588867188,9.480131149291992
2022-07-14,9.470147132873535,9.591362953186035,9.470147132873535,9.471238136291504
2022-07-17,9.531426429748535,9.556041717529297,9.483362197875977,9.529324531555176
2022-07-18,9.540104866027832,9.540276527404785,9.45974063873291,9.54120922088623
2022-07-19,9.447104454040527,9.512945175170898,9.416054725646973,9.446352005004883
2022-07-20,9.484786987304688,9.52838134765625,9.426454544067383,9.487255096435547
2022-07-21,9.536301612854004,9.636971473693848,9.509757041931152,9.530598640441895
2022-07-24,9.605816841125488,9.633893966674805,9.573238372802734,9.60429573059082
2022-07-25,9.603779792785645,9.626239776611328,9.556553840637207,9.605066299438477
2022-07-26,9.565278053283691,9.621603012084961,9.550774574279785,9.570219993591309
2022-07-27,9.59421443939209,9.682674407958984,9.57512378692627,9.594672203063965
2022-07-28,9.64016056060791,9.8020658493042,9.63180923461914,9.639875411987305
2022-07-31,9.765007019042969,9.925371170043945,9.765007019042969,9.760645866394043
2022-08-01,9.948939323425293,10.027473449707031,9.880304336547852,9.931522369384766
2022-08-02,9.858234405517578,9.896129608154297,9.723121643066406,9.857495307922363
2022-08-03,9.760236740112305,9.820119857788086,9.736522674560547,9.754950523376465
2022-08-04,9.818163871765137,9.818163871765137,9.603595733642578,9.81705379486084
2022-08-07,9.639004707336426,9.680588722229004,9.620969772338867,9.646175384521484
2022-08-08,9.633827209472656,9.699660301208496,9.629576683044434,9.633684158325195
2022-08-09,9.672660827636719,9.846989631652832,9.66241455078125,9.67226791381836
2022-08-10,9.754697799682617,9.853713989257812,9.754697799682617,9.761035919189453
2022-08-11,9.82446002960205,9.82446002960205,9.741868019104004,9.826897621154785
2022-08-14,9.76260757446289,9.872505187988281,9.757776260375977,9.763266563415527
2022-08-15,9.863373756408691,9.866567611694336,9.730363845825195,9.86255931854248
2022-08-16,9.761582374572754,9.78774356842041,9.704331398010254,9.763471603393555
2022-08-17,9.73504638671875,9.823278427124023,9.732743263244629,9.743054389953613
2022-08-18,9.768543243408203,9.774665832519531,9.707036018371582,9.772859573364258
2022-08-21,9.739274024963379,9.842569351196289,9.727272033691406,9.741938591003418
2022-08-22,9.764387130737305,9.832695960998535,9.720328330993652,9.766304016113281
2022-08-23,9.79274845123291,9.853399276733398,9.769304275512695,9.793142318725586
2022-08-24,9.770998001098633,9.797103881835938,9.74606704711914,9.775882720947266
2022-08-25,9.77225112915039,9.77225112915039,9.67478084564209,9.771356582641602
2022-08-28,9.706280708312988,9.75097370147705,9.699344635009766,9.70698356628418
2022-08-29,9.706439971923828,9.747881889343262,9.701470375061035,9.708610534667969
2022-08-30,9.730222702026367,9.749262809753418,9.647371292114258,9.732186317443848
2022-08-31,9.625802040100098,9.734106063842773,9.625802040100098,9.635128021240234
2022-09-01,9.678858757019043,9.72785472869873,9.65027904510498,9.677441596984863
2022-09-04,9.68822193145752,9.793747901916504,9.68822193145752,9.691532135009766
2022-09-05,9.697257041931152,9.776142120361328,9.643708229064941,9.697221755981445
2022-09-06,9.625925064086914,9.686911582946777,9.541155815124512,9.629220962524414
2022-09-07,9.538637161254883,9.63821792602539,9.531285285949707,9.535045623779297
2022-09-08,9.617276191711426,9.712420463562012,9.569511413574219,9.618579864501953
2022-09-11,9.66977596282959,9.68540096282959,9.621009826660156,9.66981029510498
2022-09-12,9.64894962310791,9.68789291381836,9.556192398071289,9.648780822753906
2022-09-13,9.643877983093262,9.76366138458252,9.61184310913086,9.649535179138184
2022-09-14,9.726073265075684,9.75722885131836,9.692449569702148,9.734589576721191
2022-09-15,9.758817672729492,9.772126197814941,9.659379959106445,9.756367683410645
2022-09-18,9.704021453857422,9.733198165893555,9.690556526184082,9.703173637390137
2022-09-19,9.706873893737793,9.717886924743652,9.678224563598633,9.705336570739746
2022-09-20,9.69819164276123,9.743570327758789,9.660304069519043,9.696435928344727
2022-09-21,9.690977096557617,9.983196258544922,9.663514137268066,9.684060096740723
2022-09-22,9.874887466430664,9.94025993347168,9.866399765014648,9.861870765686035
2022-09-25,9.906667709350586,9.976774215698242,9.861959457397461,9.908255577087402
2022-09-26,9.894617080688477,9.907889366149902,9.81515884399414,9.896197319030762
2022-09-27,9.855987548828125,9.990019798278809,9.852572441101074,9.856191635131836
2022-09-28,9.845541954040527,9.96562385559082,9.845541954040527,9.847265243530273
2022-09-29,9.895553588867188,9.940777778625488,9.870841979980469,9.902406692504883
2022-10-02,9.939056396484375,9.974320411682129,9.917255401611328,9.936997413635254
2022-10-03,9.917421340942383,9.925294876098633,9.810436248779297,9.917695045471191
2022-10-04,9.847031593322754,9.886077880859375,9.767864227294922,9.849052429199219
2022-10-05,9.803370475769043,9.808708190917969,9.66759967803955,9.80721378326416
2022-10-06,9.703060150146484,9.780485153198242,9.670232772827148,9.709834098815918
2022-10-09,9.734195709228516,9.829889297485352,9.732857704162598,9.73305892944336
2022-10-10,9.801429748535156,9.866090774536133,9.801258087158203,9.804910659790039
2022-10-11,9.811199188232422,9.811199188232422,9.712326049804688,9.812679290771484
2022-10-12,9.700945854187012,9.860027313232422,9.693155288696289,9.70767879486084
2022-10-13,9.705772399902344,9.74129867553711,9.662375450134277,9.713760375976562
2022-10-16,9.693079948425293,9.703690528869629,9.614690780639648,9.693275451660156
2022-10-17,9.590965270996094,9.615219116210938,9.506098747253418,9.604598999023438
2022-10-18,9.547403335571289,9.585268020629883,9.471112251281738,9.549856185913086
2022-10-19,9.57768440246582,9.580291748046875,9.489248275756836,9.578099250793457
2022-10-20,9.524352073669434,9.778571128845215,9.428045272827148,9.523621559143066
2022-10-23,9.674263954162598,9.702749252319336,9.610858917236328,9.657745361328125
2022-10-24,9.698070526123047,9.708978652954102,9.616231918334961,9.69787311553955
2022-10-25,9.639068603515625,9.667369842529297,9.605046272277832,9.641647338867188
2022-10-26,9.665498733520508,9.759074211120605,9.663911819458008,9.66718578338623
2022-10-27,9.713540077209473,9.719242095947266,9.631767272949219,9.712310791015625
2022-10-31,9.619424819946289,9.653301239013672,9.58380126953125,9.61769962310791
2022-11-01,9.587858200073242,9.624263763427734,9.55044937133789,9.575433731079102
2022-11-02,9.585304260253906,9.652937889099121,9.584543228149414,9.575470924377441
2022-11-03,9.624384880065918,9.666001319885254,9.60091781616211,9.622562408447266
2022-11-04,9.591357231140137,9.64567756652832,9.54875659942627,9.593781471252441
2022-11-07,9.544916152954102,9.596880912780762,9.475552558898926,9.54862117767334
2022-11-08,9.497861862182617,9.507475852966309,9.394726753234863,9.497052192687988
2022-11-09,9.448001861572266,9.490904808044434,9.315075874328613,9.458175659179688
2022-11-10,9.374979019165039,9.557995796203613,9.312332153320312,9.375299453735352
2022-11-11,9.526866912841797,9.535916328430176,9.276841163635254,9.51966667175293
2022-11-14,9.398807525634766,9.544139862060547,9.395477294921875,9.402209281921387
2022-11-15,9.450861930847168,9.50848388671875,9.343927383422852,9.449748992919922
2022-11-16,9.469679832458496,9.55325698852539,9.453609466552734,9.474437713623047
2022-11-17,9.591005325317383,9.644862174987793,9.544885635375977,9.592658996582031
2022-11-18,9.561193466186523,9.594922065734863,9.533431053161621,9.565755844116211
2022-11-21,9.5402193069458,9.661774635314941,9.53277587890625,9.539131164550781
2022-11-22,9.56115436553955,9.593229293823242,9.531749725341797,9.569269180297852
2022-11-23,9.58122730255127,9.606000900268555,9.541197776794434,9.582401275634766
2022-11-24,9.601072311401367,9.627498626708984,9.541315078735352,9.597763061523438
2022-11-25,9.564571380615234,9.610498428344727,9.512357711791992,9.561441421508789
2022-11-28,9.578652381896973,9.718399047851562,9.576898574829102,9.57494068145752
2022-11-29,9.66418170928955,9.67264175415039,9.553689002990723,9.65900993347168
2022-11-30,9.54707145690918,9.579992294311523,9.419781684875488,9.55194091796875
2022-12-01,9.315528869628906,9.630143165588379,9.315528869628906,9.312411308288574
2022-12-02,9.64281940460205,9.69759464263916,9.556753158569336,9.642597198486328
2022-12-05,9.661894798278809,9.6619291305542,9.53637981414795,9.660693168640137
2022-12-06,9.547983169555664,9.69974136352539,9.527015686035156,9.543659210205078
2022-12-07,9.639053344726562,9.6699800491333,9.558004379272461,9.641188621520996
2022-12-08,9.63539981842041,9.670350074768066,9.619537353515625,9.635364532470703
2022-12-09,9.635476112365723,9.635476112365723,9.515898704528809,9.637626647949219
2022-12-12,9.525785446166992,9.593710899353027,9.492597579956055,9.523554801940918
2022-12-13,9.487875938415527,9.649380683898926,9.440778732299805,9.497185707092285
2022-12-14,9.506664276123047,9.61719799041748,9.506664276123047,9.507715225219727
2022-12-15,9.565937042236328,9.637480735778809,9.555602073669434,9.571785926818848
2022-12-16,9.561594009399414,9.58405876159668,9.50291919708252,9.561793327331543
2022-12-19,9.586219787597656,9.617350578308105,9.487634658813477,9.584360122680664
2022-12-20,9.500006675720215,9.80223274230957,9.46006965637207,9.499869346618652
2022-12-21,9.73206615447998,9.78573989868164,9.680423736572266,9.732287406921387
2022-12-22,9.67334270477295,9.722126007080078,9.65176773071289,9.675315856933594
2022-12-23,9.753581047058105,9.757723808288574,9.624727249145508,9.747289657592773
2022-12-26,9.635371208190918,9.671692848205566,9.563994407653809,9.635371208190918
2022-12-27,9.603690147399902,9.607453346252441,9.466224670410156,9.604232788085938
2022-12-28,9.530830383300781,9.530830383300781,9.435787200927734,9.530973434448242
2022-12-29,9.508041381835938,9.515033721923828,9.448492050170898,9.507437705993652
2022-12-30,9.476008415222168,9.560405731201172,9.473357200622559,9.479631423950195
2023-01-02,9.628941535949707,9.732646942138672,9.609884262084961,9.628941535949707
2023-01-03,9.708911895751953,9.81883430480957,9.693222999572754,9.70783519744873
2023-01-04,9.741808891296387,9.775683403015137,9.620192527770996,9.74466609954834
2023-01-05,9.603668212890625,9.642926216125488,9.505963325500488,9.610681533813477
2023-01-06,9.557879447937012,9.557879447937012,9.417420387268066,9.557162284851074
2023-01-09,9.503033638000488,9.511691093444824,9.3598051071167,9.502781867980957
2023-01-10,9.403878211975098,9.444340705871582,9.3829984664917,9.407513618469238
2023-01-11,9.380699157714844,9.438465118408203,9.36795425415039,9.388323783874512
2023-01-12,9.40009593963623,9.580410957336426,9.40009593963623,9.414048194885254
2023-01-13,9.576411247253418,9.710291862487793,9.563669204711914,9.592682838439941
2023-01-16,9.6605224609375,9.68893814086914,9.60522747039795,9.663086891174316
2023-01-17,9.672136306762695,9.672136306762695,9.596306800842285,9.669323921203613
2023-01-18,9.6382417678833,9.644113540649414,9.432313919067383,9.64338207244873
2023-01-19,9.63044261932373,9.664130210876465,9.601963996887207,9.62967300415039
2023-01-20,9.592679023742676,9.607040405273438,9.456417083740234,9.598285675048828
2023-01-23,9.506669998168945,9.521819114685059,9.398438453674316,9.5089111328125
2023-01-24,9.413710594177246,9.493820190429688,9.39869499206543,9.405962944030762
2023-01-25,9.467423439025879,9.547825813293457,9.430915832519531,9.46607780456543
2023-01-26,9.53566837310791,9.54155445098877,9.44818115234375,9.53718090057373
2023-01-27,9.486827850341797,9.520806312561035,9.452691078186035,9.488323211669922
2023-01-30,9.46573543548584,9.496975898742676,9.414387702941895,9.466683387756348
2023-01-31,9.438227653503418,9.513835906982422,9.430676460266113,9.437504768371582
2023-02-01,9.466646194458008,9.501930236816406,9.423035621643066,9.469408988952637
2023-02-02,9.500984191894531,9.549919128417969,9.455209732055664,9.499505996704102
2023-02-03,9.513527870178223,9.586518287658691,9.466320037841797,9.513749122619629
2023-02-06,9.433867454528809,9.528340339660645,9.401294708251953,9.436796188354492
2023-02-07,9.509530067443848,9.607503890991211,9.463029861450195,9.510821342468262
2023-02-08,9.579094886779785,9.640397071838379,9.55300521850586,9.579461097717285
2023-02-09,9.58735179901123,9.63720703125,9.583645820617676,9.593823432922363
2023-02-10,9.614887237548828,9.697890281677246,9.585335731506348,9.614302635192871
2023-02-13,9.635269165039062,9.679191589355469,9.586312294006348,9.63501262664795
2023-02-14,9.618890762329102,9.632216453552246,9.531164169311523,9.618708610534668
2023-02-15,9.562847137451172,9.657196998596191,9.55989933013916,9.565969467163086
2023-02-16,9.581501007080078,9.636922836303711,9.560628890991211,9.586366653442383
2023-02-17,9.611799240112305,9.678118705749512,9.60881233215332,9.612587928771973
2023-02-20,9.631681442260742,9.681471824645996,9.627772331237793,9.633508682250977
2023-02-21,9.646683692932129,9.666242599487305,9.619812965393066,9.648700714111328
2023-02-22,9.671882629394531,9.691585540771484,9.648164749145508,9.675107955932617
2023-02-23,9.649871826171875,9.686853408813477,9.573273658752441,9.655491828918457
2023-02-24,9.629469871520996,9.706010818481445,9.629469871520996,9.6425142288208
2023-02-27,9.62283992767334,9.717126846313477,9.616144180297852,9.62537956237793
2023-02-28,9.663050651550293,9.730655670166016,9.636648178100586,9.666666984558105
2023-03-01,9.688161849975586,9.70842170715332,9.552289962768555,9.69320011138916
2023-03-02,9.583855628967285,9.637351989746094,9.566190719604492,9.585273742675781
2023-03-03,9.589309692382812,9.591707229614258,9.516938209533691,9.591203689575195
2023-03-06,9.517396926879883,9.574848175048828,9.517396926879883,9.518237113952637
2023-03-07,9.54542064666748,9.614591598510742,9.528592109680176,9.55048656463623
2023-03-08,9.587759971618652,9.622954368591309,9.56421184539795,9.59152889251709
2023-03-09,9.58475399017334,9.712114334106445,9.583661079406738,9.59148120880127
2023-03-10,9.717574119567871,9.774161338806152,9.620621681213379,9.718820571899414
2023-03-13,9.779168128967285,9.869275093078613,9.665850639343262,9.77971076965332
2023-03-14,9.74040699005127,9.834044456481934,9.68105697631836,9.735651969909668
2023-03-15,9.705613136291504,9.986919403076172,9.661872863769531,9.706046104431152
2023-03-16,9.869050979614258,9.947409629821777,9.805705070495605,9.868754386901855
2023-03-17,9.758661270141602,9.9048433303833,9.739139556884766,9.758880615234375
2023-03-20,9.878819465637207,10.04696273803711,9.803204536437988,9.8781099319458
2023-03-21,9.930974960327148,9.985520362854004,9.844268798828125,9.930974960327148
2023-03-22,9.845680236816406,9.88990306854248,9.79002857208252,9.848953247070312
2023-03-23,9.896669387817383,9.907683372497559,9.729736328125,9.895386695861816
2023-03-24,9.822809219360352,10.067995071411133,9.816983222961426,9.829813003540039
2023-03-26,9.894206047058105,9.965621948242188,9.858641624450684,9.89564323425293
2023-03-27,9.88879108428955,9.948328018188477,9.868046760559082,9.888866424560547
2023-03-28,9.885828018188477,9.900561332702637,9.806160926818848,9.896984100341797
2023-03-29,9.859773635864258,9.863033294677734,9.75361442565918,9.858138084411621
2023-03-30,9.727806091308594,9.816756248474121,9.682975769042969,9.731876373291016
2023-04-02,9.791159629821777,9.934011459350586,9.791159629821777,9.790390014648438
2023-04-03,9.885580062866211,9.985220909118652,9.836319923400879,9.885804176330566
2023-04-04,9.984403610229492,10.05441665649414,9.94603443145752,9.980531692504883
2023-04-05,10.052776336669922,10.088700294494629,9.989410400390625,10.05427360534668
2023-04-06,10.00717544555664,10.028000831604004,9.936169624328613,10.007288932800293
2023-04-09,9.953276634216309,9.988677978515625,9.875725746154785,9.957910537719727
2023-04-10,9.892459869384766,9.941960334777832,9.867141723632812,9.896307945251465
2023-04-11,9.896031379699707,9.941858291625977,9.87442398071289,9.891462326049805
2023-04-12,9.937370300292969,9.968999862670898,9.802469253540039,9.93970012664795
2023-04-13,9.82249641418457,9.846548080444336,9.744013786315918,9.823077201843262
2023-04-16,9.728385925292969,9.842639923095703,9.728385925292969,9.728604316711426
2023-04-17,9.788146018981934,9.842608451843262,9.782710075378418,9.789965629577637
2023-04-18,9.823491096496582,9.914545059204102,9.79825496673584,9.82129192352295
2023-04-19,9.84864330291748,9.874900817871094,9.803360939025879,9.849374771118164
2023-04-20,9.871919631958008,9.945345878601074,9.868881225585938,9.877943992614746
2023-04-23,9.923337936401367,9.959037780761719,9.889771461486816,9.923152923583984
2023-04-24,9.939629554748535,10.033750534057617,9.898106575012207,9.939556121826172
2023-04-25,10.027419090270996,10.069589614868164,9.97442626953125,10.02479362487793
2023-04-26,10.023237228393555,10.056827545166016,9.992076873779297,10.023863792419434
2023-04-27,9.989763259887695,10.018206596374512,9.794182777404785,10.010051727294922
2023-04-30,9.802831649780273,9.815279006958008,9.751002311706543,9.804341316223145
2023-05-01,9.75390911102295,9.837486267089844,9.712040901184082,9.763117790222168
2023-05-02,9.829684257507324,9.861968040466309,9.80165958404541,9.836221694946289
2023-05-03,9.913529396057129,9.927986145019531,9.814859390258789,9.924151420593262
2023-05-04,9.842938423156738,9.858847618103027,9.76086139678955,9.842277526855469
2023-05-07,9.760104179382324,9.82845687866211,9.74867057800293,9.740504264831543
2023-05-08,9.779829025268555,9.827829360961914,9.740836143493652,9.790226936340332
2023-05-09,9.787734031677246,9.822784423828125,9.771634101867676,9.801682472229004
2023-05-10,9.820463180541992,9.944683074951172,9.815251350402832,9.829774856567383
2023-05-11,9.884998321533203,9.932611465454102,9.874381065368652,9.88736343383789
2023-05-14,9.877299308776855,9.880934715270996,9.791889190673828,9.877189636230469
2023-05-15,9.812246322631836,9.870376586914062,9.79050064086914,9.815652847290039
2023-05-16,9.824256896972656,9.844072341918945,9.71072006225586,9.83962631225586
2023-05-17,9.69548511505127,9.713159561157227,9.629859924316406,9.694765090942383
2023-05-18,9.61972427368164,9.644700050354004,9.54020881652832,9.628421783447266
2023-05-21,9.619039535522461,9.619707107543945,9.478201866149902,9.61572265625
2023-05-22,9.470176696777344,9.533355712890625,9.443618774414062,9.474370956420898
2023-05-23,9.518134117126465,9.533724784851074,9.477424621582031,9.523101806640625
2023-05-24,9.463458061218262,9.529557228088379,9.453129768371582,9.466039657592773
2023-05-25,9.495166778564453,9.510210037231445,9.42422866821289,9.504796028137207
2023-05-28,9.387191772460938,9.442957878112793,9.384559631347656,9.38839054107666
2023-05-29,9.423946380615234,9.443872451782227,9.393527030944824,9.431379318237305
2023-05-30,9.435030937194824,9.511180877685547,9.403592109680176,9.441131591796875
2023-05-31,9.495467185974121,9.513193130493164,9.43741226196289,9.499489784240723
2023-06-01,9.450493812561035,9.460186958312988,9.322465896606445,9.462425231933594
2023-06-04,9.313021659851074,9.3584566116333,9.29460620880127,9.308797836303711
2023-06-05,9.324810981750488,9.35346508026123,9.287019729614258,9.325011253356934
2023-06-06,9.311426162719727,9.371484756469727,9.292398452758789,9.31129264831543
2023-06-07,9.346375465393066,9.355101585388184,9.300383567810059,9.352232933044434
2023-06-08,9.327848434448242,9.336259841918945,9.222212791442871,9.335214614868164
2023-06-11,9.232850074768066,9.270530700683594,9.1967191696167,9.232850074768066
2023-06-12,9.212751388549805,9.212751388549805,9.043987274169922,9.211033821105957
2023-06-13,9.045964241027832,9.140748977661133,9.044511795043945,9.042285919189453
2023-06-14,9.102463722229004,9.124464988708496,9.042560577392578,9.101163864135742
2023-06-15,9.049901962280273,9.098116874694824,8.996505737304688,9.054452896118164
2023-06-18,9.002269744873047,9.061479568481445,8.998525619506836,8.996208190917969
2023-06-19,9.03140640258789,9.115119934082031,9.004928588867188,9.043301582336426
2023-06-20,9.107428550720215,9.135043144226074,9.08434772491455,9.110007286071777
2023-06-21,9.086977005004883,9.14539623260498,9.08034610748291,9.093301773071289
2023-06-22,9.071824073791504,9.160412788391113,9.068410873413086,9.075820922851562
2023-06-25,9.11071491241455,9.143255233764648,9.057409286499023,9.110143661499023
2023-06-26,9.081409454345703,9.115220069885254,8.997124671936035,9.084294319152832
2023-06-27,9.028085708618164,9.095067977905273,9.026044845581055,9.011425971984863
2023-06-28,9.058643341064453,9.125519752502441,9.047320365905762,9.06563663482666
2023-06-29,9.124544143676758,9.143052101135254,9.091851234436035,9.137918472290039
2023-07-02,9.109975814819336,9.1160249710083,9.013641357421875,9.10847282409668
2023-07-03,9.02893352508545,9.041050910949707,8.950629234313965,9.033472061157227
2023-07-04,8.973612785339355,9.028261184692383,8.965839385986328,8.971296310424805
2023-07-05,9.020265579223633,9.114251136779785,9.006808280944824,9.018893241882324
2023-07-06,9.089836120605469,9.140518188476562,9.068828582763672,9.094964027404785
2023-07-09,9.12990665435791,9.213560104370117,9.111074447631836,9.123141288757324
2023-07-10,9.190909385681152,9.224163055419922,9.16262435913086,9.19676685333252
2023-07-11,9.216524124145508,9.288305282592773,9.174850463867188,9.217828750610352
2023-07-12,9.207276344299316,9.253617286682129,9.128063201904297,9.215153694152832
2023-07-13,9.177501678466797,9.230242729187012,9.11579704284668,9.175007820129395
2023-07-16,9.146034240722656,9.173185348510742,9.091241836547852,9.145210266113281
2023-07-17,9.108468055725098,9.158679962158203,9.067704200744629,9.121543884277344
2023-07-18,9.094728469848633,9.112268447875977,9.035015106201172,9.098094940185547
2023-07-19,9.062158584594727,9.133939743041992,9.046010971069336,9.065962791442871
2023-07-20,9.132623672485352,9.166577339172363,9.036273002624512,9.140046119689941
2023-07-23,9.069171905517578,9.10106086730957,9.03654670715332,9.070160865783691
2023-07-24,9.04042911529541,9.082805633544922,9.002304077148438,9.048723220825195
2023-07-25,9.048171043395996,9.09680461883545,9.033884048461914,9.037152290344238
2023-07-26,9.050272941589355,9.141200065612793,9.033482551574707,9.084283828735352
2023-07-27,9.236468315124512,9.255565643310547,9.055703163146973,9.245626449584961
2023-07-30,9.038369178771973,9.065530776977539,8.93746280670166,9.039044380187988
2023-07-31,8.973348617553711,9.031749725341797,8.958287239074707,8.978894233703613
2023-08-01,9.002812385559082,9.113146781921387,8.995515823364258,9.017046928405762
2023-08-02,9.055818557739258,9.14498233795166,9.024641990661621,9.052186965942383
2023-08-03,9.09224796295166,9.209654808044434,9.090685844421387,9.091036796569824
2023-08-06,9.18494701385498,9.231496810913086,9.147233009338379,9.18429946899414
2023-08-07,9.156785011291504,9.240335464477539,9.135889053344727,9.176162719726562
2023-08-08,9.18203353881836,9.22118091583252,9.13756275177002,9.189809799194336
2023-08-09,9.142801284790039,9.166890144348145,9.071203231811523,9.140368461608887
2023-08-10,9.094328880310059,9.188673973083496,9.090889930725098,9.100372314453125
2023-08-13,9.17959976196289,9.208617210388184,9.16324234008789,9.180296897888184
2023-08-14,9.187808990478516,9.211488723754883,9.157217979431152,9.177128791809082
2023-08-15,9.192505836486816,9.208272933959961,9.158801078796387,9.195084571838379
2023-08-16,9.17025089263916,9.181026458740234,9.150344848632812,9.180234909057617
2023-08-17,9.188794136047363,9.25154972076416,9.155598640441895,9.18984603881836
2023-08-20,9.214937210083008,9.233165740966797,9.154769897460938,9.21506404876709
2023-08-21,9.15035629272461,9.185362815856934,9.14053726196289,9.164504051208496
2023-08-22,9.178486824035645,9.226263999938965,9.168511390686035,9.190423965454102
2023-08-23,9.183368682861328,9.183368682861328,9.059881210327148,9.199867248535156
2023-08-24,9.084696769714355,9.089327812194824,9.033935546875,9.08217716217041
2023-08-27,9.02979564666748,9.05785846710205,9.006439208984375,9.032691955566406
2023-08-28,9.03426456451416,9.045700073242188,8.993106842041016,9.028641700744629
2023-08-29,9.037759780883789,9.066868782043457,9.02132797241211,9.049229621887207
2023-08-30,9.053389549255371,9.103625297546387,9.036446571350098,9.054017066955566
2023-08-31,9.104057312011719,9.104305267333984,9.020210266113281,9.105712890625
2023-09-03,9.017213821411133,9.046076774597168,8.985509872436523,9.019929885864258
2023-09-04,8.997499465942383,9.086527824401855,8.997499465942383,8.993330001831055
2023-09-05,9.026963233947754,9.052186965942383,9.006002426147461,9.026688575744629
2023-09-06,9.02710247039795,9.0855712890625,9.012312889099121,9.027462005615234
2023-09-07,9.05133056640625,9.092403411865234,9.021830558776855,9.072808265686035
2023-09-10,9.076702117919922,9.121081352233887,9.047112464904785,9.07763385772705
2023-09-11,9.025400161743164,9.055695533752441,9.005929946899414,9.002028465270996
2023-09-12,8.997798919677734,9.030143737792969,8.970540046691895,8.994882583618164
2023-09-13,9.001476287841797,9.032266616821289,8.981779098510742,8.995808601379395
2023-09-14,9.00044059753418,9.025505065917969,8.965639114379883,9.00285530090332
2023-09-17,8.984855651855469,8.986947059631348,8.954922676086426,8.983611106872559
2023-09-18,8.94716739654541,8.992565155029297,8.935232162475586,9.008200645446777
2023-09-19,8.987038612365723,9.003968238830566,8.954217910766602,8.991955757141113
2023-09-20,8.983038902282715,9.105328559875488,8.980761528015137,8.990738868713379
2023-09-21,9.0792236328125,9.088936805725098,8.971606254577637,9.080005645751953
2023-09-24,8.991854667663574,9.017555236816406,8.966039657592773,8.991605758666992
2023-09-25,8.993938446044922,9.090042114257812,8.990484237670898,8.994203567504883
2023-09-26,9.076544761657715,9.098884582519531,9.036968231201172,9.082247734069824
2023-09-27,9.050383567810059,9.087340354919434,9.023731231689453,9.03472900390625
2023-09-28,9.026049613952637,9.060931205749512,8.9975004196167,9.021788597106934
2023-10-01,9.042471885681152,9.066636085510254,9.012743949890137,9.040294647216797
2023-10-02,9.036360740661621,9.151917457580566,9.036360740661621,9.036547660827637
2023-10-03,9.131423950195312,9.14642333984375,9.058914184570312,9.11026668548584
2023-10-04,9.069891929626465,9.102117538452148,9.047332763671875,9.070075035095215
2023-10-05,9.05309009552002,9.087039947509766,8.935770034790039,9.063570022583008
2023-10-08,9.006319046020508,9.096000671386719,9.003752708435059,9.005171775817871
2023-10-09,9.080700874328613,9.092573165893555,9.024832725524902,9.080239295959473
2023-10-10,9.025997161865234,9.032914161682129,8.96538257598877,9.028149604797363
2023-10-11,8.97287368774414,9.005234718322754,8.940630912780762,8.96329116821289
2023-10-12,9.004429817199707,9.044960975646973,8.993063926696777,9.001626014709473
2023-10-15,9.041497230529785,9.069605827331543,9.014852523803711,9.039230346679688
2023-10-16,9.007451057434082,9.06579875946045,9.006254196166992,9.010294914245605
2023-10-17,9.032453536987305,9.061487197875977,9.000847816467285,9.034026145935059
2023-10-18,9.049514770507812,9.076155662536621,9.04392147064209,9.043554306030273
2023-10-19,9.051475524902344,9.070672035217285,8.992801666259766,9.053936958312988
2023-10-22,9.0034761428833,9.036405563354492,8.97231674194336,9.002291679382324
2023-10-23,8.96057415008545,8.995752334594727,8.958114624023438,8.965298652648926
2023-10-24,8.96383285522461,9.021531105041504,8.962692260742188,8.96608829498291
2023-10-25,9.013433456420898,9.04046630859375,9.009115219116211,9.012639045715332
2023-10-26,8.987849235534668,9.053936004638672,8.97125244140625,8.98083209991455
2023-10-30,9.051456451416016,9.057537078857422,8.99543285369873,9.051033020019531
2023-10-31,9.035368919372559,9.035368919372559,8.931455612182617,9.040654182434082
2023-11-01,8.906253814697266,8.987809181213379,8.906253814697266,8.922842979431152
2023-11-02,8.947547912597656,8.947547912597656,8.839749336242676,8.947649955749512
2023-11-03,8.861807823181152,8.877243995666504,8.712656021118164,8.861720085144043
2023-11-06,8.753229141235352,8.768657684326172,8.63625431060791,8.752847671508789
2023-11-07,8.644556999206543,8.721681594848633,8.644556999206543,8.647948265075684
2023-11-08,8.670212745666504,8.719620704650879,8.628641128540039,8.67398452758789
2023-11-09,8.666922569274902,8.699896812438965,8.62827205657959,8.67056941986084
2023-11-10,8.69564437866211,8.725637435913086,8.633810043334961,8.695821762084961
2023-11-13,8.696473121643066,8.743077278137207,8.693861961364746,8.696070671081543
2023-11-14,8.698005676269531,8.765984535217285,8.637726783752441,8.698062896728516
2023-11-15,8.667206764221191,8.683975219726562,8.604021072387695,8.667025566101074
2023-11-16,8.612107276916504,8.662432670593262,8.504371643066406,8.60961627960205
2023-11-17,8.58354377746582,8.662543296813965,8.565693855285645,8.575855255126953
2023-11-20,8.638883590698242,8.722208023071289,8.634720802307129,8.640727996826172
2023-11-21,8.681659698486328,8.758551597595215,8.668266296386719,8.682538032531738
2023-11-22,8.742073059082031,8.75297737121582,8.700484275817871,8.742423057556152
2023-11-23,8.706204414367676,8.718742370605469,8.684165000915527,8.671194076538086
2023-11-24,8.688458442687988,8.756217002868652,8.660257339477539,8.688894271850586
2023-11-27,8.622686386108398,8.781253814697266,8.619400978088379,8.622830390930176
2023-11-28,8.717583656311035,8.75382137298584,8.69472599029541,8.774614334106445
2023-11-29,8.744926452636719,8.778921127319336,8.728697776794434,8.755728721618652
2023-11-30,8.760836601257324,8.818285942077637,8.745111465454102,8.763460159301758
2023-12-01,8.769981384277344,8.852069854736328,8.769981384277344,8.76109790802002
2023-12-04,8.840316772460938,8.91491985321045,8.824859619140625,8.837691307067871
2023-12-05,8.886738777160645,8.960267066955566,8.884062767028809,8.88882064819336
2023-12-06,8.923319816589355,8.939282417297363,8.899333000183105,8.923866271972656
2023-12-07,8.9371919631958,9.134220123291016,8.918357849121094,8.927396774291992
2023-12-08,9.096837043762207,9.170513153076172,9.025472640991211,9.098665237426758
2023-12-11,9.080506324768066,9.084453582763672,8.99347972869873,9.080318450927734
2023-12-12,8.992223739624023,9.05057430267334,8.942818641662598,8.992100715637207
2023-12-13,9.00605583190918,9.080474853515625,9.00605583190918,9.017786026000977
2023-12-14,9.047607421875,9.17197322845459,9.0462007522583,9.048670768737793
2023-12-15,9.049090385437012,9.18547534942627,9.049090385437012,9.080347061157227
2023-12-18,8.970558166503906,9.146662712097168,8.960827827453613,8.968729972839355
2023-12-19,9.113565444946289,9.176152229309082,9.009251594543457,9.128539085388184
2023-12-20,9.039363861083984,9.084107398986816,9.00636100769043,9.019174575805664
2023-12-21,9.036079406738281,9.141958236694336,9.036079406738281,9.037904739379883
2023-12-22,9.121063232421875,9.156896591186523,9.08004379272461,9.101097106933594
2023-12-25,9.107476234436035,9.128401756286621,9.09157943725586,9.107476234436035
2023-12-26,9.101736068725586,9.137253761291504,9.041953086853027,9.101154327392578
2023-12-27,9.08084774017334,9.109625816345215,9.04886531829834,9.0823392868042
2023-12-28,9.155094146728516,9.16496467590332,9.072181701660156,9.15710735321045
2023-12-29,9.084880828857422,9.208303451538086,9.07349967956543,9.0348539352417
2024-01-01,9.174972534179688,9.174972534179688,9.170720100402832,9.174972534179688
2024-01-02,9.18120002746582,9.260644912719727,9.145999908447266,9.18120002746582
2024-01-03,9.197321891784668,9.242344856262207,9.124728202819824,9.198518753051758
2024-01-04,9.157135963439941,9.169858932495117,9.065370559692383,9.161487579345703
2024-01-05,9.053986549377441,9.095708847045898,9.022821426391602,9.057201385498047
2024-01-08,9.074504852294922,9.142600059509277,9.071054458618164,9.075508117675781
2024-01-09,9.09570026397705,9.18200969696045,9.089075088500977,9.095320701599121
2024-01-10,9.132242202758789,9.14031982421875,9.048836708068848,9.136444091796875
2024-01-11,9.043129920959473,9.064001083374023,9.000722885131836,9.03976058959961
2024-01-12,9.047548294067383,9.074335098266602,9.001209259033203,9.044090270996094
2024-01-15,9.040166854858398,9.07638168334961,9.035249710083008,9.04019832611084
2024-01-16,9.052839279174805,9.129323959350586,9.052839279174805,9.051726341247559
2024-01-17,9.087821960449219,9.142581939697266,9.063750267028809,9.085253715515137
2024-01-18,9.072897911071777,9.088563919067383,9.028698921203613,9.075331687927246
2024-01-19,9.046806335449219,9.046806335449219,8.989740371704102,9.029213905334473
2024-01-22,9.010459899902344,9.06968879699707,8.993571281433105,9.0081787109375
2024-01-23,9.036713600158691,9.069129943847656,8.994025230407715,9.038865089416504
2024-01-24,9.01909065246582,9.066842079162598,9.01909065246582,9.016639709472656
2024-01-25,9.02876091003418,9.071579933166504,9.016027450561523,9.01009464263916
2024-01-26,9.038346290588379,9.069068908691406,9.002756118774414,9.040236473083496
2024-01-29,9.018156051635742,9.049742698669434,9.00951862335205,9.022266387939453
2024-01-30,9.036360740661621,9.0451078414917,8.997597694396973,9.040212631225586
2024-01-31,9.023815155029297,9.110980033874512,9.008091926574707,9.000929832458496
2024-02-01,9.073323249816895,9.113394737243652,9.055665016174316,9.076007843017578
2024-02-02,9.073436737060547,9.077264785766602,8.957905769348145,9.074149131774902
2024-02-05,9.01034927368164,9.015458106994629,8.965020179748535,9.011076927185059
2024-02-06,8.968006134033203,8.972996711730957,8.926009178161621,8.97017765045166
2024-02-07,8.974893569946289,8.986822128295898,8.940889358520508,8.97550106048584
2024-02-08,8.968366622924805,8.97118854522705,8.898649215698242,8.964954376220703
2024-02-09,8.921686172485352,8.927647590637207,8.85208797454834,8.920175552368164
2024-02-12,8.918845176696777,8.930216789245605,8.886423110961914,8.919502258300781
2024-02-13,8.894146919250488,8.902384757995605,8.816604614257812,8.893819808959961
2024-02-14,8.894301414489746,8.894301414489746,8.835466384887695,8.895722389221191
2024-02-15,8.806944847106934,8.89332389831543,8.806944847106934,8.808027267456055
2024-02-16,8.82467269897461,8.89385986328125,8.795186042785645,8.854312896728516
2024-02-19,8.868863105773926,8.906126976013184,8.867334365844727,8.871581077575684
2024-02-20,8.876378059387207,8.907218933105469,8.856145858764648,8.872843742370605
2024-02-21,8.893474578857422,8.910327911376953,8.866865158081055,8.89552116394043
2024-02-22,8.864937782287598,8.867929458618164,8.811363220214844,8.864819526672363
2024-02-23,8.819811820983887,8.852198600769043,8.81603717803955,8.819254875183105
2024-02-26,8.836878776550293,8.863600730895996,8.825424194335938,8.836644172668457
2024-02-27,8.845306396484375,8.86841869354248,8.831626892089844,8.846186637878418
2024-02-28,8.832757949829102,8.884082794189453,8.832757949829102,8.849337577819824
2024-02-29,8.856815338134766,8.94228458404541,8.856525421142578,8.851492881774902
2024-03-01,8.896662712097168,8.896662712097168,8.849666595458984,8.896262168884277
2024-03-04,8.86426067352295,8.878515243530273,8.838821411132812,8.866238594055176
2024-03-05,8.837956428527832,8.902844429016113,8.836109161376953,8.837545394897461
2024-03-06,8.887823104858398,8.928558349609375,8.887823104858398,8.88877010345459
2024-03-07,8.894613265991211,8.999749183654785,8.894613265991211,8.890355110168457
2024-03-08,8.935365676879883,8.973316192626953,8.815991401672363,8.93443775177002
2024-03-11,8.967976570129395,8.978089332580566,8.89486026763916,8.96776294708252
2024-03-12,8.931278228759766,8.952042579650879,8.55630111694336,8.929730415344238
2024-03-13,8.881829261779785,8.924393653869629,8.876859664916992,8.880633354187012
2024-03-14,8.897836685180664,8.93517780303955,8.881945610046387,8.898740768432617
2024-03-15,8.910478591918945,8.975074768066406,8.910478591918945,8.911230087280273
2024-03-18,8.925154685974121,8.95157241821289,8.912062644958496,8.925873756408691
2024-03-19,8.95946979522705,8.970344543457031,8.870439529418945,8.956857681274414
2024-03-20,8.85156536102295,8.857810974121094,8.820281982421875,8.852384567260742
2024-03-21,8.807979583740234,8.833054542541504,8.754940032958984,8.823253631591797
2024-03-22,8.797250747680664,8.895651817321777,8.765707015991211,8.801983833312988
2024-03-25,8.87817668914795,8.883842468261719,8.827990531921387,8.879761695861816
2024-03-26,8.846149444580078,8.879778861999512,8.82244873046875,8.846908569335938
2024-03-27,8.863327026367188,8.934139251708984,8.845778465270996,8.863386154174805
2024-03-28,8.921613693237305,8.936773300170898,8.87203311920166,8.921760559082031
2024-03-29,8.912717819213867,8.916998863220215,8.866037368774414,8.912630081176758
2024-03-31,8.884978294372559,8.936970710754395,8.873865127563477,8.886093139648438
2024-04-01,8.941519737243652,8.946537971496582,8.884719848632812,8.942317008972168
2024-04-02,8.913032531738281,8.924449920654297,8.876943588256836,8.912819862365723
2024-04-03,8.866442680358887,8.889490127563477,8.861319541931152,8.872770309448242
2024-04-04,8.931924819946289,8.960976600646973,8.899141311645508,8.932367324829102
2024-04-07,8.901715278625488,8.932730674743652,8.901040077209473,8.901215553283691
2024-04-08,8.918729782104492,8.929370880126953,8.868267059326172,8.918437004089355
2024-04-09,8.888903617858887,8.940197944641113,8.862757682800293,8.89284896850586
2024-04-10,8.915911674499512,8.95174503326416,8.90194320678711,8.916028022766113
2024-04-11,8.928022384643555,9.067985534667969,8.921895980834961,8.929421424865723
2024-04-14,8.998854637145996,9.035654067993164,8.960819244384766,8.999383926391602
2024-04-15,8.997843742370605,9.069299697875977,8.995595932006836,9.000383377075195
2024-04-16,8.976537704467773,8.991707801818848,8.92123031616211,8.989912986755371
2024-04-17,8.93739128112793,8.947396278381348,8.883443832397461,8.938028335571289
2024-04-18,8.917346954345703,9.051972389221191,8.893280982971191,8.921629905700684
2024-04-21,8.884699821472168,8.941679954528809,8.878905296325684,8.885045051574707
2024-04-22,8.90219497680664,8.915124893188477,8.861068725585938,8.906688690185547
2024-04-23,8.85626220703125,8.881814956665039,8.827055931091309,8.855804443359375
2024-04-24,8.868115425109863,8.870991706848145,8.813272476196289,8.868144035339355
2024-04-25,8.814277648925781,8.851513862609863,8.730179786682129,8.816458702087402
2024-04-28,8.704657554626465,8.901800155639648,8.653663635253906,8.702898025512695
2024-04-29,8.793137550354004,8.820050239562988,8.766701698303223,8.794515609741211
2024-04-30,8.78221321105957,8.792169570922852,8.644564628601074,8.784050941467285
2024-05-01,8.8283052444458,8.924997329711914,8.813943862915039,8.830432891845703
2024-05-02,8.917391777038574,8.946070671081543,8.81857967376709,8.919012069702148
2024-05-05,8.818638801574707,8.849908828735352,8.796053886413574,8.824381828308105
2024-05-06,8.767021179199219,8.824557304382324,8.767021179199219,8.767885208129883
2024-05-07,8.772597312927246,8.811108589172363,8.757245063781738,8.773529052734375
2024-05-08,8.76595401763916,8.80379867553711,8.76595401763916,8.764148712158203
2024-05-09,8.782821655273438,8.794794082641602,8.761878967285156,8.786979675292969
2024-05-12,8.792197227478027,8.806493759155273,8.747798919677734,8.792901992797852
2024-05-13,8.72914981842041,8.759376525878906,8.718549728393555,8.728815078735352
2024-05-14,8.705082893371582,8.755035400390625,8.680869102478027,8.70644474029541
2024-05-15,8.766194343566895,8.783500671386719,8.665319442749023,8.773175239562988
2024-05-16,8.66342830657959,8.719587326049805,8.66342830657959,8.662639617919922
2024-05-19,8.6880521774292,8.735572814941406,8.684242248535156,8.689501762390137
2024-05-20,8.696925163269043,8.743132591247559,8.696480751037598,8.697954177856445
2024-05-21,8.724411964416504,8.739429473876953,8.69970989227295,8.726250648498535
2024-05-22,8.71288776397705,8.724043846130371,8.675819396972656,8.713749885559082
2024-05-23,8.711372375488281,8.737417221069336,8.688278198242188,8.71261978149414
2024-05-26,8.706275939941406,8.7153959274292,8.667134284973145,8.706110000610352
2024-05-27,8.67012882232666,8.689003944396973,8.646452903747559,8.6765775680542
2024-05-28,8.664368629455566,8.707686424255371,8.664005279541016,8.665236473083496
2024-05-29,8.694783210754395,8.809475898742676,8.694758415222168,8.69643783569336
2024-05-30,8.762887954711914,8.841389656066895,8.76138973236084,8.764226913452148
2024-06-02,8.791173934936523,8.80042552947998,8.73116683959961,8.792712211608887
2024-06-03,8.78246784210205,8.905377388000488,8.764395713806152,8.782526969909668
2024-06-04,8.855968475341797,8.861066818237305,8.767074584960938,8.856196403503418
2024-06-05,8.779788970947266,8.7945556640625,8.73359489440918,8.777321815490723
2024-06-06,8.76438045501709,8.808212280273438,8.690407752990723,8.769760131835938
2024-06-09,8.793054580688477,8.812320709228516,8.749983787536621,8.792886734008789
2024-06-10,8.74882984161377,8.787184715270996,8.743891716003418,8.74882984161377
2024-06-11,8.767335891723633,8.783965110778809,8.713828086853027,8.767129898071289
2024-06-12,8.739497184753418,8.778828620910645,8.712003707885742,8.739720344543457
2024-06-13,8.742975234985352,8.829253196716309,8.709710121154785,8.742669105529785
2024-06-16,8.77309513092041,8.78798770904541,8.742923736572266,8.775545120239258
2024-06-17,8.744915008544922,8.768773078918457,8.732237815856934,8.744911193847656
2024-06-18,8.729798316955566,8.76684284210205,8.729798316955566,8.74290943145752
2024-06-19,8.745074272155762,8.765581130981445,8.739866256713867,8.743448257446289
2024-06-20,8.75396728515625,8.76415729522705,8.70692253112793,8.757329940795898
2024-06-23,8.682565689086914,8.717021942138672,8.675086975097656,8.684385299682617
2024-06-24,8.679596900939941,8.729948043823242,8.669393539428711,8.68204402923584
2024-06-25,8.709992408752441,8.716177940368652,8.654894828796387,8.710838317871094
2024-06-26,8.674172401428223,8.679285049438477,8.616839408874512,8.675333023071289
2024-06-27,8.62828254699707,8.630803108215332,8.541415214538574,8.631349563598633
2024-06-30,8.576986312866211,8.59858226776123,8.547947883605957,8.578397750854492
2024-07-01,8.55513858795166,8.601655960083008,8.55513858795166,8.553985595703125
2024-07-02,8.565325736999512,8.607659339904785,8.565325736999512,8.565909385681152
2024-07-03,8.575963973999023,8.583846092224121,8.546001434326172,8.578728675842285
2024-07-04,8.552555084228516,8.59639835357666,8.533699035644531,8.553854942321777
2024-07-07,8.569472312927246,8.610328674316406,8.566458702087402,8.569364547729492
2024-07-08,8.595256805419922,8.607510566711426,8.560813903808594,8.596358299255371
2024-07-09,8.568737030029297,8.58991527557373,8.548463821411133,8.570161819458008
2024-07-10,8.557372093200684,8.693771362304688,8.486332893371582,8.557629585266113
2024-07-11,8.669219017028809,8.723801612854004,8.633350372314453,8.67025375366211
2024-07-14,8.682117462158203,8.761842727661133,8.679156303405762,8.679485321044922
2024-07-15,8.750506401062012,8.766426086425781,8.708006858825684,8.749446868896484
2024-07-16,8.73110294342041,8.82590389251709,8.703410148620605,8.731158256530762
2024-07-17,8.85617733001709,8.861166000366211,8.802668571472168,8.855778694152832
2024-07-18,8.813200950622559,8.834259033203125,8.787113189697266,8.815296173095703
2024-07-21,8.820895195007324,8.87267780303955,8.806960105895996,8.822265625
2024-07-22,8.839733123779297,8.895432472229004,8.823266983032227,8.839929580688477
2024-07-23,8.88744068145752,9.012617111206055,8.880120277404785,8.889494895935059
2024-07-24,8.981017112731934,9.109903335571289,8.962265014648438,8.98542308807373
2024-07-25,8.99671459197998,9.025232315063477,8.953498840332031,8.99776840209961
2024-07-28,8.966110229492188,9.020657539367676,8.96364688873291,8.966052055358887
2024-07-29,8.978471755981445,9.011943817138672,8.923118591308594,8.975229263305664
2024-07-30,9.05956745147705,9.156399726867676,8.982742309570312,9.06467056274414
2024-07-31,9.13426399230957,9.196564674377441,9.045162200927734,9.134660720825195
2024-08-01,9.175524711608887,9.269048690795898,9.136626243591309,9.174325942993164
2024-08-04,9.32026195526123,9.646183013916016,9.314111709594727,9.324776649475098
2024-08-05,9.373011589050293,9.562856674194336,9.371809005737305,9.380441665649414
2024-08-06,9.497319221496582,9.5083589553833,9.302734375,9.438541412353516
2024-08-07,9.401473999023438,9.473774909973145,9.339424133300781,9.414233207702637
2024-08-08,9.293924331665039,9.352067947387695,9.247026443481445,9.304606437683105
2024-08-11,9.274005889892578,9.324104309082031,9.2493896484375,9.27353286743164
2024-08-12,9.316091537475586,9.325013160705566,9.25411605834961,9.31688404083252
2024-08-13,9.253759384155273,9.301789283752441,9.139588356018066,9.269993782043457
2024-08-14,9.204983711242676,9.24772834777832,9.134317398071289,9.205140113830566
2024-08-15,9.140337944030762,9.181158065795898,9.095672607421875,9.138501167297363
2024-08-18,9.116454124450684,9.168917655944824,9.054671287536621,9.117748260498047
2024-08-19,9.0713472366333,9.147439956665039,9.010795593261719,9.072275161743164
2024-08-20,9.138955116271973,9.189702987670898,9.106083869934082,9.13659954071045
2024-08-21,9.193656921386719,9.214595794677734,9.14101791381836,9.189669609069824
2024-08-22,9.162474632263184,9.211457252502441,9.116036415100098,9.162788391113281
2024-08-25,9.198369979858398,9.227577209472656,9.161938667297363,9.195878028869629
2024-08-26,9.180645942687988,9.240265846252441,9.171797752380371,9.181154251098633
2024-08-27,9.212944984436035,9.268320083618164,9.165938377380371,9.211984634399414
2024-08-28,9.253743171691895,9.271134376525879,9.149007797241211,9.253844261169434
2024-08-29,9.200206756591797,9.226901054382324,9.135979652404785,9.198555946350098
2024-09-01,9.130517959594727,9.183732986450195,9.096098899841309,9.129582405090332
2024-09-02,9.114232063293457,9.22676944732666,9.101794242858887,9.11594009399414
2024-09-03,9.22169303894043,9.27504825592041,9.211517333984375,9.221068382263184
2024-09-04,9.303755760192871,9.33602523803711,9.260919570922852,9.309722900390625
2024-09-05,9.291826248168945,9.400840759277344,9.272043228149414,9.29176139831543
2024-09-08,9.387299537658691,9.416290283203125,9.356706619262695,9.390067100524902
2024-09-09,9.375337600708008,9.442867279052734,9.353164672851562,9.370678901672363
2024-09-10,9.446168899536133,9.505210876464844,9.397265434265137,9.442877769470215
2024-09-11,9.385940551757812,9.44139575958252,9.362167358398438,9.388957977294922
2024-09-12,9.438671112060547,9.46592903137207,9.404550552368164,9.43853759765625
2024-09-15,9.440363883972168,9.455339431762695,9.372342109680176,9.443246841430664
2024-09-16,9.364736557006836,9.39962100982666,9.318350791931152,9.368578910827637
2024-09-17,9.311841011047363,9.393248558044434,9.311841011047363,9.314505577087402
2024-09-18,9.265752792358398,9.346959114074707,9.252327919006348,9.266986846923828
2024-09-19,9.28737735748291,9.373371124267578,9.243780136108398,9.291587829589844
2024-09-22,9.240752220153809,9.3380126953125,9.231217384338379,9.245340347290039
2024-09-23,9.282846450805664,9.303401947021484,9.21863842010498,9.285785675048828
2024-09-24,9.26814079284668,9.287369728088379,9.21341323852539,9.266908645629883
2024-09-25,9.228808403015137,9.236989974975586,9.079076766967773,9.221789360046387
2024-09-26,9.04798698425293,9.21384334564209,9.019977569580078,9.051935195922852
2024-09-29,9.167098045349121,9.231522560119629,9.133520126342773,9.168414115905762
2024-09-30,9.152795791625977,9.270684242248535,9.135930061340332,9.1535062789917
2024-10-01,9.191108703613281,9.208510398864746,9.040553092956543,9.216694831848145
2024-10-02,9.032752990722656,9.114092826843262,9.020026206970215,9.032353401184082
2024-10-03,9.08098316192627,9.154385566711426,8.98129653930664,9.087448120117188
2024-10-06,9.0458345413208,9.101082801818848,9.033437728881836,9.041945457458496
2024-10-07,9.062392234802246,9.151535987854004,9.062392234802246,9.063064575195312
2024-10-08,9.045351028442383,9.077919006347656,9.00710678100586,9.053210258483887
2024-10-09,9.009495735168457,9.110857009887695,9.009495735168457,9.003525733947754
2024-10-10,9.076451301574707,9.091270446777344,9.041848182678223,9.075986862182617
2024-10-13,9.030830383300781,9.107369422912598,9.027807235717773,9.02792739868164
2024-10-14,9.060384750366211,9.149054527282715,9.060384750366211,9.0675687789917
2024-10-15,9.143827438354492,9.165185928344727,9.101595878601074,9.143950462341309
2024-10-16,9.120691299438477,9.167034149169922,9.117579460144043,9.120264053344727
2024-10-17,9.13153076171875,9.163139343261719,9.119418144226074,9.126243591308594
2024-10-20,9.151936531066895,9.208148002624512,9.148819923400879,9.150769233703613
2024-10-21,9.13907527923584,9.175819396972656,9.115460395812988,9.138771057128906
2024-10-22,9.109053611755371,9.137090682983398,9.025712013244629,9.108160018920898
2024-10-23,9.02015209197998,9.104497909545898,9.02015209197998,9.015243530273438
2024-10-24,9.067642211914062,9.160361289978027,9.065413475036621,9.074894905090332
2024-10-28,9.076032638549805,9.082209587097168,9.003792762756348,9.071908950805664
2024-10-29,9.021574974060059,9.067255020141602,8.976136207580566,9.021810531616211
2024-10-30,9.023996353149414,9.03623104095459,8.980073928833008,9.02379035949707
2024-10-31,8.972880363464355,9.081774711608887,8.963125228881836,8.993828773498535
2024-11-01,9.033391952514648,9.059064865112305,8.996854782104492,9.03707218170166
2024-11-04,9.05724811553955,9.070500373840332,9.00686264038086,9.056801795959473
2024-11-05,9.013330459594727,9.083492279052734,9.013330459594727,9.031940460205078
2024-11-06,9.005783081054688,9.10299301147461,9.005783081054688,9.099252700805664
2024-11-07,9.070586204528809,9.083650588989258,9.014326095581055,9.070850372314453
2024-11-08,8.957831382751465,9.156984329223633,8.957831382751465,8.957071304321289
2024-11-11,9.13778305053711,9.140682220458984,9.064155578613281,9.138051986694336
2024-11-12,9.124876976013184,9.157370567321777,9.090314865112305,9.124520301818848
2024-11-13,9.095052719116211,9.112756729125977,8.95775318145752,9.095641136169434
2024-11-14,9.02849292755127,9.040254592895508,8.934714317321777,8.999563217163086
2024-11-15,8.968345642089844,9.040178298950195,8.932502746582031,8.9700345993042
2024-11-18,9.016349792480469,9.059969902038574,8.961732864379883,9.017602920532227
2024-11-19,9.001917839050293,9.105001449584961,8.991331100463867,8.986721992492676
2024-11-20,8.999320983886719,9.01834487915039,8.941132545471191,8.997640609741211
2024-11-21,9.007810592651367,9.086738586425781,9.00070858001709,8.999833106994629
2024-11-22,9.079439163208008,9.115447998046875,9.040897369384766,9.078289985656738
2024-11-25,9.107172966003418,9.133628845214844,9.050944328308105,9.103894233703613
2024-11-26,9.05776309967041,9.133011817932129,9.05271053314209,9.040708541870117
2024-11-27,9.121872901916504,9.237889289855957,9.117598533630371,9.118816375732422
2024-11-28,9.194204330444336,9.219915390014648,9.172931671142578,9.190971374511719
2024-11-29,9.215068817138672,9.319692611694336,9.213451385498047,9.215861320495605
2024-12-02,9.305733680725098,9.422898292541504,9.280620574951172,9.304523468017578
2024-12-03,9.371074676513672,9.679527282714844,9.326872825622559,9.367128372192383
2024-12-04,9.44101619720459,9.465546607971191,9.360312461853027,9.454005241394043
2024-12-05,9.380777359008789,9.451672554016113,9.380777359008789,9.368701934814453
2024-12-06,9.427035331726074,9.508200645446777,9.3911714553833,9.406595230102539
2024-12-09,9.50081729888916,9.596885681152344,9.443572044372559,9.49869441986084
2024-12-10,9.429320335388184,9.458910942077637,9.403692245483398,9.421414375305176
2024-12-11,9.44784927368164,9.479903221130371,9.279240608215332,9.444289207458496
2024-12-12,9.375513076782227,9.421359062194824,9.362004280090332,9.37878704071045
2024-12-13,9.374662399291992,9.392985343933105,9.325723648071289,9.364242553710938
2024-12-16,9.347895622253418,9.361783027648926,9.304801940917969,9.346311569213867
2024-12-17,9.288660049438477,9.364311218261719,9.288660049438477,9.287785530090332
2024-12-18,9.335074424743652,9.367454528808594,9.330329895019531,9.340374946594238
2024-12-19,9.37600040435791,9.39592170715332,9.1400728225708,9.381312370300293
2024-12-20,9.133002281188965,9.257340431213379,9.133002281188965,9.116942405700684
2024-12-23,9.229551315307617,9.285348892211914,9.227463722229004,9.23132038116455
2024-12-24,9.178648948669434,9.294998168945312,9.178648948669434,9.178648948669434
2024-12-25,9.252406120300293,9.380736351013184,9.207907676696777,9.251875877380371
2024-12-26,9.280200004577637,9.323712348937988,9.272331237792969,9.273921012878418
2024-12-27,9.287788391113281,9.433445930480957,9.285076141357422,9.292139053344727
2024-12-30,9.327836036682129,9.40442180633545,9.293328285217285,9.32851505279541
2024-12-31,9.327458381652832,9.450976371765137,9.327458381652832,9.3573579788208
2025-01-01,,,,
2025-01-02,9.340774536132812,9.385132789611816,9.315013885498047,9.327871322631836
2025-01-03,9.35439395904541,9.363157272338867,9.288212776184082,9.3516263961792
2025-01-06,9.315789222717285,9.327093124389648,9.224899291992188,9.316912651062012
2025-01-07,9.268730163574219,9.277444839477539,9.161600112915039,9.265009880065918
2025-01-08,9.16196060180664,9.239275932312012,9.140568733215332,9.161236763000488
2025-01-09,9.197833061218262,9.262643814086914,9.197833061218262,9.214362144470215
2025-01-10,9.206310272216797,9.347540855407715,9.205830574035645,9.222174644470215
2025-01-13,9.33124828338623,9.369318962097168,9.293030738830566,9.332548141479492
2025-01-14,9.325578689575195,9.325578689575195,9.220884323120117,9.289105415344238
2025-01-15,9.202688217163086,9.31330394744873,9.202688217163086,9.00765609741211
2025-01-16,9.314143180847168,9.382375717163086,9.194868087768555,9.243947982788086
2025-01-17,9.35230827331543,9.380084037780762,9.308984756469727,9.35483169555664
2025-01-20,9.3226957321167,9.346942901611328,9.209586143493652,9.322517395019531
2025-01-21,9.286355972290039,9.293943405151367,9.224686622619629,9.247373580932617
2025-01-22,9.173872947692871,9.23173713684082,9.164278030395508,9.207915306091309
2025-01-23,9.169593811035156,9.208390235900879,9.162882804870605,9.168807983398438
2025-01-24,9.130417823791504,9.229463577270508,9.130417823791504,9.181970596313477
2025-01-27,9.166751861572266,9.321961402893066,9.161311149597168,9.164810180664062
2025-01-28,9.267104148864746,9.327515602111816,9.221163749694824,9.263148307800293
2025-01-29,9.277715682983398,9.31845760345459,9.138603210449219,9.279236793518066
2025-01-30,9.301690101623535,9.375688552856445,9.29613971710205,9.298516273498535
2025-01-31,9.356689453125,9.448736190795898,9.350732803344727,9.345649719238281
2025-02-03,9.373774528503418,9.523988723754883,9.358867645263672,9.373323440551758
2025-02-04,9.40215015411377,9.46753978729248,9.356767654418945,9.398369789123535
2025-02-05,9.409761428833008,9.483163833618164,9.409761428833008,9.409852981567383
2025-02-06,9.461505889892578,9.531943321228027,9.457428932189941,9.461430549621582
2025-02-07,9.570880889892578,9.629316329956055,9.389374732971191,9.537429809570312
2025-02-10,9.575566291809082,9.590659141540527,9.513525009155273,9.577994346618652
2025-02-11,9.573756217956543,9.57760238647461,9.52064037322998,9.573504447937012
2025-02-12,9.498882293701172,9.499711990356445,9.395042419433594,9.497762680053711
2025-02-13,9.416298866271973,9.468624114990234,9.366978645324707,9.414068222045898
2025-02-14,9.405535697937012,9.46890640258789,9.403243064880371,9.405136108398438
2025-02-17,9.468782424926758,9.531991958618164,9.464113235473633,9.466383934020996
2025-02-18,9.517203330993652,9.530259132385254,9.471293449401855,9.51657485961914
2025-02-19,9.475876808166504,9.525707244873047,9.461735725402832,9.47447395324707
2025-02-20,9.522259712219238,9.600732803344727,9.522259712219238,9.521661758422852
2025-02-21,9.578125953674316,9.591414451599121,9.511935234069824,9.58149242401123
2025-02-24,9.584942817687988,9.62321662902832,9.516789436340332,9.586226463317871
2025-02-25,9.529733657836914,9.63322639465332,9.50031566619873,9.534153938293457
2025-02-26,9.590033531188965,9.615647315979004,9.572031021118164,9.58990478515625
2025-02-27,9.637555122375488,9.678872108459473,9.611739158630371,9.636422157287598
2025-02-28,9.65951919555664,9.790275573730469,9.657588958740234,9.664251327514648
2025-03-03,9.680563926696777,9.738107681274414,9.631670951843262,9.682008743286133
2025-03-04,9.7665433883667,9.849653244018555,9.749329566955566,9.762946128845215
2025-03-05,9.696526527404785,9.74323558807373,9.678826332092285,9.698469161987305
2025-03-06,9.69253921508789,9.82548999786377,9.644433975219727,9.691659927368164
2025-03-07,9.766192436218262,9.853562355041504,9.757136344909668,9.770545959472656
2025-03-10,9.811294555664062,9.931583404541016,9.809534072875977,9.809633255004883
2025-03-11,9.906411170959473,9.943181991577148,9.807294845581055,9.908533096313477
2025-03-12,9.799521446228027,9.831422805786133,9.7357759475708,9.802202224731445
2025-03-13,9.770271301269531,9.859630584716797,9.766925811767578,9.769906044006348
2025-03-14,9.814617156982422,9.833690643310547,9.758776664733887,9.813323020935059
2025-03-17,9.751509666442871,9.758438110351562,9.698370933532715,9.750295639038086
2025-03-18,9.650359153747559,9.720120429992676,9.642356872558594,9.650100708007812
2025-03-19,9.6876802444458,9.773001670837402,9.680152893066406,9.689916610717773
2025-03-20,9.808944702148438,9.899944305419922,9.805130004882812,9.809208869934082
2025-03-21,9.856551170349121,9.864538192749023,9.770867347717285,9.858076095581055
2025-03-24,9.787365913391113,9.814082145690918,9.72686767578125,9.786090850830078
2025-03-25,9.717256546020508,9.796819686889648,9.717256546020508,9.718738555908203
2025-03-26,9.750191688537598,9.770630836486816,9.722325325012207,9.749671936035156
2025-03-27,9.73961067199707,9.769418716430664,9.692211151123047,9.740452766418457
2025-03-28,9.689379692077637,9.788232803344727,9.689250946044922,9.690631866455078
2025-03-30,9.823809623718262,9.898385047912598,9.819886207580566,9.820781707763672
2025-03-31,9.811644554138184,9.884322166442871,9.790607452392578,9.812463760375977
2025-04-01,9.81540584564209,9.829170227050781,9.738024711608887,9.814391136169434
2025-04-02,9.908687591552734,10.009663581848145,9.892868041992188,9.91347885131836
2025-04-03,9.920332908630371,10.068131446838379,9.783185005187988,9.920740127563477
2025-04-06,10.04551887512207,10.098164558410645,9.842246055603027,10.029224395751953
2025-04-07,9.949792861938477,10.096400260925293,9.920427322387695,9.945365905761719
2025-04-08,10.189091682434082,10.255443572998047,10.121750831604004,10.192866325378418
2025-04-09,9.81786060333252,10.065135955810547,9.815295219421387,9.817861557006836
2025-04-10,10.103331565856934,10.161800384521484,9.876005172729492,10.099847793579102
2025-04-13,9.88417911529541,10.045717239379883,9.88417911529541,9.873575210571289
2025-04-14,9.912116050720215,10.019756317138672,9.911008834838867,9.908310890197754
2025-04-15,9.96640682220459,10.023716926574707,9.90674877166748,9.96786880493164
2025-04-16,9.959547996520996,9.979743957519531,9.9064302444458,9.959617614746094
2025-04-17,,,,
2025-04-20,,,,
2025-04-21,10.090173721313477,10.164688110351562,10.072768211364746,10.091176986694336
2025-04-22,10.013662338256836,10.082679748535156,9.955835342407227,10.014925003051758
2025-04-23,9.959017753601074,10.095784187316895,9.949240684509277,9.961869239807129
2025-04-24,10.009589195251465,10.059118270874023,9.97045612335205,10.008467674255371
2025-04-27,9.99179744720459,10.078816413879395,9.99179744720459,9.99221420288086
2025-04-28,10.098745346069336,10.127035140991211,10.041420936584473,10.098176956176758
2025-04-29,10.059712409973145,10.069957733154297,9.901351928710938,10.05748462677002
2025-04-30,9.954832077026367,9.98497486114502,9.771490097045898,9.954448699951172
2025-05-01,9.869402885437012,9.872995376586914,9.617456436157227,9.866891860961914
2025-05-04,9.672233581542969,9.683149337768555,9.42768669128418,9.670661926269531
2025-05-05,9.564793586730957,9.688240051269531,9.543573379516602,9.567489624023438
2025-05-06,9.60820198059082,9.790672302246094,9.60820198059082,9.613174438476562
2025-05-07,9.707412719726562,9.740155220031738,9.626228332519531,9.705422401428223
2025-05-08,9.615081787109375,9.697944641113281,9.606205940246582,9.612447738647461
2025-05-11,9.565655708312988,9.638190269470215,9.445910453796387,9.568902969360352
2025-05-12,9.548995018005371,9.651448249816895,9.517857551574707,9.547191619873047
2025-05-13,9.597724914550781,9.66748046875,9.502497673034668,9.598441123962402
2025-05-14,9.598223686218262,9.62136459350586,9.522518157958984,9.598126411437988
2025-05-15,9.597620010375977,9.637354850769043,9.552055358886719,9.596236228942871
2025-05-18,9.624387741088867,9.651385307312012,9.568103790283203,9.620613098144531
2025-05-19,9.576605796813965,9.657608032226562,9.572776794433594,9.577266693115234
2025-05-20,9.650323867797852,9.667728424072266,9.512263298034668,9.648819923400879
2025-05-21,9.561511039733887,9.665311813354492,9.561511039733887,9.556090354919434
2025-05-22,9.602108001708984,9.652115821838379,9.518171310424805,9.603208541870117
2025-05-25,9.555527687072754,9.59622859954834,9.545615196228027,9.55295181274414
2025-05-26,9.593229293823242,9.62482738494873,9.504663467407227,9.591010093688965
2025-05-27,9.537121772766113,9.541193008422852,9.45087718963623,9.534839630126953
2025-05-28,9.425100326538086,9.51999282836914,9.412668228149414,9.42568302154541
2025-05-29,9.531099319458008,9.620984077453613,9.512687683105469,9.529376029968262
2025-06-01,9.610968589782715,9.656435012817383,9.573442459106445,9.608296394348145
2025-06-02,9.66232681274414,9.66232681274414,9.565959930419922,9.659444808959961
2025-06-03,9.578374862670898,9.578742027282715,9.440866470336914,9.577277183532715
2025-06-04,9.536383628845215,9.547517776489258,9.40898609161377,9.536049842834473
2025-06-05,9.436413764953613,9.44829273223877,9.375090599060059,9.43661117553711
2025-06-08,9.393503189086914,9.419696807861328,9.368242263793945,9.393256187438965
2025-06-09,9.366118431091309,9.458883285522461,9.35366439819336,9.365899085998535
2025-06-10,9.416053771972656,9.481794357299805,9.40371322631836,9.41358757019043
2025-06-11,9.491296768188477,9.520509719848633,9.395668029785156,9.471000671386719
2025-06-12,9.456332206726074,9.575480461120605,9.442147254943848,9.42570972442627
2025-06-15,9.452617645263672,9.472089767456055,9.404932022094727,9.473191261291504
2025-06-16,9.395394325256348,9.454710006713867,9.375917434692383,9.381403923034668
2025-06-17,9.49853229522705,9.50341510772705,9.440521240234375,9.495902061462402
2025-06-18,9.489263534545898,9.547403335571289,9.453900337219238,9.456937789916992
2025-06-19,9.470005989074707,9.470005989074707,9.35949993133545,9.436283111572266
2025-06-22,9.366074562072754,9.441523551940918,9.356697082519531,9.36530590057373
2025-06-23,9.342430114746094,9.40080738067627,9.342430114746094,9.341917991638184
2025-06-24,9.349440574645996,9.418618202209473,9.339140892028809,9.338088035583496
2025-06-25,9.36666488647461,9.42516040802002,9.35088062286377,9.365188598632812
2025-06-26,9.363581657409668,9.41478157043457,9.363581657409668,9.346783638000488
2025-06-29,9.435694694519043,9.435694694519043,9.357510566711426,9.434290885925293
2025-06-30,9.3887357711792,9.477953910827637,9.382284164428711,9.37728214263916
2025-07-01,9.456147193908691,9.490524291992188,9.419754981994629,9.452943801879883
2025-07-02,9.440091133117676,9.470813751220703,9.387723922729492,9.439088821411133
2025-07-03,9.377872467041016,9.455561637878418,9.377872467041016,9.378779411315918
2025-07-06,9.427413940429688,9.475868225097656,9.364333152770996,9.427021980285645
2025-07-07,9.423766136169434,9.423766136169434,9.330950736999512,9.420955657958984
2025-07-08,9.32863998413086,9.396206855773926,9.32204532623291,9.32429027557373
2025-07-09,9.396302223205566,9.427830696105957,9.354287147521973,9.396387100219727
2025-07-10,9.37417984008789,9.390899658203125,9.323923110961914,9.382685661315918
2025-07-13,9.356466293334961,9.385343551635742,9.342931747436523,9.356402397155762
2025-07-14,9.351394653320312,9.380134582519531,9.296540260314941,9.350826263427734
2025-07-15,9.318730354309082,9.4188232421875,9.300418853759766,9.321110725402832
2025-07-16,9.360955238342285,9.386089324951172,9.338025093078613,9.355607986450195
2025-07-17,9.374192237854004,9.374988555908203,9.337631225585938,9.3746337890625
2025-07-20,9.371968269348145,9.393793106079102,9.358027458190918,9.368207931518555
2025-07-21,9.37386417388916,9.451744079589844,9.367770195007324,9.37386417388916
2025-07-22,9.394186019897461,9.42437744140625,9.365326881408691,9.391530990600586
2025-07-23,9.385961532592773,9.385961532592773,9.318778038024902,9.384936332702637
2025-07-24,9.332697868347168,9.382272720336914,9.307387351989746,9.332634925842285
2025-07-27,9.35839557647705,9.368026733398438,9.317231178283691,9.354168891906738
2025-07-28,9.349949836730957,9.38818359375,9.337185859680176,9.34821891784668
2025-07-29,9.35801887512207,9.35801887512207,9.297307014465332,9.355932235717773
2025-07-30,9.325634956359863,9.378063201904297,9.259862899780273,9.325353622436523
2025-07-31,9.228845596313477,9.386427879333496,9.228845596313477,9.222600936889648
2025-08-03,9.423027038574219,9.42510986328125,9.350857734680176,9.434320449829102
2025-08-04,9.425674438476562,9.448084831237793,9.394164085388184,9.425064086914062
2025-08-05,9.396007537841797,9.437688827514648,9.391780853271484,9.397994041442871
2025-08-06,9.405717849731445,9.409879684448242,9.363995552062988,9.405557632446289
2025-08-07,9.435043334960938,9.435846328735352,9.36771297454834,9.432344436645508
2025-08-10,9.390549659729004,9.42811107635498,9.387260437011719,9.398431777954102
2025-08-11,9.381471633911133,9.38736629486084,9.34486198425293,9.382485389709473
2025-08-12,9.36179256439209,9.368024826049805,9.326986312866211,9.35924243927002
2025-08-13,9.37199592590332,9.464975357055664,9.36381721496582,9.37021255493164
2025-08-14,9.390371322631836,9.457099914550781,9.390371322631836,9.396674156188965
2025-08-17,9.424365043640137,9.425192832946777,9.367618560791016,9.424601554870605
2025-08-18,9.376429557800293,9.425275802612305,9.376429557800293,9.37582778930664
2025-08-19,9.412505149841309,9.512192726135254,9.412505149841309,9.417586326599121
2025-08-20,9.483113288879395,9.49078369140625,9.438813209533691,9.480506896972656
2025-08-21,9.431048393249512,9.431879997253418,9.344207763671875,9.431652069091797
2025-08-24,9.390262603759766,9.425500869750977,9.388452529907227,9.391571044921875
2025-08-25,9.402931213378906,9.471643447875977,9.395342826843262,9.395057678222656
2025-08-26,9.452411651611328,9.462677001953125,9.421228408813477,9.452912330627441
2025-08-27,9.448062896728516,9.448678970336914,9.40258502960205,9.453493118286133
2025-08-28,9.428210258483887,9.468901634216309,9.423154830932617,9.429815292358398
2025-08-31,9.439767837524414,9.488067626953125,9.43131160736084,9.442366600036621
2025-09-01,9.469695091247559,9.469695091247559,9.372156143188477,9.470532417297363
2025-09-02,9.386972427368164,9.390304565429688,9.333181381225586,9.382708549499512
2025-09-03,9.391390800476074,9.410144805908203,9.363673210144043,9.389899253845215
2025-09-04,9.386204719543457,9.4439058303833,9.367940902709961,9.382323265075684
2025-09-07,9.34233283996582,9.410314559936523,9.338337898254395,9.339216232299805
2025-09-08,9.402360916137695,9.466058731079102,9.392852783203125,9.403797149658203
2025-09-09,9.411788940429688,9.421995162963867,9.395413398742676,9.41108226776123
2025-09-10,9.414383888244629,9.444618225097656,9.402891159057617,9.414798736572266
2025-09-11,9.435704231262207,9.435704231262207,9.390774726867676,9.43835163116455
2025-09-14,9.438956260681152,9.438956260681152,9.395586013793945,9.437360763549805
2025-09-15,9.396428108215332,9.427061080932617,9.373505592346191,9.395599365234375
2025-09-16,9.40884017944336,9.42972183227539,9.39115047454834,9.40914535522461
2025-09-17,9.386155128479004,9.418627738952637,9.368231773376465,9.386122703552246
2025-09-18,9.373205184936523,9.46802043914795,9.373205184936523,9.37341594696045
2025-09-21,9.426980018615723,9.435867309570312,9.36975383758545,9.428157806396484
2025-09-22,9.405282020568848,9.447930335998535,9.405282020568848,9.403972625732422
2025-09-23,9.42933464050293,9.448424339294434,9.408727645874023,9.428377151489258
2025-09-24,9.429879188537598,9.440657615661621,9.396946907043457,9.436333656311035
2025-09-25,9.400821685791016,9.448287010192871,9.3932523727417,9.40129566192627
2025-09-28,9.428170204162598,9.486363410949707,9.392231941223145,9.428674697875977
2025-09-29,9.415014266967773,9.504894256591797,9.411253929138184,9.416692733764648
2025-09-30,9.479718208312988,9.563206672668457,9.462641716003418,9.4801025390625
2025-10-01,9.528833389282227,9.55999755859375,9.50121784210205,9.530614852905273
2025-10-02,9.550577163696289,9.559337615966797,9.524918556213379,9.551841735839844
2025-10-05,9.399394035339355,9.429521560668945,9.384332656860352,9.398012161254883
2025-10-06,9.376774787902832,9.388914108276367,9.339010238647461,9.378957748413086
2025-10-07,9.302801132202148,9.363250732421875,9.287196159362793,9.302618026733398
2025-10-08,9.315234184265137,9.326959609985352,9.269368171691895,9.31657600402832
2025-10-09,9.289305686950684,9.43189525604248,9.26518440246582,9.292919158935547
2025-10-12,9.398604393005371,9.422234535217285,9.354955673217773,9.396783828735352
2025-10-13,9.353275299072266,9.446756362915039,9.346245765686035,9.3494234085083
2025-10-14,9.42165470123291,9.433073043823242,9.38198471069336,9.420165061950684
2025-10-15,9.403853416442871,9.422150611877441,9.354331970214844,9.406158447265625
2025-10-16,9.429427146911621,9.537726402282715,9.425885200500488,9.430432319641113
2025-10-19,9.422566413879395,9.453590393066406,9.400171279907227,9.40630054473877
2025-10-20,9.414970397949219,9.453483581542969,9.394967079162598,9.41650104522705
2025-10-21,9.420945167541504,9.440142631530762,9.402461051940918,9.41843318939209
2025-10-22,9.411331176757812,9.452314376831055,9.396655082702637,9.412693977355957
2025-10-23,9.40837287902832,9.42193603515625,9.374834060668945,9.408249855041504
2025-10-27,9.389077186584473,9.395368576049805,9.343381881713867,9.387603759765625
2025-10-28,9.376424789428711,9.463166236877441,9.369577407836914,9.370322227478027
2025-10-29,9.424043655395508,9.450201034545898,9.31871223449707,9.391328811645508
2025-10-30,9.317604064941406,9.335168838500977,9.266229629516602,9.323433876037598
2025-10-31,9.281720161437988,9.300559043884277,9.227507591247559,9.25244140625
2025-11-03,9.274301528930664,9.299187660217285,9.248708724975586,9.27340030670166
2025-11-04,9.27363109588623,9.389369010925293,9.27363109588623,9.266240119934082
2025-11-05,9.376937866210938,9.463678359985352,9.334141731262207,9.376387596130371
2025-11-06,9.343440055847168,9.47868824005127,9.343440055847168,9.344803810119629
2025-11-07,9.463086128234863,9.55063247680664,9.451324462890625,9.46550178527832
2025-11-10,9.459986686706543,9.461187362670898,9.41431999206543,9.451899528503418
2025-11-11,9.437438011169434,9.512808799743652,9.433935165405273,9.445684432983398
2025-11-12,9.484113693237305,9.521621704101562,9.45475959777832,9.474343299865723
2025-11-13,9.488784790039062,9.51369571685791,9.44517993927002,9.488053321838379
2025-11-14,9.496962547302246,9.52220344543457,9.390512466430664,9.497607231140137
2025-11-17,9.356779098510742,9.44598388671875,9.35535717010498,9.35620403289795
2025-11-18,9.413386344909668,9.471331596374512,9.388128280639648,9.413776397705078
2025-11-19,9.36547565460205,9.447022438049316,9.34830379486084,9.364030838012695
2025-11-20,9.33949089050293,9.360490798950195,9.298713684082031,9.338866233825684
2025-11-21,9.361705780029297,9.443419456481934,9.33311653137207,9.362539291381836
2025-11-24,9.36721420288086,9.438639640808105,9.363418579101562,9.366556167602539
2025-11-25,9.394919395446777,9.413642883300781,9.356436729431152,9.398421287536621
2025-11-26,9.373746871948242,9.429376602172852,9.316519737243652,9.371796607971191
2025-11-27,9.413595199584961,9.413595199584961,9.338257789611816,9.411564826965332
2025-11-28,9.35026741027832,9.41697883605957,9.266328811645508,9.350296974182129
2025-12-01,9.400452613830566,9.474286079406738,9.400452613830566,9.399669647216797
2025-12-02,9.450980186462402,9.46179485321045,9.392471313476562,9.45064640045166
2025-12-03,9.4209566116333,9.453584671020508,9.405359268188477,9.417902946472168
2025-12-04,9.44471263885498,9.527052879333496,9.440933227539062,9.446173667907715
2025-12-05,9.490195274353027,9.511828422546387,9.469679832458496,9.490867614746094
2025-12-08,9.476228713989258,9.48635482788086,9.40146541595459,9.473575592041016
2025-12-09,9.422706604003906,9.439757347106934,9.358728408813477,9.422404289245605
2025-12-10,9.360466003417969,9.405243873596191,9.354168891906738,9.359898567199707
2025-12-11,9.431307792663574,9.490572929382324,9.393686294555664,9.429072380065918
2025-12-12,9.458355903625488,9.495546340942383,9.436613082885742,9.454191207885742
2025-12-15,9.449756622314453,9.509389877319336,9.435596466064453,9.448513984680176
2025-12-16,9.465262413024902,9.536019325256348,9.465262413024902,9.466086387634277
2025-12-17,9.50843620300293,9.566494941711426,9.454686164855957,9.508378028869629
2025-12-18,9.480257987976074,9.50311279296875,9.450825691223145,9.479525566101074
2025-12-19,9.475687026977539,9.49420166015625,9.363819122314453,9.474894523620605
2025-12-22,9.349443435668945,9.43418025970459,9.348376274108887,9.345796585083008
2025-12-23,9.411907196044922,9.517212867736816,9.411907196044922,9.412776947021484
2025-12-24,9.468825340270996,9.468825340270996,9.253103256225586,9.468733787536621
2025-12-25,,,,
2025-12-26,9.265235900878906,9.297810554504395,9.155279159545898,9.266654014587402
2025-12-29,9.244342803955078,9.260897636413574,9.148371696472168,9.237106323242188
2025-12-30,9.194390296936035,9.292662620544434,9.157747268676758,9.189115524291992
2025-12-31,9.195260047912598,9.254670143127441,9.171128273010254,9.193496704101562
2026-01-01,,,,
2026-01-02,8.962850570678711,9.227080345153809,8.962850570678711,8.96144962310791
2026-01-05,9.175003051757812,9.250883102416992,9.165807723999023,9.175089836120605
2026-01-06,9.230031967163086,9.262389183044434,9.212404251098633,9.229049682617188
2026-01-07,9.223414421081543,9.262747764587402,9.219698905944824,9.22191333770752
2026-01-08,9.229296684265137,9.280701637268066,9.219338417053223,9.226881980895996
2026-01-09,9.243379592895508,9.272150993347168,9.206389427185059,9.242850303649902
2026-01-12,9.201730728149414,9.30972957611084,9.199055671691895,9.201266288757324
2026-01-13,9.273661613464355,9.309489250183105,9.240251541137695,9.272107124328613
2026-01-14,9.253349304199219,9.311324119567871,9.236654281616211,9.253552436828613
2026-01-15,9.234945297241211,9.290067672729492,9.234945297241211,9.234827995300293
2026-01-16,9.263201713562012,9.332864761352539,9.257466316223145,9.260924339294434
2026-01-19,9.340191841125488,9.349244117736816,9.304598808288574,9.340578079223633
2026-01-20,9.302820205688477,9.377785682678223,9.302820205688477,9.302349090576172
2026-01-21,9.34304428100586,9.355871200561523,9.248677253723145,9.344314575195312
2026-01-22,9.246442794799805,9.279009819030762,9.232563018798828,9.247084617614746
2026-01-23,9.236539840698242,9.303080558776855,9.215450286865234,9.232701301574707
2026-01-26,9.309351921081543,9.391654014587402,9.30090045928955,9.306953430175781
2026-01-27,9.333843231201172,9.411017417907715,9.333536148071289,9.336503982543945
2026-01-28,9.394062995910645,9.395784378051758,9.307860374450684,9.396158218383789
2026-01-29,9.335087776184082,9.407649993896484,9.29916763305664,9.33646011352539
2026-01-30,9.32999038696289,9.37948989868164,9.3143892288208,9.328102111816406
2026-02-02,9.33384895324707,9.46247386932373,9.325613975524902,9.333247184753418
2026-02-03,9.344200134277344,9.344200134277344,9.266914367675781,9.346574783325195
2026-02-04,9.285374641418457,9.3207368850708,9.261783599853516,9.285673141479492
2026-02-05,9.306183815002441,9.359845161437988,9.293187141418457,9.30538272857666
2026-02-06,9.380332946777344,9.409942626953125,9.303266525268555,9.381051063537598
2026-02-09,9.296656608581543,9.386016845703125,9.295534133911133,9.294440269470215
2026-02-10,9.340903282165527,9.45782470703125,9.314014434814453,9.341232299804688
2026-02-11,9.424574851989746,9.498462677001953,9.417149543762207,9.420312881469727
2026-02-12,9.429903984069824,9.474303245544434,9.344586372375488,9.42249870300293
2026-02-13,9.414664268493652,9.458297729492188,9.384056091308594,9.426426887512207
2026-02-16,9.41459846496582,9.431258201599121,9.36971664428711,9.415245056152344
2026-02-17,9.378661155700684,9.46480941772461,9.377959251403809,9.375215530395508
2026-02-18,9.403076171875,9.431714057922363,9.337546348571777,9.40063190460205
2026-02-19,9.309734344482422,9.380818367004395,9.305953979492188,9.309102058410645
2026-02-20,9.3286771774292,9.349056243896484,9.298665046691895,9.330300331115723
2026-02-23,9.356743812561035,9.365949630737305,9.302123069763184,9.356864929199219
2026-02-24,9.324544906616211,9.3378324508667,9.228711128234863,9.324819564819336
2026-02-25,9.236039161682129,9.25092601776123,9.095881462097168,9.237456321716309
2026-02-26,9.136767387390137,9.209845542907715,9.099080085754395,9.134690284729004
2026-02-27,9.190191268920898,9.255763053894043,9.17470932006836,9.190692901611328
2026-03-02,9.180005073547363,9.346623420715332,9.170286178588867,9.179009437561035
2026-03-03,9.233864784240723,9.548040390014648,9.233864784240723,9.234922409057617
2026-03-04,9.39942455291748,9.412925720214844,9.2914400100708,9.40056037902832
2026-03-05,9.31505298614502,9.420578002929688,9.28968334197998,9.305665969848633
2026-03-06,9.392739295959473,9.466242790222168,9.303141593933105,9.392739295959473
2026-03-09,9.359981536865234,9.439483642578125,9.338953018188477,9.359066009521484
2026-03-10,9.278921127319336,9.367081642150879,9.278921127319336,9.280390739440918
2026-03-11,9.31568717956543,9.315890312194824,9.252949714660645,9.313536643981934
2026-03-12,9.28271484375,9.392903327941895,9.28271484375,9.277461051940918
2026-03-13,9.344331741333008,9.414615631103516,9.32595157623291,9.345001220703125
2026-03-16,9.413459777832031,9.427461624145508,9.350337982177734,9.414847373962402
2026-03-17,9.359705924987793,9.378207206726074,9.340542793273926,9.360912322998047
2026-03-18,9.338313102722168,9.429250717163086,9.335288047790527,9.338547706604004
2026-03-19,9.421684265136719,9.472785949707031,9.36410140991211,9.422510147094727
2026-03-20,9.433785438537598,9.474611282348633,9.406097412109375,9.433812141418457
2026-03-23,9.450421333312988,9.51244068145752,9.350215911865234,9.447454452514648
2026-03-24,9.365884780883789,9.471185684204102,9.365884780883789,9.366003036499023
2026-03-25,9.428046226501465,9.451533317565918,9.388622283935547,9.428609848022461
2026-03-26,9.417503356933594,9.460872650146484,9.415106773376465,9.417532920837402
2026-03-27,9.443598747253418,9.464886665344238,9.411864280700684,9.443923950195312
2026-03-29,9.41855239868164,9.53392505645752,9.41855239868164,9.404561996459961
2026-03-30,9.503616333007812,9.635700225830078,9.493368148803711,9.48485279083252
2026-03-31,9.508543014526367,9.538372993469238,9.451651573181152,9.480036735534668
2026-04-01,9.526947975158691,9.562621116638184,9.465625762939453,9.527196884155273
2026-04-02,9.456510543823242,9.465270042419434,9.419194221496582,9.462431907653809
2026-04-05,9.451620101928711,9.457975387573242,9.404722213745117,9.445272445678711
2026-04-06,9.439969062805176,9.458643913269043,9.359691619873047,9.441943168640137
2026-04-07,9.453347206115723,9.456609725952148,9.281670570373535,9.444587707519531
2026-04-08,9.32923698425293,9.343927383422852,9.263115882873535,9.313319206237793
2026-04-09,9.26037883758545,9.330039978027344,9.259899139404297,9.259272575378418
2026-04-12,9.281861305236816,9.365154266357422,9.278315544128418,9.281347274780273
2026-04-13,9.283223152160645,9.325307846069336,9.243717193603516,9.275862693786621
2026-04-14,9.264755249023438,9.309167861938477,9.244665145874023,9.253157615661621
2026-04-15,9.269539833068848,9.295656204223633,9.254476547241211,9.28134536743164
2026-04-16,9.30202579498291,9.318965911865234,9.219908714294434,9.283329963684082
2026-04-19,9.204879760742188,9.300354957580566,9.204879760742188,9.20522689819336
2026-04-20,9.249266624450684,9.280867576599121,9.217166900634766,9.24903392791748
2026-04-21,9.276228904724121,9.298807144165039,9.25345230102539,9.322813034057617
2026-04-22,9.259539604187012,9.30540943145752,9.25444507598877,9.266875267028809
2026-04-23,9.273276329040527,9.30328369140625,9.253508567810059,9.26291561126709
2026-04-26,9.2407808303833,9.257186889648438,9.218667030334473,9.240694046020508
2026-04-27,9.243074417114258,9.266266822814941,9.22059154510498,9.24284553527832
2026-04-28,9.227581977844238,9.285597801208496,9.218289375305176,9.225789070129395
2026-04-29,9.284982681274414,9.465066909790039,9.220416069030762,9.284954071044922
2026-04-30,9.388511657714844,9.462732315063477,9.35848617553711,9.38931941986084
2026-05-03,9.380558967590332,9.424811363220215,9.333202362060547,9.382652282714844
2026-05-04,9.388883590698242,9.398138999938965,9.292940139770508,9.389751434326172
2026-05-05,9.34702205657959,9.37827205657959,9.223830223083496,9.34631061553955
2026-05-06,9.22865104675293,9.300134658813477,9.22865104675293,9.229888916015625
2026-05-07,9.275276184082031,9.38167953491211,9.275276184082031,9.275602340698242
2026-05-10,9.315716743469238,9.398122787475586,9.315716743469238,9.310219764709473
2026-05-11,9.373738288879395,9.471184730529785,9.373738288879395,9.371074676513672
2026-05-12,9.47072696685791,9.509905815124512,9.420113563537598,9.470849990844727
2026-05-13,9.438520431518555,9.463489532470703,9.420994758605957,9.437192916870117
2026-05-14,9.42888355255127,9.497937202453613,9.424928665161133,9.431783676147461
2026-05-17,9.435420989990234,9.481708526611328,9.395519256591797,9.426324844360352
2026-05-18,9.394962310791016,9.50220012664795,9.394962310791016,9.390259742736816
2026-05-19,9.488706588745117,9.51258659362793,9.403122901916504,9.480530738830566
2026-05-20,9.434606552124023,9.485920906066895,9.42708683013916,9.440711975097656
2026-05-21,9.460125923156738,9.548622131347656,9.460125923156738,9.455455780029297
2026-05-24,9.517348289489746,9.536016464233398,9.478529930114746,9.51722526550293
2026-05-25,9.524454116821289,9.53036117553711,9.424511909484863,9.529397010803223
2026-05-26,9.456679344177246,9.45996379852295,9.367644309997559,9.457401275634766
2026-05-27,9.434330940246582,9.466231346130371,9.373931884765625,9.414684295654297
2026-05-28,9.389640808105469,9.480289459228516,9.389640808105469,9.383105278015137
2026-05-31,9.454504013061523,9.519001960754395,9.416440963745117,9.455424308776855
2026-06-01,9.473625183105469,9.51632022857666,9.455462455749512,9.465814590454102
2026-06-02,9.485054016113281,9.599837303161621,9.47124195098877,9.480544090270996
2026-06-03,9.57003402709961,9.632076263427734,9.519486427307129,9.565587043762207
2026-06-04,9.588364601135254,9.714615821838379,9.576587677001953,9.579889297485352
2026-06-07,9.702722549438477,9.702722549438477,9.527666091918945,9.693187713623047
2026-06-08,9.550649642944336,9.572689056396484,9.420858383178711,9.542614936828613
2026-06-09,9.51151180267334,9.529332160949707,9.446734428405762,9.513023376464844
2026-06-10,9.495624542236328,9.550285339355469,9.491836547851562,9.49983024597168
2026-06-11,9.476414680480957,9.50122356414795,9.45606517791748,9.478581428527832
2026-06-14,9.438234329223633,9.464037895202637,9.402335166931152,9.436771392822266
2026-06-15,9.427905082702637,9.466272354125977,9.385714530944824,9.430025100708008
2026-06-16,9.428394317626953,9.466365814208984,9.406689643859863,9.418404579162598
2026-06-17,9.498456954956055,9.570493698120117,9.460593223571777,9.499933242797852
2026-06-18,9.52588176727295,9.56230354309082,9.456154823303223,9.531405448913574
2026-06-21,9.47843074798584,9.532854080200195,9.471028327941895,9.485432624816895
2026-06-22,9.532440185546875,9.540657043457031,9.481895446777344,9.524776458740234
2026-06-23,9.491841316223145,9.573176383972168,9.487886428833008,9.500458717346191
2026-06-24,9.543359756469727,9.577812194824219,9.507664680480957,9.537741661071777
2026-06-25,9.55249309539795,9.587048530578613,9.4718017578125,9.55688190460205
2026-06-28,9.49260425567627,9.552947044372559,9.489450454711914,9.485258102416992
2026-06-29,9.526708602905273,9.583136558532715,9.517162322998047,9.520465850830078
2026-06-30,9.54244613647461,9.586128234863281,9.52326774597168,9.521539688110352
2026-07-01,9.545234680175781,9.611310958862305,9.53622055053711,9.553563117980957
2026-07-02,9.544051170349121,9.593008995056152,9.484225273132324,9.561616897583008
2026-07-05,9.483111381530762,9.509157180786133,9.4224271774292,9.477782249450684
2026-07-06,9.421828269958496,9.44478702545166,9.332736015319824,9.428370475769043
