,Open,High,Low,Close,V,J,C,IZ,score,FX_EWI,grade,sigma_hat,RV_fwd,Y
2018-01-02,1065.3499755859375,1067.530029296875,1058.6500244140625,1065.219970703125,,0.0,,0,,,,0.06389845492662265,0.014396478969252967,
2018-01-03,1062.0699462890625,1072.75,1061.449951171875,1062.5400390625,,0.0,,0,,,,0.06202943660357345,0.014187185976478998,
2018-01-04,1065.050048828125,1068.219970703125,1060.1600341796875,1063.93994140625,,0.0,,0,,,,0.06093221797272366,0.014641645817718043,
2018-01-05,1062.550048828125,1064.3800048828125,1058.6500244140625,1061.0799560546875,,0.0,,0,,,,0.05929740422979068,0.01468736960188729,
2018-01-08,1060.449951171875,1069.6099853515625,1057.800048828125,1060.5,,0.0,,0,,,,0.05843596160017463,0.015004699618495876,
2018-01-09,1068.5999755859375,1072.0799560546875,1063.5,1067.68994140625,,0.0,,0,,,,0.056695637720289106,0.013592364752398922,
2018-01-10,1072.1500244140625,1072.4200439453125,1064.824951171875,1071.739990234375,,0.0,,0,,,,0.060924896150869406,0.01356559369841617,
2018-01-11,1070.1500244140625,1073.260009765625,1061.7349853515625,1069.6700439453125,,0.0,,0,,,,0.06087586928894967,0.015540105918474049,
2018-01-12,1065.6500244140625,1066.199951171875,1059.719970703125,1065.1400146484375,,0.0,,0,,,,0.059498150011431966,0.014956450795760943,
2018-01-15,1055.81005859375,1064.5999755859375,1055.800048828125,1055.800048828125,,0.0,,1,,,,0.059999656489232674,0.0122008427812039,
2018-01-16,1062.699951171875,1067.1199951171875,1060.8599853515625,1061.8199462890625,,0.0,,0,,,,0.06750433147057502,0.01247137925457308,
2018-01-17,1064.199951171875,1070.3499755859375,1061.9100341796875,1062.4599609375,,0.0,,0,,,,0.06908100572300202,0.01271861768026846,
2018-01-18,1068.800048828125,1071.760009765625,1065.5799560546875,1066.56005859375,,0.0,,0,,,,0.06701749157967422,0.012559251006420347,
2018-01-19,1070.199951171875,1070.5999755859375,1062.9000244140625,1069.68994140625,,0.0,,0,,,,0.06667960692653285,0.012378321443709242,
2018-01-22,1066.0799560546875,1072.239990234375,1065.5799560546875,1066.3599853515625,,0.0,,0,,,,0.06564469968951281,0.021146316415678327,
2018-01-23,1068.449951171875,1077.530029296875,1065.9000244140625,1068.81005859375,,0.0,,0,,,,0.06478931903338024,0.021236357286181128,
2018-01-24,1072.800048828125,1072.800048828125,1060.81494140625,1072.760009765625,,0.0,,0,,,,0.06344629037162187,0.024585208939441917,
2018-01-25,1064.199951171875,1065.3599853515625,1055.2099609375,1064.4000244140625,,0.0,,0,,,,0.06316369188005744,0.0251201042494288,
2018-01-26,1065.6500244140625,1066.52001953125,1058.0,1064.8900146484375,,0.0,,0,,,,0.06837926056234946,0.02579818607808383,
2018-01-29,1062.800048828125,1072.6700439453125,1062.0999755859375,1063.1300048828125,,0.0,,0,,,,0.06632030295485473,0.028257275789751433,
2018-01-30,1070.3499755859375,1074.8499755859375,1066.8299560546875,1069.7900390625,,0.0,,0,,,,0.06462081803845895,0.027563398597126126,
2018-01-31,1071.699951171875,1073.739990234375,1063.4300537109375,1072.5400390625,,0.0,,0,,,,0.06719361423811382,0.027464464919289368,
2018-02-01,1068.72998046875,1073.8599853515625,1067.1500244140625,1069.02001953125,,0.0,,0,,,,0.06590704980314212,0.030112460526224547,
2018-02-02,1070.449951171875,1089.5899658203125,1069.699951171875,1071.1800537109375,,0.0,,0,,,,0.0651652603158362,0.030741311179246337,
2018-02-05,1090.1500244140625,1091.1300048828125,1084.02001953125,1090.010009765625,,0.18465125258471218,,1,,,,0.06366574200214956,0.025439116349953862,
2018-02-06,1097.1500244140625,1098.489990234375,1081.3199462890625,1093.300048828125,,0.15117965908547407,,1,,,,0.09165992072487902,0.025280261358116854,
2018-02-07,1081.5999755859375,1087.0999755859375,1078.4200439453125,1079.260009765625,,0.12377543613312275,,0,,,,0.08963695883545254,0.0223996299933751,
2018-02-08,1089.199951171875,1095.1700439453125,1084.6400146484375,1089.4200439453125,,0.10133875603782722,,0,,,,0.10039223981019994,0.020460153600545816,
2018-02-09,1097.8499755859375,1097.8499755859375,1083.68994140625,1095.8599853515625,,0.08296915604683616,,1,,,,0.10392946486426852,0.020182915460210435,
2018-02-12,1083.25,1086.1800537109375,1081.050048828125,1083.1700439453125,,0.06792939961247077,,0,,,,0.10333683310309626,0.017143872550354967,
2018-02-13,1081.3499755859375,1086.699951171875,1078.8499755859375,1082.6099853515625,,0.05561588850085336,,0,,,,0.10995008515642006,0.017834598683314988,
2018-02-14,1084.699951171875,1085.1500244140625,1074.655029296875,1083.77001953125,,0.04553443827540474,,0,,,,0.10661953064311358,0.01995616054777176,
2018-02-15,1069.97998046875,1072.4200439453125,1063.1300048828125,1070.010009765625,,0.037280444940205,,0,,,,0.10345531526138414,0.01628799702524435,
2018-02-16,1063.0999755859375,1067.2900390625,1060.5150146484375,1063.0699462890625,,0.030522646760976282,,0,,,,0.11193509596935944,0.01525781014984935,
2018-02-19,1065.800048828125,1069.1600341796875,1064.5999755859375,1065.6300048828125,,0.024989829568547332,,0,,,,0.11143569963028636,0.015278907319851064,
2018-02-20,1067.550048828125,1074.9300537109375,1065.739990234375,1066.7099609375,,0.02045994198194718,,0,,,,0.10844498639347042,0.015427731199547651,
2018-02-21,1072.3499755859375,1077.199951171875,1070.0450439453125,1072.5400390625,,0.016751183706811428,,0,,,,0.10521506411786023,0.019170840102075305,
2018-02-22,1076.18994140625,1085.760009765625,1074.8599853515625,1074.8599853515625,,0.013714709251225343,,0,,,,0.10418827660636273,0.01925460103757464,
2018-02-23,1081.260009765625,1081.260009765625,1074.2249755859375,1080.0799560546875,,0.011228654233501289,,0,,,,0.1013630849132572,0.019848390668290545,
2018-02-26,1077.0,1077.010009765625,1068.074951171875,1075.0,,0.009193244536646779,,0,,,,0.10006440247481432,0.021195615986711918,
2018-02-27,1070.219970703125,1078.8499755859375,1068.010009765625,1069.699951171875,,0.00752679202271886,,0,,,,0.09873278886334906,0.020612084328730174,
2018-02-28,1079.449951171875,1084.0899658203125,1074.64501953125,1079.3900146484375,,0.006162416101021958,,0,,,,0.09763516564752978,0.018687497789925452,
2018-03-01,1085.25,1087.739990234375,1079.60498046875,1085.3499755859375,,0.00504535957516959,,0,,,,0.1009468275536389,0.01822040455128193,
2018-03-02,1081.9100341796875,1085.3199462890625,1075.6500244140625,1081.949951171875,,0.004130791044527803,,0,,,,0.10018629383516461,0.01886764708539341,
2018-03-05,1078.9000244140625,1083.0799560546875,1075.6650390625,1079.2099609375,,0.0,,0,,,,0.09789740717718912,0.018746253750110076,
2018-03-06,1074.8499755859375,1078.0,1059.489990234375,1076.6600341796875,,0.0,,0,,,,0.09542580314780746,0.018685295759796206,
2018-03-07,1064.3499755859375,1070.5699462890625,1063.1600341796875,1063.1600341796875,,0.0,,0,,,,0.0929748838223571,0.01386302093882316,
2018-03-08,1067.0999755859375,1075.449951171875,1065.8499755859375,1066.1500244140625,,0.0,,0,,,,0.1026304203373936,0.01491390547855567,
2018-03-09,1071.8699951171875,1073.4599609375,1063.739990234375,1073.4599609375,,0.0,,0,,,,0.10010133514260865,0.019921666221749075,
2018-03-12,1064.3299560546875,1067.4200439453125,1062.260009765625,1064.050048828125,,0.0,,0,,,,0.10062310548370358,0.018035199768076222,
2018-03-13,1063.8299560546875,1067.5699462890625,1060.8299560546875,1063.8599853515625,,0.0,,0,,,,0.10339066285416362,0.01958258589830455,
2018-03-14,1066.06005859375,1068.68994140625,1060.239990234375,1066.4000244140625,,0.0,,0,,,,0.10024337345363053,0.019437563128275808,
2018-03-15,1063.030029296875,1067.8499755859375,1061.6300048828125,1062.550048828125,,0.0,,0,,,,0.09763091666048511,0.021567506404701037,
2018-03-16,1068.8399658203125,1071.56005859375,1063.780029296875,1068.75,,0.0,,0,,,,0.09569574247175962,0.020810298326249383,
2018-03-19,1070.0999755859375,1074.300048828125,1068.31494140625,1070.2099609375,,0.0,,0,,,,0.09549877565270617,0.02078726365047981,
2018-03-20,1072.1400146484375,1073.030029296875,1066.949951171875,1072.1600341796875,,0.0,,0,,,,0.09274153230375295,0.021204113762412432,
2018-03-21,1070.77001953125,1072.8299560546875,1069.4100341796875,1070.550048828125,,0.0,,0,,,,0.09019446969873124,0.021275860209828027,
2018-03-22,1064.1400146484375,1080.469970703125,1063.8800048828125,1063.9599609375,,0.0,,0,,,,0.08764179920537656,0.02065963752720471,
2018-03-23,1080.5,1083.52001953125,1075.094970703125,1079.9000244140625,,0.0,,0,,,,0.08829904604605415,0.014881890605510987,
2018-03-25,1082.8699951171875,1082.8800048828125,1074.56494140625,1082.530029296875,,0.0,,0,,,,0.10330790797320324,0.016852451847085587,
2018-03-26,1074.3299560546875,1075.72998046875,1067.1300048828125,1074.300048828125,,0.0,,0,,,,0.10060633653160779,0.015108283628739791,
2018-03-27,1073.3499755859375,1074.52001953125,1061.9649658203125,1074.1199951171875,,0.0,,0,,,,0.10195559359242759,0.015930938748142574,
2018-03-28,1062.949951171875,1067.7099609375,1060.449951171875,1063.4100341796875,,0.0,,0,,,,0.09885176414251905,0.01258298098834892,
2018-03-29,1062.02001953125,1065.5400390625,1060.2900390625,1062.0,,0.0,,0,,,,0.10345876323009325,0.01312485130396604,
2018-04-01,1060.550048828125,1062.06005859375,1052.0,1060.989990234375,,0.0,,0,,,,0.10043959070038944,0.013105726787829166,
2018-04-02,1056.22998046875,1058.8499755859375,1052.8199462890625,1056.1600341796875,,0.0,,1,,,,0.09745005670369677,0.012331940896878418,
2018-04-03,1053.760009765625,1065.719970703125,1053.6500244140625,1053.72998046875,,0.0,,1,,,,0.09613269447153337,0.012533525152213553,
2018-04-04,1057.3699951171875,1063.300048828125,1055.5,1057.4300537109375,,0.0,,1,,,,0.0936335032875442,0.012181933136466391,
2018-04-05,1061.68994140625,1071.1800537109375,1061.6400146484375,1061.6400146484375,,0.0,,0,,,,0.09179855967339698,0.011694533809248122,
2018-04-08,1069.6300048828125,1071.31005859375,1064.22998046875,1070.4599609375,,0.0,,0,,,,0.09033311307461497,0.009576467260052308,
2018-04-09,1069.68994140625,1071.739990234375,1063.030029296875,1068.77001953125,,0.0,,0,,,,0.0933030046942551,0.012476794831962316,
2018-04-10,1063.8299560546875,1069.6800537109375,1063.22998046875,1063.3800048828125,,0.0,,0,,,,0.09066899680543966,0.011841592426748064,
2018-04-11,1066.1199951171875,1072.5799560546875,1064.3599853515625,1065.75,,0.0,,0,,,,0.09007842434720854,0.012330818556441768,
2018-04-12,1069.9300537109375,1071.4200439453125,1067.0250244140625,1069.97998046875,,0.0,,0,,,,0.08776225431152465,0.012362726509164266,
2018-04-15,1070.5699462890625,1075.0899658203125,1070.1600341796875,1070.6600341796875,,0.0,,0,,,,0.08647152954905087,0.015029994166909517,
2018-04-16,1068.4599609375,1069.8399658203125,1065.074951171875,1069.52001953125,,0.0,,0,,,,0.0838736540704605,0.015091828605194276,
2018-04-17,1066.199951171875,1068.489990234375,1062.5999755859375,1066.0899658203125,,0.0,,0,,,,0.08142397092933328,0.01502205228622696,
2018-04-18,1064.969970703125,1066.9200439453125,1058.1500244140625,1064.0699462890625,,0.0,,0,,,,0.07992551371708856,0.016008104381719308,
2018-04-19,1065.280029296875,1073.22998046875,1063.800048828125,1066.239990234375,,0.0,,0,,,,0.07784079866571393,0.01646485773946223,
2018-04-22,1069.949951171875,1079.52001953125,1066.25,1071.4100341796875,,0.0,,0,,,,0.07588409411775542,0.01575547612384918,
2018-04-23,1080.260009765625,1080.260009765625,1073.949951171875,1080.1800537109375,,0.0,,0,,,,0.07593858240029416,0.01427928252057548,
2018-04-24,1076.8499755859375,1084.050048828125,1074.0,1076.75,,0.0,,0,,,,0.08015929266471505,0.01394184766915921,
2018-04-25,1080.5999755859375,1081.1700439453125,1074.6500244140625,1081.1700439453125,,0.0,,0,,,,0.07869516449957992,0.013332101196375554,
2018-04-26,1076.8299560546875,1078.68994140625,1065.969970703125,1076.7900390625,,0.0,,0,,,,0.07794290859780025,0.01796397345918547,
2018-04-29,1066.93994140625,1070.22998046875,1064.77001953125,1067.5999755859375,,0.0,,0,,,,0.07719941370081651,0.015856768766449675,
2018-04-30,1069.4100341796875,1073.1199951171875,1068.3599853515625,1069.449951171875,,0.0,,0,,,,0.08193284977370813,0.01604622522469934,
2018-05-01,1072.260009765625,1078.1300048828125,1071.5999755859375,1072.52001953125,,0.0,,0,,,,0.07972160900974971,0.018188832591725292,
2018-05-02,1078.8699951171875,1079.9100341796875,1071.844970703125,1078.81005859375,,0.0,,0,,,,0.0780925645974282,0.017363052649997664,
2018-05-03,1074.3499755859375,1078.6600341796875,1073.4599609375,1074.1199951171875,,0.0,,0,,,,0.07905416581332313,0.017299796078464644,
2018-05-06,1073.18994140625,1082.800048828125,1072.1199951171875,1073.3299560546875,,0.0,,0,,,,0.07849590140430186,0.017288104698729257,
2018-05-07,1078.300048828125,1081.1300048828125,1073.9000244140625,1078.3900146484375,,0.0,,0,,,,0.0761583611789506,0.017044445630991167,
2018-05-08,1078.4300537109375,1083.3199462890625,1074.8499755859375,1077.56005859375,,0.0,,0,,,,0.07606942215596804,0.017162023156271747,
2018-05-09,1077.8299560546875,1080.43994140625,1064.7149658203125,1077.97998046875,,0.0,,0,,,,0.07381277929209132,0.017166386620443178,
2018-05-10,1065.949951171875,1070.77001953125,1064.0050048828125,1064.3699951171875,,0.0,,0,,,,0.07158017943907855,0.012257303655962077,
2018-05-13,1066.81005859375,1070.010009765625,1063.9599609375,1065.949951171875,,0.0,,0,,,,0.08518945645277573,0.013225441479896675,
2018-05-14,1069.300048828125,1078.6099853515625,1067.9000244140625,1069.1600341796875,,0.0,,0,,,,0.08279538500399558,0.01288683421834324,
2018-05-15,1079.4100341796875,1083.1800537109375,1075.43994140625,1078.8599853515625,,0.0,,0,,,,0.08112017348227171,0.01356578117529034,
2018-05-16,1076.9300537109375,1083.4100341796875,1076.4000244140625,1076.489990234375,,0.0,,0,,,,0.08613353570302071,0.01572165497498705,
2018-05-17,1081.0699462890625,1085.77001953125,1075.75,1080.9100341796875,,0.0,,0,,,,0.08394624917295225,0.015850225331508955,
2018-05-20,1079.93994140625,1087.27001953125,1078.9449462890625,1080.510009765625,,0.0,,0,,,,0.08293383233075927,0.018183871329196098,
2018-05-21,1076.6600341796875,1079.469970703125,1072.3399658203125,1076.510009765625,,0.0,,0,,,,0.08042021459136463,0.017802332154789532,
2018-05-22,1076.4000244140625,1082.8900146484375,1074.199951171875,1074.199951171875,,0.0,,0,,,,0.07929279675854635,0.017673669868372273,
2018-05-23,1075.2099609375,1085.219970703125,1074.7900390625,1074.7900390625,,0.0,,0,,,,0.07732968956549628,0.018309336162327692,
2018-05-24,1079.199951171875,1081.8699951171875,1074.489990234375,1079.22998046875,,0.0,,0,,,,0.07500432091954114,0.018753803998220492,
2018-05-27,1073.7900390625,1074.9200439453125,1070.530029296875,1073.6500244140625,,0.0,,0,,,,0.07446523177955162,0.018065175211684124,
2018-05-28,1073.949951171875,1083.800048828125,1072.75,1073.1700439453125,,0.0,,0,,,,0.07495769496531729,0.01839023280113995,
2018-05-29,1082.75,1083.9300537109375,1077.3050537109375,1083.9300537109375,,0.0,,0,,,,0.07269497835275583,0.01567678530238963,
2018-05-30,1075.739990234375,1081.550048828125,1073.1700439453125,1075.030029296875,,0.0,,0,,,,0.08045105776993532,0.014253318506228943,
2018-05-31,1078.3499755859375,1079.949951171875,1070.9100341796875,1079.949951171875,,0.0,,0,,,,0.08433168631179112,0.014609912923721168,
2018-06-03,1070.8399658203125,1071.969970703125,1067.0,1070.3599853515625,,0.0,,0,,,,0.08366818212824638,0.016593113201169855,
2018-06-04,1069.969970703125,1072.7900390625,1066.780029296875,1070.530029296875,,0.0,,0,,,,0.08822300293595459,0.016595212206528934,
2018-06-05,1070.300048828125,1071.0400390625,1064.719970703125,1070.2900390625,,0.0,,0,,,,0.08553760516233663,0.017743579769953336,
2018-06-06,1067.2099609375,1071.300048828125,1064.75,1065.1500244140625,,0.0,,0,,,,0.08293636733569965,0.017350854777146048,
2018-06-07,1071.969970703125,1077.699951171875,1069.6099853515625,1071.3299560546875,,0.0,,0,,,,0.08255990086149063,0.016448466497988062,
2018-06-10,1072.699951171875,1076.1400146484375,1070.9100341796875,1072.6500244140625,,0.0,,0,,,,0.08314570273647709,0.01642233275877196,
2018-06-11,1076.3299560546875,1079.219970703125,1071.8599853515625,1076.3800048828125,,0.0,,0,,,,0.08075483427015909,0.01635679157191134,
2018-06-12,1079.25,1087.010009765625,1079.1600341796875,1079.25,,0.0,,0,,,,0.07944972930351003,0.0164526713155913,
2018-06-13,1084.760009765625,1084.780029296875,1079.550048828125,1084.699951171875,,0.0,,0,,,,0.07772214397919125,0.016331025797467896,
2018-06-14,1087.75,1104.5,1086.25,1090.77001953125,,0.0,,1,,,,0.0778582723335827,0.015477363320446979,
2018-06-17,1102.43994140625,1106.1600341796875,1101.780029296875,1103.8199462890625,,0.0,,1,,,,0.07854336015217989,0.01127927424875509,
2018-06-18,1102.6800537109375,1116.739990234375,1101.739990234375,1104.1600341796875,,0.0,,1,,,,0.0890927879236929,0.011742077255277948,
2018-06-19,1110.9200439453125,1111.5400390625,1103.050048828125,1111.1199951171875,,0.0,,0,,,,0.08638696782326509,0.010822784264280242,
2018-06-20,1107.3800048828125,1113.97998046875,1104.4599609375,1107.719970703125,,0.0,,1,,,,0.0872464389562351,0.010416280819454048,
2018-06-21,1108.6199951171875,1115.47998046875,1105.1949462890625,1109.6300048828125,,0.0,,1,,,,0.08542386370462357,0.010727847990207918,
2018-06-24,1110.8499755859375,1118.27001953125,1110.530029296875,1110.530029296875,,0.0,,0,,,,0.08309199422396502,0.011313684559505866,
2018-06-25,1114.699951171875,1120.3699951171875,1112.3800048828125,1114.030029296875,,0.0,,0,,,,0.08062234146610865,0.010918002991321639,
2018-06-26,1117.949951171875,1122.4599609375,1114.5350341796875,1117.5999755859375,,0.0,,0,,,,0.07911812373995321,0.010438953391885539,
2018-06-27,1120.5999755859375,1125.5400390625,1118.699951171875,1122.780029296875,,0.0,,0,,,,0.07771015722744283,0.016056028978672934,
2018-06-28,1120.4000244140625,1121.5999755859375,1110.2900390625,1120.5400390625,,0.0,,0,,,,0.07745876854151656,0.01643025359343131,
2018-07-01,1114.1600341796875,1120.9000244140625,1113.5400390625,1114.510009765625,,0.0,,0,,,,0.0754994688918079,0.01678411272465463,
2018-07-02,1118.199951171875,1124.06005859375,1111.050048828125,1118.1700439453125,,0.0,,0,,,,0.07614714827148088,0.016667091884218915,
2018-07-03,1114.0999755859375,1117.969970703125,1111.739990234375,1113.3399658203125,,0.0,,0,,,,0.07492004753205893,0.016139661272585717,
2018-07-04,1115.02001953125,1121.2099609375,1114.31005859375,1114.31005859375,,0.0,,0,,,,0.07456261175985397,0.016847466567949818,
2018-07-05,1117.760009765625,1121.239990234375,1113.530029296875,1117.760009765625,,0.0,,0,,,,0.07237041928317399,0.016829650507109217,
2018-07-08,1114.280029296875,1115.6300048828125,1108.77001953125,1113.6500244140625,,0.0,,0,,,,0.0711878776135947,0.017651310591873103,
2018-07-09,1112.47998046875,1117.81005859375,1108.300048828125,1112.47998046875,,0.0,,0,,,,0.07048993445203353,0.018231466646251165,0.0
2018-07-10,1117.800048828125,1124.719970703125,1112.56005859375,1112.56005859375,,0.0,,0,,,,0.06846465255581628,0.018655376021454256,0.0
2018-07-11,1125.6800537109375,1130.239990234375,1120.800048828125,1127.1700439453125,,0.18465125258471218,,0,,,,0.06637953349540941,0.017223800571142853,0.0
2018-07-12,1122.72998046875,1134.449951171875,1121.1199951171875,1122.6500244140625,,0.15117965908547407,,0,,,,0.0819476419233964,0.01800588380207665,0.0
2018-07-15,1129.530029296875,1130.22998046875,1123.5,1129.8499755859375,,0.12377543613312275,,0,,,,0.08097288461521321,0.018486166438882432,0.0
2018-07-16,1126.0,1128.25,1121.199951171875,1126.9000244140625,,0.10133875603782722,,0,,,,0.08234772991651647,0.01839419738896702,0.0
2018-07-17,1126.300048828125,1133.93994140625,1125.300048828125,1125.550048828125,,0.08296915604683616,,0,,,,0.08048367082244787,0.01878825486738141,0.0
2018-07-18,1128.4000244140625,1140.5999755859375,1127.6500244140625,1131.0899658203125,,0.06792939961247077,,0,,,,0.07817089402031938,0.01902143188021407,0.0
2018-07-19,1133.4000244140625,1138.68994140625,1125.9000244140625,1134.47998046875,,0.05561588850085336,,0,,,,0.07815718535653682,0.02061869180797505,1.0
2018-07-22,1126.75,1136.9200439453125,1125.3299560546875,1127.1600341796875,,0.04553443827540474,,0,,,,0.07666450267167056,0.020124270807522708,1.0
2018-07-23,1133.3199462890625,1137.3900146484375,1124.5,1132.449951171875,0.6932034395791181,0.037280444940205,,0,,,,0.07847517584301873,0.019697954424218157,1.0
2018-07-24,1127.050048828125,1130.050048828125,1117.699951171875,1127.97998046875,0.7356950922400085,0.030522646760976282,,0,,,,0.07823248649027713,0.02095264875061793,1.0
2018-07-25,1117.050048828125,1124.18994140625,1115.75,1115.75,0.7119338078708012,0.024989829568547332,,0,,,,0.0773925548111562,0.01789528719511778,0.0
2018-07-26,1123.06005859375,1124.4599609375,1113.300048828125,1123.1500244140625,0.7852847409522905,0.02045994198194718,,0,,,,0.08618096837428972,0.017456413883567282,0.0
2018-07-29,1115.0999755859375,1120.52001953125,1112.7099609375,1114.5999755859375,0.7377849057683171,0.016751183706811428,,0,,,,0.08741991320392947,0.017615770683456683,0.0
2018-07-30,1115.5,1120.31005859375,1111.5999755859375,1116.6700439453125,0.6272163834801437,0.013714709251225343,,0,,,,0.0898145003027526,0.01807985031874749,0.0
2018-07-31,1113.010009765625,1121.989990234375,1112.199951171875,1112.199951171875,0.585890749785794,0.011228654233501289,,0,,,,0.08737678500713238,0.019421805989406998,1.0
2018-08-01,1118.0999755859375,1130.7900390625,1117.0,1118.5999755859375,0.5766372938736837,0.009193244536646779,,0,,,,0.0861387466659528,0.02041347497411709,1.0
2018-08-02,1128.6500244140625,1130.219970703125,1120.4000244140625,1128.1500244140625,0.5677315283964993,0.00752679202271886,,0,,,,0.08644357776574908,0.02061010067096476,1.0
2018-08-05,1123.4000244140625,1126.8699951171875,1121.1500244140625,1122.9000244140625,0.47086579733548095,0.006162416101021958,,0,,,,0.09009376937029413,0.0212267627326602,1.0
2018-08-06,1125.5799560546875,1127.300048828125,1117.4000244140625,1125.4000244140625,0.4973753984980372,0.00504535957516959,,0,,,,0.08921237642979786,0.021159643439542106,1.0
2018-08-07,1117.27001953125,1120.550048828125,1116.25,1116.25,0.5232828426845937,0.004130791044527803,,0,,,,0.08692581264761201,0.019533885269408833,0.0
2018-08-08,1117.52001953125,1119.8499755859375,1115.0,1115.949951171875,0.3793067646379765,0.0,,0,,,,0.09005785757910023,0.0195722232434339,0.0
2018-08-09,1123.0699462890625,1130.4200439453125,1121.8900146484375,1121.8900146484375,0.2945889220119497,0.0,,0,,,,0.0873205899018538,0.020355442510888055,1.0
2018-08-12,1130.75,1136.1600341796875,1128.989990234375,1130.9000244140625,0.35439727159201967,0.0,,0,,,,0.08714079530743667,0.02301486546311698,1.0
2018-08-13,1134.699951171875,1135.969970703125,1126.0,1135.969970703125,0.36727220983848563,0.0,,0,,,,0.09002971938936087,0.022730925155857982,1.0
2018-08-14,1126.5999755859375,1137.050048828125,1126.5999755859375,1126.75,0.47912233332201976,0.0,,0,,,,0.08900313560370096,0.021254792961863177,1.0
2018-08-15,1136.300048828125,1136.3800048828125,1122.5,1136.3800048828125,0.658487625298925,0.0,,0,,,,0.09192633139265184,0.019528141431239234,0.0
2018-08-16,1126.22998046875,1127.8399658203125,1120.800048828125,1126.239990234375,0.7509277327801221,0.0,,0,,,,0.09507111263918329,0.018456460842493427,0.0
2018-08-19,1118.8199462890625,1123.719970703125,1118.449951171875,1118.5,0.7084325551855514,0.0,,0,,,,0.09854396193319066,0.017129316235797207,0.0
2018-08-20,1117.47998046875,1119.949951171875,1115.0999755859375,1116.8800048828125,0.6286307087258513,0.0,,0,,,,0.09923364225170317,0.01710833873237669,0.0
2018-08-21,1115.969970703125,1120.22998046875,1115.969970703125,1116.0999755859375,0.5133604928624823,0.0,,0,,,,0.09637552030563439,0.01846443610327765,0.0
2018-08-22,1118.02001953125,1123.4100341796875,1117.5,1117.5,0.16166772610292152,0.0,,0,,,,0.09347901683759353,0.018642207579745173,0.0
2018-08-23,1123.199951171875,1126.1500244140625,1111.5999755859375,1126.1500244140625,0.29528842862041166,0.0,,0,,,,0.09076226313741126,0.017964295562469916,0.0
2018-08-26,1112.050048828125,1115.8900146484375,1107.300048828125,1111.1700439453125,0.4913535067591036,0.0,,0,,,,0.09296494730484234,0.012125963223796568,0.0
2018-08-27,1109.739990234375,1111.3900146484375,1103.300048828125,1108.22998046875,0.5201268681697633,0.0,,1,,,,0.10409282629863587,0.014725540935818657,0.0
2018-08-28,1107.260009765625,1114.219970703125,1105.5999755859375,1106.8800048828125,0.5738949736578806,0.0,,1,,,,0.10144620001492113,0.017838164786284378,0.0
2018-08-29,1108.780029296875,1113.4100341796875,1106.1800537109375,1108.449951171875,0.6212448998115615,0.0,,1,,,,0.09846986790629748,0.017786260544440748,0.0
2018-08-30,1114.8900146484375,1118.1800537109375,1110.800048828125,1115.449951171875,0.5071044038810348,0.0,,0,,,,0.09562902373424612,0.0172671860760356,0.0
2018-09-02,1114.780029296875,1117.5400390625,1107.5,1114.81005859375,0.18456061523068035,0.0,,0,,,,0.0958927903174003,0.017260473718129662,0.0
2018-09-03,1110.199951171875,1121.3399658203125,1109.800048828125,1113.5,0.283022440240419,0.0,,0,,,,0.09299828110938725,0.01772564439878527,0.0
2018-09-04,1116.800048828125,1125.239990234375,1112.75,1121.300048828125,0.30890058927241176,0.0,,0,,,,0.09028102836438934,0.01684888372442063,0.0
2018-09-05,1118.510009765625,1124.5400390625,1116.4599609375,1118.0999755859375,0.33937033096378627,0.0,,0,,,,0.09164275956777984,0.016654977951281413,0.0
2018-09-06,1122.6500244140625,1125.300048828125,1119.0,1124.699951171875,0.3118194441020836,0.0,,0,,,,0.08954324205330848,0.0164336243322158,0.0
2018-09-09,1126.8299560546875,1130.1500244140625,1124.8499755859375,1126.8499755859375,0.2812316073163071,0.0,,0,,,,0.08978115193772253,0.016452049818597696,0.0
2018-09-10,1136.75,1136.77001953125,1123.02001953125,1136.77001953125,0.3943158888605784,0.0,,0,,,,0.08736226117598027,0.014322691782338408,0.0
2018-09-11,1123.8199462890625,1129.449951171875,1119.5,1125.300048828125,0.7056118946840503,0.0,,0,,,,0.09130051304224329,0.010274562515011815,0.0
2018-09-12,1120.5899658203125,1125.75,1116.5,1125.75,0.7941872467051234,0.0,,0,,,,0.09690532221265176,0.010374154341622338,0.0
2018-09-13,1119.030029296875,1121.3699951171875,1114.5999755859375,1120.550048828125,0.8077646975612984,0.0,,0,,,,0.09396605452974387,0.009432897320677897,0.0
2018-09-16,1120.97998046875,1129.1500244140625,1120.9000244140625,1120.9000244140625,0.8299258463653515,0.0,,0,,,,0.09286517229571356,0.0098848558998737,0.0
2018-09-17,1126.52001953125,1129.9000244140625,1121.0999755859375,1125.6199951171875,0.5254274429897586,0.0,,0,,,,0.09004431275168258,0.009410827001064534,0.0
2018-09-18,1120.8299560546875,1124.949951171875,1118.300048828125,1120.800048828125,0.2896093617287085,0.0,,0,,,,0.08881708654088494,0.009608549170309533,0.0
2018-09-19,1117.699951171875,1122.3800048828125,1115.9000244140625,1122.25,0.24739702416247786,0.0,,0,,,,0.08771314658729452,0.011854481704645958,0.0
2018-09-20,1117.719970703125,1118.469970703125,1111.5999755859375,1116.4000244140625,0.2568165817860545,0.0,,0,,,,0.08518950865098422,0.0125338196658761,0.0
2018-09-23,1114.1500244140625,1120.93994140625,1113.9300537109375,1114.0999755859375,0.2679365905888177,0.0,,0,,,,0.08505772555760858,0.012464825397549005,0.0
2018-09-24,1117.800048828125,1120.010009765625,1116.4000244140625,1117.8499755859375,0.16845728616063044,0.0,,0,,,,0.08285552580115835,0.012145813827224235,0.0
2018-09-25,1116.5999755859375,1118.1800537109375,1112.9000244140625,1115.8299560546875,0.14973944121233973,0.0,,0,,,,0.08138712703969427,0.012031129325579369,0.0
2018-09-26,1115.1199951171875,1116.0,1108.800048828125,1114.1700439453125,0.17427327257341707,0.0,,0,,,,0.07922055083196364,0.015063572023976877,0.0
2018-09-27,1113.280029296875,1114.47998046875,1106.199951171875,1112.31005859375,0.17593583058893794,0.0,,0,,,,0.07702500748104453,0.01674843659403982,0.0
2018-09-30,1109.02001953125,1112.199951171875,1108.030029296875,1109.010009765625,0.1451707130613263,0.0,,1,,,,0.07496057988618714,0.016709887008892112,0.0
2018-10-01,1111.9200439453125,1121.6600341796875,1111.9200439453125,1112.25,0.27008406226408255,0.0,,0,,,,0.0735895898548167,0.016823983741687153,0.0
2018-10-02,1117.5,1121.5999755859375,1115.9000244140625,1117.5,0.35893551453453126,0.0,,0,,,,0.07224388620503541,0.019848156553670716,1.0
2018-10-03,1123.300048828125,1131.5999755859375,1123.300048828125,1125.4200439453125,0.41381958619143205,0.0,,0,,,,0.07239694478144536,0.019064258701969868,0.0
2018-10-04,1131.699951171875,1132.9000244140625,1126.800048828125,1132.9000244140625,0.3694927915823283,0.0,,0,,,,0.07537216299208345,0.01974872760745538,1.0
2018-10-07,1131.1300048828125,1138.75,1128.530029296875,1131.0999755859375,0.40004005626987205,0.0,,0,,,,0.07748297390126076,0.020172285241890745,1.0
2018-10-08,1134.050048828125,1138.0899658203125,1131.0,1133.199951171875,0.37684324363475835,0.0,,0,,,,0.07537656551818063,0.020089208006407254,1.0
2018-10-09,1128.800048828125,1139.8299560546875,1128.800048828125,1132.4000244140625,0.7060251105454434,0.0,,0,,,,0.0734353409705907,0.02063181669466864,1.0
2018-10-10,1141.6800537109375,1146.0899658203125,1132.300048828125,1142.8499755859375,0.7894827613252009,0.0,,1,,,,0.07125113263546745,0.018491812713371806,0.0
2018-10-11,1134.300048828125,1136.4300537109375,1128.6500244140625,1134.300048828125,0.8572062000950207,0.0,,0,,,,0.0777684822155656,0.0170223640688222,0.0
2018-10-14,1130.6400146484375,1134.6400146484375,1125.800048828125,1131.18994140625,0.8474696714438386,0.0,,0,,,,0.08085594750606798,0.01721386682164882,0.0
2018-10-15,1129.300048828125,1135.1700439453125,1120.5999755859375,1135.1700439453125,0.8800319241864849,0.0,,0,,,,0.07911640701307199,0.01700280398439112,0.0
2018-10-16,1123.030029296875,1127.9000244140625,1121.0699462890625,1122.1500244140625,0.8797787806088346,0.0,,0,,,,0.07791257433312426,0.013068356063977068,0.0
2018-10-17,1127.1500244140625,1137.43994140625,1127.0999755859375,1127.0999755859375,0.7408275153478339,0.0,,0,,,,0.08785378786095273,0.012635145187283056,0.0
2018-10-18,1136.699951171875,1139.7900390625,1128.0,1136.5999755859375,0.8510514001107033,0.0,,0,,,,0.0868798271888672,0.014124193139907627,0.0
2018-10-21,1131.1700439453125,1135.56005859375,1126.4599609375,1131.5999755859375,0.8533511145259968,0.0,,0,,,,0.09033496756787177,0.017695723750037164,0.0
2018-10-22,1132.719970703125,1139.0799560546875,1131.25,1131.25,0.793901345369215,0.0,,0,,,,0.0892450326429447,0.018353722577469728,0.0
2018-10-23,1136.800048828125,1138.6099853515625,1127.97998046875,1136.6400146484375,0.5795169092099647,0.0,,0,,,,0.08653462885633668,0.017785634706558875,0.0
2018-10-24,1137.5699462890625,1140.5699462890625,1133.699951171875,1137.56005859375,0.4739593720548277,0.0,,0,,,,0.08591025681014552,0.01823365607284243,0.0
2018-10-25,1135.0799560546875,1144.5799560546875,1135.0799560546875,1135.22998046875,0.35040670660149387,0.0,,0,,,,0.08335248312375992,0.018503728672711894,0.0
2018-10-29,1139.56005859375,1143.5,1135.2099609375,1139.5,0.2829397714197343,0.0,,0,,,,0.08120557648207041,0.020750232063887326,1.0
2018-10-30,1143.0999755859375,1143.3199462890625,1135.9000244140625,1142.0799560546875,0.28857214042684143,0.0,,1,,,,0.08007371182780885,0.021410324204163833,1.0
2018-10-31,1138.97998046875,1142.1099853515625,1136.800048828125,1137.699951171875,0.21879859184299819,0.0,,0,,,,0.07813081632725896,0.021789439122839444,1.0
2018-11-01,1140.949951171875,1141.7099609375,1124.0999755859375,1140.969970703125,0.5141102303013234,0.0,,1,,,,0.07721011036578355,0.021599674158843056,1.0
2018-11-02,1124.0,1129.050048828125,1110.199951171875,1129.050048828125,0.8218279722054803,0.0,,0,,,,0.0756853284226941,0.019237657795287,0.0
2018-11-05,1116.1099853515625,1124.7900390625,1116.0,1116.0999755859375,0.8231083816090643,0.0,,0,,,,0.08397756628651726,0.01647730702178457,0.0
2018-11-06,1120.5799560546875,1125.52001953125,1118.5,1121.56005859375,0.8208394484570437,0.0,,0,,,,0.09295868014095557,0.016560600188315105,0.0
2018-11-07,1120.3800048828125,1124.9000244140625,1115.5999755859375,1119.949951171875,0.8434100938321081,0.0,,0,,,,0.09210286527623139,0.016614247375159565,0.0
2018-11-08,1117.1700439453125,1119.8699951171875,1112.300048828125,1115.3699951171875,0.7062167967974484,0.0,,0,,,,0.0894716026470285,0.01791931348435648,0.0
2018-11-09,1119.68994140625,1130.6800537109375,1119.5699462890625,1119.5699462890625,0.4275357475281062,0.0,,0,,,,0.08819724393695144,0.01759297684487041,0.0
2018-11-12,1130.8800048828125,1138.969970703125,1128.3800048828125,1130.949951171875,0.27782196325556086,0.0,,0,,,,0.08675029123716531,0.014503158157467513,0.0
2018-11-13,1138.25,1140.5400390625,1129.4000244140625,1137.4599609375,0.340908591887961,0.0,,0,,,,0.09284683677186163,0.01389280235044928,0.0
2018-11-14,1131.2099609375,1136.8800048828125,1127.4000244140625,1131.1300048828125,0.4635488051938853,0.0,,0,,,,0.0927438593428924,0.012777890419683162,0.0
2018-11-15,1131.1199951171875,1133.6700439453125,1125.800048828125,1131.199951171875,0.4574595119891109,0.0,,0,,,,0.09249978719853841,0.01519167233726149,0.0
2018-11-16,1127.219970703125,1132.27001953125,1123.5999755859375,1127.0,0.4611523084900015,0.0,,0,,,,0.08968219336839617,0.01517805784190651,0.0
2018-11-19,1122.75,1130.5799560546875,1120.4000244140625,1120.4000244140625,0.304790367178019,0.0,,0,,,,0.08814493285398811,0.013996055955152428,0.0
2018-11-20,1124.4000244140625,1130.1400146484375,1124.4000244140625,1126.18994140625,0.18883572832804973,0.0,,0,,,,0.08845879350298225,0.015250548157539508,0.0
2018-11-21,1129.3499755859375,1133.469970703125,1126.0,1128.4000244140625,0.1746559017659656,0.0,,0,,,,0.08807479156327325,0.015269115458074347,0.0
2018-11-22,1126.800048828125,1137.31005859375,1126.760009765625,1137.31005859375,0.16297077067783997,0.0,,0,,,,0.08573129275356181,0.013120386982453212,0.0
2018-11-23,1128.199951171875,1135.5,1127.0,1135.5,0.2109832928330085,0.0,,0,,,,0.08856746824104605,0.014841149308074222,0.0
2018-11-26,1133.31005859375,1133.550048828125,1125.199951171875,1133.5,0.18669464225653673,0.0,,0,,,,0.0860924152818268,0.01499323649850747,0.0
2018-11-27,1129.4100341796875,1130.75,1126.25,1129.030029296875,0.14758411258509102,0.0,,0,,,,0.08375069830828531,0.016436087448463182,0.0
2018-11-28,1130.3599853515625,1131.6700439453125,1124.4000244140625,1130.3699951171875,0.13195178648140227,0.0,,0,,,,0.08264015225469275,0.01674924237475823,0.0
2018-11-29,1118.5999755859375,1124.0400390625,1117.0,1121.1199951171875,0.22983901247056635,0.0,,0,,,,0.08025523852753029,0.014974521540695689,0.0
2018-11-30,1117.0799560546875,1122.8699951171875,1116.800048828125,1117.02001953125,0.3169436134247941,0.0,,0,,,,0.08411477152855171,0.014790107473967582,0.0
2018-12-03,1116.949951171875,1117.9000244140625,1107.719970703125,1117.1500244140625,0.4283583703893113,0.0,,0,,,,0.08278727309417301,0.015347372126077318,0.0
2018-12-04,1108.3800048828125,1113.25,1103.0,1108.300048828125,0.5232811413033746,0.0,,1,,,,0.08026651491395667,0.013486268884753598,0.0
2018-12-05,1110.6099853515625,1115.7900390625,1110.030029296875,1110.6300048828125,0.5367195789691782,0.0,,0,,,,0.08374130503962332,0.013599395297402634,0.0
2018-12-06,1114.199951171875,1123.68994140625,1111.6600341796875,1111.6600341796875,0.5574656789374367,0.0,,0,,,,0.08159983822902597,0.01383697652276221,0.0
2018-12-07,1119.47998046875,1124.75,1115.050048828125,1119.5999755859375,0.6702756900828408,0.0,,0,,,,0.07919605157777837,0.0138828957650875,0.0
2018-12-10,1123.47998046875,1130.6600341796875,1121.1700439453125,1122.699951171875,0.7030031411025822,0.0,,0,,,,0.081618344916209,0.015141866416745038,0.0
2018-12-11,1131.550048828125,1133.31005859375,1125.0999755859375,1131.5,0.4251052223365247,0.0,,0,,,,0.07985897957990847,0.013517119464480806,0.0
2018-12-12,1126.300048828125,1130.25,1122.800048828125,1127.6199951171875,0.6370763205552564,0.0,,0,,,,0.08316570492842812,0.013084301521711495,0.0
2018-12-13,1123.31005859375,1126.3399658203125,1120.300048828125,1123.8499755859375,0.6070662868590434,0.0,,0,,,,0.08173092401683307,0.012673261121085007,0.0
2018-12-14,1127.02001953125,1134.8199462890625,1123.280029296875,1127.02001953125,0.551857570283071,0.0,,0,,,,0.08030395077925931,0.012841099132746394,0.0
2018-12-17,1131.4599609375,1132.5999755859375,1128.699951171875,1131.6500244140625,0.4984147743862358,0.0,,0,,,,0.07862418583595338,0.012521927392152313,0.0
2018-12-18,1128.199951171875,1131.43994140625,1125.5999755859375,1128.1500244140625,0.30523749453154825,0.0,,0,,,,0.07787807942695982,0.012602824683227022,0.0
2018-12-19,1125.050048828125,1127.0999755859375,1118.699951171875,1125.0699462890625,0.3022621754927214,0.0,,0,,,,0.07646028950452023,0.01235802469717422,0.0
2018-12-20,1127.8199462890625,1130.8499755859375,1118.9000244140625,1128.1300048828125,0.3698989924614628,0.0,,0,,,,0.07488937422042195,0.01419604203473043,0.0
2018-12-21,1121.800048828125,1125.969970703125,1118.699951171875,1120.030029296875,0.36930327319088546,0.0,,0,,,,0.07337209263659543,0.012352567243669227,0.0
2018-12-24,1127.6300048828125,1127.6300048828125,1122.3900146484375,1127.5,0.490259292234689,0.0,,0,,,,0.07645627857631188,0.013557916457388911,0.0
2018-12-25,1123.5699462890625,1125.550048828125,1121.800048828125,1123.22998046875,0.4829712847739713,0.0,,0,,,,0.07850432627081094,0.01313907023182867,0.0
2018-12-26,1122.72998046875,1126.449951171875,1122.5,1122.6300048828125,0.4230471562142308,0.0,,0,,,,0.07752958861642598,0.013770496110876478,0.0
2018-12-27,1122.530029296875,1123.5999755859375,1118.0999755859375,1123.52001953125,0.33737614513766656,0.0,,0,,,,0.07519643079349807,0.013910978181673113,0.0
2018-12-28,1118.199951171875,1121.27001953125,1113.3299560546875,1119.5999755859375,0.3171313412243651,0.0,,0,,,,0.0729707389814955,0.013597694762618332,0.0
2018-12-31,1116.3499755859375,1116.3499755859375,1108.5,1116.300048828125,0.1849182079953424,0.0,,0,,,,0.07204133984634098,0.013399585501101567,0.0
2019-01-01,1112.449951171875,1113.4000244140625,1111.0,1112.5,0.2061401352063574,0.0,,0,,,,0.07078345104339678,0.013309090131783354,0.0
2019-01-02,1113.8299560546875,1122.4200439453125,1113.0,1113.800048828125,0.34196444336185106,0.0,,0,,,,0.06989628906434457,0.013262539515717044,0.0
2019-01-03,1121.8699951171875,1130.02001953125,1121.8699951171875,1122.1800537109375,0.6539249062525424,0.0,,0,,,,0.0679189614185482,0.011410699025314951,0.0
2019-01-04,1123.989990234375,1127.75,1115.9000244140625,1124.1199951171875,0.6795642775802943,0.0,,0,,,,0.07201191745621272,0.011390705224905743,0.0
2019-01-07,1114.4000244140625,1120.280029296875,1114.199951171875,1114.4000244140625,0.7739148191640217,0.0,,0,,,,0.0701404397815196,0.008723307238071873,0.0
2019-01-08,1116.3800048828125,1126.530029296875,1116.300048828125,1116.4000244140625,0.8597012017339596,0.0,,0,,,,0.07592638761182553,0.01033650838220466,0.0
2019-01-09,1121.6300048828125,1124.469970703125,1116.5400390625,1121.050048828125,0.8374130506790102,0.0,,0,,,,0.07394281685562469,0.00966527319533443,0.0
2019-01-10,1117.47998046875,1121.719970703125,1114.9000244140625,1118.6700439453125,0.7299868227592432,0.0,,0,,,,0.07348955021439318,0.01035223057055132,0.0
2019-01-11,1117.280029296875,1120.1300048828125,1112.4000244140625,1116.550048828125,0.6683370849523763,0.0,,0,,,,0.07172840998871818,0.010254794302463453,0.0
2019-01-14,1118.3299560546875,1123.719970703125,1117.699951171875,1118.5999755859375,0.43481417549507556,0.0,,0,,,,0.06993334117358832,0.012744979493553774,0.0
2019-01-15,1121.1600341796875,1123.530029296875,1117.3199462890625,1122.0,0.26955768425669113,0.0,0.20717131474103587,0,0.1770626553399977,,,0.06817700103859735,0.01247016840618621,0.0
2019-01-16,1122.550048828125,1124.1199951171875,1116.800048828125,1122.4000244140625,0.21736743484149781,0.0,0.2350597609561753,0,0.16572046574147392,,,0.06714524665881651,0.012571930255664615,0.0
2019-01-17,1118.699951171875,1125.1400146484375,1118.5999755859375,1118.77001953125,0.2705305266028496,0.0,0.20717131474103587,0,0.17744944808003663,,,0.06511448649578272,0.014526629144449327,0.0
2019-01-18,1119.0999755859375,1125.6099853515625,1118.699951171875,1120.550048828125,0.2839334072471514,0.0,0.250996015936255,0,0.19756254078760405,,,0.06437519852098218,0.014620898540256848,0.0
2019-01-21,1125.760009765625,1132.4200439453125,1123.300048828125,1125.7900390625,0.4023391392668069,0.0,0.06772908366533864,0,0.18281452937872422,,,0.06271946443182705,0.015121468777078548,0.0
2019-01-22,1132.3900146484375,1133.5699462890625,1127.9200439453125,1132.3699951171875,0.45954379108188476,0.0,0.0398406374501992,0,0.1961503970398527,,,0.06345710261013833,0.014175662155311968,0.0
2019-01-23,1129.9000244140625,1130.8199462890625,1125.1099853515625,1130.1500244140625,0.4744024173336028,0.0,0.1394422310756972,0,0.2356585812304628,,,0.06556453211707593,0.014201802130117213,0.0
2019-01-24,1125.030029296875,1130.52001953125,1124.300048828125,1125.3299560546875,0.4786876483380376,0.0,0.18326693227091634,0,0.2521465843221795,,,0.06402352718800955,0.013793669156993267,0.0
2019-01-25,1126.6300048828125,1128.6199951171875,1115.9000244140625,1126.75,0.6224868172418547,0.0,0.24302788844621515,0,0.3294800704274124,,,0.06425949484799413,0.013865088944267552,0.0
2019-01-28,1117.550048828125,1119.9000244140625,1113.9200439453125,1118.010009765625,0.6645518328636514,0.0,0.20717131474103587,0,0.33410852165360844,,,0.06249457572463666,0.011497926121711764,0.0
2019-01-29,1118.6300048828125,1120.31005859375,1115.0799560546875,1119.699951171875,0.47917655368915446,0.0,0.38645418326693226,0,0.3208860650989903,,,0.06773542319784656,0.011556219080114978,0.0
2019-01-30,1117.6099853515625,1118.699951171875,1115.0,1117.8699951171875,0.4784872405635863,0.0,0.3745019920318725,0,0.3165799363312142,,,0.06593403239211819,0.012187976719299626,0.0
2019-01-31,1110.300048828125,1114.0,1108.030029296875,1109.0,0.5474934694132817,0.0,0.3745019920318725,1,0.34401614780157497,,,0.0642410370032822,0.009714635238722243,0.0
2019-02-01,1111.5699462890625,1119.3299560546875,1110.0,1111.550048828125,0.4708099744903436,0.0,0.4063745019920319,0,0.3242797013729908,,,0.06956190768893779,0.010278317303740845,0.0
2019-02-04,1118.3199462890625,1122.3900146484375,1117.199951171875,1118.300048828125,0.5358277564583999,0.0,0.40239043824701193,0,0.34878612330172926,,,0.06803152203252434,0.008719584355574262,0.0
2019-02-05,1120.0999755859375,1121.4100341796875,1116.0,1121.0999755859375,0.5993985905413434,0.0,0.30278884462151395,0,0.34046073659357495,,,0.07003424856361924,0.008403375384032559,0.0
2019-02-06,1118.760009765625,1121.530029296875,1116.9300537109375,1118.699951171875,0.6402430320390843,0.0,0.3107569721115538,0,0.359388135860401,,,0.0685933962488009,0.008515372648822123,0.0
2019-02-07,1121.2900390625,1126.6800537109375,1119.530029296875,1121.6300048828125,0.37899048312144396,0.0,0.3386454183266932,0,0.26492479103801275,,,0.06702382568863804,0.008108083037775302,0.0
2019-02-08,1123.760009765625,1126.75,1120.300048828125,1123.75,0.2672757096973937,0.0,0.36254980079681276,0,0.2285722029195753,,,0.06577319936674686,0.008176689522783906,0.0
2019-02-11,1122.5899658203125,1126.8499755859375,1121.6300048828125,1122.8800048828125,0.19229030122976387,0.0,0.3944223107569721,0,0.20951089929852318,,,0.06419081704125608,0.00830311983107962,0.0
2019-02-12,1124.9300537109375,1126.9200439453125,1120.9000244140625,1125.02001953125,0.19143296529162424,0.0,0.40239043824701193,0,0.21185807380168592,,,0.06230812797722502,0.009281325229530592,0.0
2019-02-13,1119.699951171875,1124.3900146484375,1119.1300048828125,1120.300048828125,0.2955358104358406,0.0,0.3545816733067729,0,0.2371201035779805,,,0.06086196390664722,0.008673070366977353,0.0
2019-02-14,1123.989990234375,1129.1400146484375,1123.030029296875,1123.719970703125,0.3180560892650926,0.0,0.44621513944223107,0,0.2769864439774762,,,0.06123061866786433,0.008151479134373528,0.0
2019-02-15,1124.699951171875,1130.6300048828125,1123.800048828125,1128.300048828125,0.30750776124936063,0.0,0.4541832669322709,0,0.2754805734377408,,,0.06053684714214116,0.010781875528771833,0.0
2019-02-18,1125.2099609375,1126.739990234375,1122.0,1125.31005859375,0.3543617163245575,0.0,0.49800796812749004,0,0.3088934909190375,,,0.06078638984913169,0.010700628478588731,0.0
2019-02-19,1125.4200439453125,1128.510009765625,1123.5,1124.280029296875,0.3482826912883123,0.0,0.43824701195219123,0,0.2863162065924778,,,0.05983099525398452,0.01072740853660177,0.0
2019-02-20,1121.81005859375,1124.18994140625,1119.0,1121.4200439453125,0.24742580677990597,0.0,0.33067729083665337,0,0.20992790080919507,,,0.05811749026351696,0.010563274756773286,0.0
2019-02-21,1121.6600341796875,1127.0400390625,1121.3900146484375,1121.719970703125,0.19013138697135265,0.0,0.35856573705179284,0,0.1965563422590944,,,0.05721080964783988,0.010583740695723022,0.0
2019-02-22,1124.300048828125,1126.4200439453125,1120.9000244140625,1124.1500244140625,0.2549379375750211,0.0,0.2350597609561753,0,0.18065813550299523,,,0.05547768375132661,0.011669849380313851,0.0
2019-02-25,1122.1600341796875,1122.6500244140625,1114.699951171875,1122.31005859375,0.4424910892107333,0.0,0.23904382470119523,0,0.2565714823564779,,,0.0544418381166419,0.011587274003514902,0.0
2019-02-26,1116.8499755859375,1119.18994140625,1115.300048828125,1117.199951171875,0.5089750707533701,0.0,0.02390438247011952,0,0.21042771137378988,,,0.05316626400979694,0.011039900694354074,0.0
2019-02-27,1114.7099609375,1120.31005859375,1114.300048828125,1114.300048828125,0.5613551110257897,0.0,0.10358565737051793,0,0.2581339406051273,,,0.05451558188719501,0.011168460289509737,0.0
2019-02-28,1116.5,1125.3699951171875,1115.0999755859375,1115.0999755859375,0.7709186372495066,0.0,0.11952191235059761,0,0.34683046475964396,,,0.053812352216768264,0.011333414567554604,0.0
2019-03-01,1124.4000244140625,1127.3699951171875,1123.0999755859375,1124.219970703125,0.9049290561704406,0.0,0.00398406374501992,0,0.361135092029941,,,0.05224757877697542,0.009412795489431022,0.0
2019-03-04,1126.72998046875,1127.8900146484375,1123.1300048828125,1126.81005859375,0.8757080540565563,0.0,0.2151394422310757,0,0.42075024296790936,,,0.05974268594903477,0.009430351186285003,0.0
2019-03-05,1128.199951171875,1128.199951171875,1123.800048828125,1128.1500244140625,0.7731957005399829,0.0,0.10756972111553785,0,0.34370373866330717,,,0.058609801471758316,0.009452304667744006,0.0
2019-03-06,1125.5,1129.93994140625,1124.300048828125,1126.199951171875,0.7355744602447262,0.0,0.11155378486055777,0,0.33008991764062146,,,0.0570119143888583,0.00938439877603174,0.0
2019-03-07,1127.3399658203125,1133.75,1125.4000244140625,1127.0,0.6067336789668811,0.0,0.14342629482071714,0,0.2896162368781585,,,0.05568296291100858,0.01025141620677379,0.0
2019-03-08,1132.5999755859375,1137.72998046875,1130.8699951171875,1133.0699462890625,0.4315115537477283,0.0,0.1553784860557769,0,0.2239816732920095,,,0.054057209634348666,0.009071188491744544,0.0
2019-03-11,1133.72998046875,1135.8199462890625,1131.4000244140625,1134.06005859375,0.4200356575702055,0.0,0.3784860557768924,0,0.2946841718261418,,,0.05641901616638646,0.011133398157791841,0.0
2019-03-12,1130.75,1131.300048828125,1126.0999755859375,1130.77001953125,0.49972849717239387,0.0,0.3784860557768924,0,0.3263692767282167,,,0.05480560496679617,0.010807618064633233,0.0
2019-03-13,1127.27001953125,1133.43994140625,1127.0,1127.27001953125,0.5910072690593958,0.0,0.3944223107569721,0,0.36803692265247323,,,0.0543236806498471,0.010353712958537523,0.0
2019-03-14,1129.6300048828125,1136.4599609375,1128.3699951171875,1129.5899658203125,0.605935507691491,0.0,0.3745019920318725,0,0.3672521389242365,,,0.054030594347117905,0.01091557508303809,0.0
2019-03-15,1135.0999755859375,1138.97998046875,1131.969970703125,1135.4200439453125,0.5650928088979734,0.0,0.32669322709163345,0,0.3348852174963718,,,0.052991087283444274,0.010304279874802287,0.0
2019-03-18,1134.8299560546875,1136.3599853515625,1130.1199951171875,1132.72998046875,0.6020633002026294,0.0,0.4262948207171315,0,0.3831848661056199,,,0.05513868557275952,0.010244255371716988,0.0
2019-03-19,1130.8199462890625,1133.22998046875,1127.5999755859375,1131.199951171875,0.5427761934634769,0.0,0.43824701195219123,0,0.36364494842115774,,,0.054248793061404364,0.01075785421511099,0.0
2019-03-20,1129.7900390625,1131.5799560546875,1126.800048828125,1129.719970703125,0.3999180854496562,0.0,0.5179282868525896,0,0.3337263717073634,,,0.05285810802962109,0.011169979300564778,0.0
2019-03-21,1124.8499755859375,1129.1800537109375,1122.699951171875,1125.0,0.38844238718314256,0.0,0.47410358565737054,0,0.31437950813795273,,,0.051500057734576166,0.010657834644942498,0.0
2019-03-22,1127.75,1138.18994140625,1126.8900146484375,1127.77001953125,0.46883155303680435,0.0,0.5856573705179283,0,0.3839740677676691,,,0.052518163956839635,0.01039244243942436,0.0
2019-03-25,1134.699951171875,1136.239990234375,1131.300048828125,1135.1400146484375,0.666274840079266,0.0,0.5537848605577689,0,0.4517234435931723,,,0.05180839474935138,0.008366819986553342,0.0
2019-03-26,1132.0899658203125,1134.6500244140625,1129.800048828125,1133.8499755859375,0.6920386468739,0.0,0.6772908366533864,0,0.5036315514835363,,,0.056254686860676584,0.009152742017767997,0.0
2019-03-27,1134.2099609375,1139.06005859375,1132.4000244140625,1133.9300537109375,0.7297994977973175,0.0,0.5896414342629482,0,0.48907642875510876,,,0.054719874467059476,0.009195206118320082,0.0
2019-03-28,1137.800048828125,1139.3299560546875,1134.5,1138.5,0.6539271628726473,0.0,0.5896414342629482,0,0.45891031968867363,,,0.053053597366380066,0.009055138192346083,0.0
2019-03-29,1134.0999755859375,1137.47998046875,1133.5999755859375,1134.3199462890625,0.5440314965096756,0.0,0.6693227091633466,0,0.4420972920649759,,,0.05376245729857213,0.009405071111781299,0.0
2019-03-31,1136.550048828125,1136.699951171875,1130.3900146484375,1136.699951171875,0.40707972920511604,0.0,0.38247011952191234,0,0.2908770410889443,,,0.05405136274587763,0.011325003561168485,0.0
2019-04-01,1132.1700439453125,1138.6800537109375,1131.25,1132.6700439453125,0.5173072812169547,0.0,0.35856573705179284,0,0.32663832430855066,,,0.05303471469142238,0.010755616683270476,0.0
2019-04-02,1136.719970703125,1137.0400390625,1131.5999755859375,1136.3900146484375,0.5724334873655381,0.0,0.4302788844621514,0,0.37274835961449393,,,0.053241321550260685,0.010478008523062542,0.0
2019-04-03,1133.6199951171875,1138.739990234375,1132.4000244140625,1133.530029296875,0.5629594421130141,0.0,0.5059760956175299,0,0.3945179791207265,,,0.05317061927049889,0.011269686509498531,0.0
2019-04-04,1136.3199462890625,1138.5699462890625,1134.199951171875,1134.300048828125,0.5684235471592903,0.0,0.5697211155378487,0,0.4181947986905583,,,0.052473787458998715,0.012399469364678024,0.0
2019-04-07,1136.3299560546875,1146.3499755859375,1136.199951171875,1136.68994140625,0.6556337369032648,0.0,0.2868525896414343,0,0.35744320274419156,,,0.05094370481656528,0.012301546508508539,0.0
2019-04-08,1141.3800048828125,1143.6099853515625,1138.0999755859375,1141.1099853515625,0.4921227248724786,0.0,0.4103585657370518,1,0.3340974670051716,,,0.050065201093861665,0.012648959025080918,0.0
2019-04-09,1140.1300048828125,1143.56005859375,1136.199951171875,1140.0999755859375,0.5264681642663374,0.0,0.46215139442231074,1,0.36522516222426304,,,0.05083178712161708,0.01273430938033619,0.0
2019-04-10,1136.9000244140625,1141.56005859375,1135.9000244140625,1135.9000244140625,0.5441611316120664,0.0,0.38645418326693226,0,0.3467233069237625,,,0.04940338238213854,0.016787292245891757,0.0
2019-04-11,1140.93994140625,1142.6099853515625,1131.800048828125,1140.989990234375,0.7427847706849027,0.0,0.4262948207171315,1,0.439134366417849,,,0.05000200135536581,0.01650060916332868,0.0
2019-04-14,1133.97998046875,1135.760009765625,1131.0,1133.4300537109375,0.6938928550152232,0.0,0.3944223107569721,0,0.40894323996021187,,,0.05150177612647826,0.015141951649999163,0.0
2019-04-15,1133.8499755859375,1137.2900390625,1132.300048828125,1133.199951171875,0.6040303337642896,0.0,0.6852589641434262,0,0.47132833747274083,,,0.056227149055715596,0.015168226587843154,0.0
2019-04-16,1136.469970703125,1137.56005859375,1130.800048828125,1135.699951171875,0.6509631510619084,0.0,0.6573705179282868,0,0.4805802227353615,,,0.05451996008842174,0.015493271095953647,0.0
2019-04-17,1131.300048828125,1138.1099853515625,1130.199951171875,1130.199951171875,0.7196361240975813,0.0,0.6533864541832669,0,0.5065399134018271,,,0.05354912182136334,0.01476285479498472,0.0
2019-04-18,1136.18994140625,1137.510009765625,1134.81005859375,1136.1099853515625,0.619716242365343,0.0,0.6972111553784861,0,0.48159696805607144,,,0.055243027384763874,0.013866016079477584,0.0
2019-04-21,1134.489990234375,1142.6099853515625,1134.489990234375,1134.5,0.5786773931493068,0.0,0.7649402390438247,0,0.48812868273679777,,,0.05727111977992976,0.013998303471699726,0.0
2019-04-22,1140.0,1145.02001953125,1138.31005859375,1140.0400390625,0.6505047267980615,0.0,0.5139442231075697,1,0.43201318351021667,,,0.05579954380908635,0.013733837710517185,0.0
2019-04-23,1142.0699462890625,1157.52001953125,1141.5999755859375,1142.0,0.8500079496931593,0.0,0.601593625498008,1,0.5409022151062467,,,0.057319921230707005,0.013906403481367288,0.0
2019-04-24,1155.31005859375,1165.260009765625,1155.260009765625,1155.260009765625,0.8426242353778978,0.18465125258471218,0.6294820717131474,1,0.5963183774976195,,,0.05597367106590455,0.007790598026768832,0.0
2019-04-25,1158.6300048828125,1162.56005859375,1156.0899658203125,1159.0,0.862023109567453,0.15117965908547407,0.7888446215139442,1,0.6489200544336966,,,0.0704282087690853,0.009257240322417485,0.0
2019-04-28,1156.5,1160.8800048828125,1156.4000244140625,1157.72998046875,0.8337728913144342,0.12377543613312275,0.7888446215139442,1,0.6304242700083791,,,0.0694296630108891,0.010046063662873455,0.0
2019-04-29,1158.3299560546875,1168.780029296875,1158.3299560546875,1158.7900390625,0.8866899823062857,0.10133875603782722,0.7888446215139442,1,0.6455165235100008,,,0.06744942349383691,0.014726265268025496,0.0
2019-04-30,1163.800048828125,1163.800048828125,1159.8900146484375,1163.260009765625,0.6550056773464765,0.08296915604683616,0.7928286852589641,0,0.5498760478640375,,,0.06549140461878844,0.01421564437990728,0.0
2019-05-01,1164.6800537109375,1168.1300048828125,1159.7099609375,1164.6700439453125,0.24942543400641598,0.06792939961247077,0.8047808764940239,0,0.3886668753676958,,,0.06523722733642477,0.014183784091529435,0.0
2019-05-02,1167.3599853515625,1171.6800537109375,1163.4000244140625,1166.1099853515625,0.2626331879634052,0.05561588850085336,0.8047808764940239,0,0.39065432881498563,,,0.06342500100864318,0.014617710947934884,0.0
2019-05-05,1163.3399658203125,1173.1400146484375,1163.3299560546875,1163.3299560546875,0.4175647222174725,0.04553443827540474,0.7928286852589641,0,0.4455493573793553,,,0.06168022587641081,0.014691132204884032,0.0
2019-05-06,1168.010009765625,1173.6500244140625,1165.52001953125,1168.050048828125,0.30031564773639446,0.037280444940205,0.8007968127490039,0,0.39943249302358597,,,0.06051713683530843,0.014128301988547283,0.0
2019-05-07,1171.3599853515625,1173.0699462890625,1167.22998046875,1171.300048828125,0.2982397712770269,0.030522646760976282,0.7928286852589641,0,0.39412787792932963,,,0.06074941081216663,0.014365000756909817,0.0
2019-05-08,1172.219970703125,1185.4100341796875,1169.5999755859375,1172.18994140625,0.5129724917369104,0.024989829568547332,0.7848605577689243,0,0.4753489650042887,,,0.059881492200319235,0.014344910886246365,0.0
2019-05-09,1179.1099853515625,1182.3199462890625,1174.4000244140625,1179.18994140625,0.5774905721073411,0.02045994198194718,0.7529880478087649,0,0.4890478667685604,,,0.05813231813056428,0.013437907783343302,0.0
2019-05-12,1174.260009765625,1190.050048828125,1174.18994140625,1174.4200439453125,0.7438106990704653,0.016751183706811428,0.7370517928286853,0,0.548816015784077,,,0.06093114539088656,0.013012032374621018,0.0
2019-05-13,1187.9000244140625,1189.3499755859375,1183.699951171875,1187.1800537109375,0.8078043764910887,0.013714709251225343,0.5378486055776892,0,0.5062533612519058,,,0.061141264287719835,0.008503828620726982,0.0
2019-05-14,1187.4599609375,1191.8299560546875,1186.0,1186.9300537109375,0.8190576873015444,0.011228654233501289,0.8326693227091634,0,0.6095262061439104,,,0.07266105506714049,0.009349410367211703,0.0
2019-05-15,1185.800048828125,1192.199951171875,1185.800048828125,1186.0400390625,0.7363726835119152,0.009193244536646779,0.8366533864541833,0,0.5774559609206815,,,0.07045226631588142,0.009859112090013585,0.0
2019-05-16,1190.8900146484375,1195.6600341796875,1188.5899658203125,1190.489990234375,0.7065590530110152,0.00752679202271886,0.8047808764940239,1,0.5544084664541684,,,0.06836825582202045,0.009130275608989755,0.0
2019-05-19,1193.8199462890625,1194.8299560546875,1190.530029296875,1193.8299560546875,0.26689259511397234,0.006162416101021958,0.8087649402390438,1,0.38058370023706983,,,0.06786615149240467,0.011843203643263736,0.0
2019-05-20,1191.550048828125,1196.22998046875,1190.0,1193.3299560546875,0.10468409278834662,0.00504535957516959,0.8446215139442231,1,0.3278912694350291,,,0.06669439900267093,0.011995959239687333,0.0
2019-05-22,1190.31005859375,1194.0999755859375,1187.0,1188.800048828125,0.1523893309929447,0.004130791044527803,0.7928286852589641,0,0.32914371702406964,,,0.06468313228053883,0.011604223981968817,0.0
2019-05-23,1188.6099853515625,1191.0,1184.300048828125,1188.800048828125,0.1692074490464915,0.0,0.8087649402390438,0,0.3401116162075596,,,0.06443274834301142,0.01169787317799254,0.0
2019-05-26,1185.550048828125,1186.1500244140625,1181.0,1185.0,0.12031400911356363,0.0,0.11155378486055777,0,0.08546829249208696,,,0.06246986726007836,0.011694544739701409,0.0
2019-05-27,1184.449951171875,1189.8800048828125,1182.31005859375,1182.31005859375,0.11912012030769491,0.0,0.12749003984063745,0,0.09036969982761181,,,0.06183304031995324,0.011527539848536198,0.0
2019-05-28,1187.3900146484375,1195.8699951171875,1187.3900146484375,1187.5799560546875,0.2897902156777061,0.0,0.12749003984063745,0,0.15822648473376083,,,0.06059714481598738,0.011193518886725852,0.0
2019-05-29,1191.010009765625,1192.2099609375,1186.8299560546875,1192.2099609375,0.28206418676427253,0.0,0.2350597609561753,1,0.19144327072281808,,,0.06124340840531963,0.011465652676316955,0.0
2019-05-30,1187.5,1194.0799560546875,1187.5,1188.3800048828125,0.3606559614860393,0.0,0.2589641434262948,0,0.23075473186717532,,,0.06127509746638271,0.011182990318807835,0.0
2019-06-02,1187.800048828125,1189.22998046875,1178.0999755859375,1187.8699951171875,0.4518110856063803,0.0,0.3107569721115538,0,0.2844694101702898,,,0.06071162433225101,0.011890909679268473,0.0
2019-06-03,1177.6400146484375,1184.0999755859375,1177.6300048828125,1178.3499755859375,0.6370673308748361,0.0,0.26693227091633465,0,0.3433412711388791,,,0.058885764588559854,0.008766563932956186,0.0
2019-06-04,1177.6800537109375,1181.31005859375,1171.6500244140625,1176.050048828125,0.4971803268285599,0.0,0.7729083665338645,0,0.4584142776902492,,,0.06510360610846133,0.013138494343410377,0.0
2019-06-05,1178.7900390625,1181.72998046875,1177.300048828125,1178.739990234375,0.4640754009189543,0.0,0.6733067729083665,0,0.4116515406236114,,,0.06357581727710389,0.013237564222865398,0.0
2019-06-06,1178.06005859375,1186.260009765625,1176.9100341796875,1177.0,0.5717198059736651,0.0,0.6454183266932271,0,0.44504176800652173,,,0.062275939356248776,0.017308216919476604,0.0
2019-06-09,1179.949951171875,1187.4599609375,1179.6300048828125,1180.760009765625,0.5526795371177011,0.0,0.6733067729083665,0,0.4468796911604626,,,0.06065138310072742,0.017038323493830016,0.0
2019-06-10,1184.199951171875,1185.300048828125,1177.5,1182.0999755859375,0.36843320212858427,0.0,0.49800796812749004,0,0.31448817804593976,,,0.060097314647468744,0.017736054775885093,1.0
2019-06-11,1178.25,1184.5,1177.699951171875,1177.97998046875,0.5310095114780762,0.0,0.3187250996015936,0,0.3186459839472426,,,0.05843317689014979,0.017614176536186844,0.0
2019-06-12,1183.5999755859375,1187.030029296875,1180.9000244140625,1183.4300537109375,0.5872376986432933,0.0,0.00796812749003984,0,0.236168091866865,,,0.05825703028013394,0.017224634565467557,0.0
2019-06-13,1182.2900390625,1186.6099853515625,1181.010009765625,1181.0799560546875,0.47333833975611156,0.0,0.027888446215139442,0,0.19760291212018777,,,0.059265599936056054,0.017307222978736353,0.0
2019-06-16,1185.550048828125,1187.760009765625,1183.5,1185.8900146484375,0.3986125898412163,0.0,0.08366533864541832,0,0.18670897526303432,,,0.05797768240228986,0.016823415450294334,0.0
2019-06-17,1185.5899658203125,1187.22998046875,1172.5999755859375,1185.3499755859375,0.6308562609292955,0.0,0.0796812749003984,0,0.27770279889009525,,,0.058390838514376917,0.017195074848474202,0.0
2019-06-18,1174.300048828125,1178.280029296875,1172.9000244140625,1173.5799560546875,0.7748291056589952,0.0,0.0199203187250996,0,0.31478469169939316,,,0.05663971748304006,0.014873786093522894,0.0
2019-06-19,1170.31005859375,1173.1800537109375,1156.5999755859375,1170.300048828125,0.8243546793465091,0.0,0.7171314741035857,0,0.5696793457028337,,,0.06724054483538527,0.014877559619798328,0.0
2019-06-20,1158.4000244140625,1164.030029296875,1156.9000244140625,1157.2099609375,0.8568398885831526,0.0,0.6095617529880478,1,0.5463065711675829,,,0.06609420725952826,0.00985076396759518,0.0
2019-06-23,1157.8499755859375,1160.5,1153.800048828125,1158.31005859375,0.8086220294726789,0.0,0.9322709163346613,1,0.6360013569875773,,,0.07758461660395433,0.011435907403861424,0.0
2019-06-24,1154.280029296875,1156.4100341796875,1151.699951171875,1152.469970703125,0.591564756319748,0.0,0.9482071713147411,1,0.5550775633176438,,,0.07531176383057404,0.011391565055302621,0.0
2019-06-25,1155.2900390625,1159.6500244140625,1151.0999755859375,1155.7099609375,0.6696169503129434,0.0,0.9442231075697212,1,0.5847663418346907,,,0.07561652852307228,0.011126197289834478,0.0
2019-06-26,1153.0799560546875,1158.1800537109375,1152.5,1152.5,0.3968355272715899,0.0,0.9561752988047809,1,0.480343141765016,,,0.07412122528430543,0.011897317084066527,0.0
2019-06-27,1156.4300537109375,1158.550048828125,1152.800048828125,1155.510009765625,0.16438306428785837,0.0,0.9641434262948207,1,0.3906103259970398,,,0.07267245076523059,0.011673318055719781,0.0
2019-06-30,1155.489990234375,1163.8499755859375,1149.2099609375,1155.5999755859375,0.2973079805030587,0.0,0.9442231075697212,1,0.4367398839584714,,,0.07118478908379211,0.011840233297148747,0.0
2019-07-01,1159.7900390625,1168.1300048828125,1159.75,1159.75,0.38695796219121725,0.0,0.9083665338645418,1,0.46028765904237756,,,0.0690168775999702,0.011414190976840752,0.0
2019-07-02,1165.9200439453125,1172.22998046875,1165.1400146484375,1165.5799560546875,0.4227253317290233,0.0,0.701195219123506,0,0.40461930219898723,,,0.06835080961472788,0.010264422665010707,0.0
2019-07-03,1167.300048828125,1171.4599609375,1166.199951171875,1168.8699951171875,0.3235778824549263,0.0,0.852589641434263,0,0.4162720491707461,,,0.06907742531969364,0.009893729262664986,0.0
2019-07-04,1167.699951171875,1175.6800537109375,1167.1300048828125,1167.1300048828125,0.4548710343538503,0.0,0.8247011952191236,0,0.459064790359187,,,0.06786396354127443,0.011879406207215273,0.0
2019-07-07,1174.25,1181.9200439453125,1174.0,1174.02001953125,0.3630523996965133,0.0,0.8326693227091634,0,0.4252466292270062,,,0.06605105373135535,0.010962006166218756,0.0
2019-07-08,1179.699951171875,1184.1700439453125,1174.0,1179.8499755859375,0.3264296042473784,0.0,0.896414342629482,0,0.43219010281673476,,,0.06800598577434509,0.009783504997712258,0.0
2019-07-09,1180.0,1182.1199951171875,1174.0,1181.47998046875,0.3411787112008682,0.0,0.9402390438247012,0,0.45283844212916,66.58686557701536,경계,0.06869009938120924,0.00983978497268933,0.0
2019-07-10,1176.5899658203125,1177.719970703125,1169.31005859375,1175.530029296875,0.5076472005651669,0.0,0.8844621513944223,0,0.5002084079240281,74.3098421465243,경계,0.06681353755035777,0.008448475989349828,0.0
2019-07-11,1174.050048828125,1179.77001953125,1173.9100341796875,1174.0799560546875,0.4481221618631377,0.0,0.8844621513944223,0,0.47654182627141406,70.38337954423484,경계,0.06768759914746493,0.009714379363356672,0.0
2019-07-14,1176.3299560546875,1181.469970703125,1175.800048828125,1176.4100341796875,0.301128083036417,0.0,0.896414342629482,0,0.42213046185334047,60.47198916643283,경계,0.0658008362399973,0.009544472337895444,0.0
2019-07-15,1178.4000244140625,1181.7900390625,1175.699951171875,1178.4300537109375,0.21787975978614654,0.0,0.8446215139442231,0,0.37155945136603713,50.40613123824216,주의,0.06426040164343325,0.009474300791011898,0.0
2019-07-16,1178.5400390625,1181.81005859375,1177.4000244140625,1177.8800048828125,0.19957175702330088,0.0,0.8645418326693227,0,0.37100047345192727,50.29160325667944,주의,0.06265891312319047,0.009517159198425603,0.0
2019-07-17,1178.8299560546875,1184.4200439453125,1173.9000244140625,1178.68994140625,0.18784112928929056,0.0,0.1553784860557769,0,0.12710066115793184,12.570630057692131,정상,0.06077718933409865,0.010629042458810722,0.0
2019-07-18,1170.9300537109375,1176.27001953125,1168.5,1170.77001953125,0.4366959989270687,0.0,0.08764940239043825,0,0.2031945931509101,21.207122517325498,정상,0.05898626052477217,0.010852671392510952,0.0
2019-07-21,1175.1500244140625,1178.52001953125,1174.0999755859375,1175.1099853515625,0.4569876273250457,0.0,0.01195219123505976,0,0.18572594043744797,19.214340779738937,정상,0.06291165015692732,0.012759461903390975,0.0
2019-07-22,1175.300048828125,1180.1500244140625,1174.760009765625,1174.760009765625,0.468779412176515,0.0,0.02390438247011952,0,0.19444630495166673,20.555598442058105,정상,0.0626690101307185,0.016522760861284163,0.0
2019-07-23,1178.7900390625,1179.52001953125,1175.0,1176.800048828125,0.5314968357591979,0.0,0.01195219123505976,0,0.21535008354982174,23.600565766979326,정상,0.06077089820407082,0.01677788715845571,0.0
2019-07-24,1177.199951171875,1181.9000244140625,1176.550048828125,1176.550048828125,0.4653440377982159,0.0,0.027888446215139442,0,0.19442445471524133,20.952303754060058,정상,0.05930458058540004,0.016778367232194297,0.0
2019-07-25,1183.43994140625,1186.02001953125,1180.9000244140625,1182.3900146484375,0.1732741857520519,0.0,0.11155378486055777,0,0.10652474826401602,12.033811184335647,정상,0.057503859061422434,0.016597510651238698,0.0
2019-07-28,1183.219970703125,1185.4599609375,1179.800048828125,1183.3499755859375,0.21785820441369372,0.0,0.13545816733067728,0,0.13231505338446814,14.679362776770347,정상,0.05898282125541345,0.017344014137805622,1.0
2019-07-29,1182.989990234375,1183.260009765625,1178.4000244140625,1181.8499755859375,0.22456625858956863,0.0,0.16733067729083664,0,0.1457342831036047,16.335719270669145,정상,0.05727297010578742,0.017677422319478112,1.0
2019-07-30,1180.22998046875,1183.4300537109375,1179.260009765625,1180.6500244140625,0.27879896510714813,0.0,0.12749003984063745,0,0.15385646944667153,17.488684055537558,정상,0.055746810185506895,0.020613122754821016,1.0
2019-07-31,1186.300048828125,1191.0699462890625,1184.800048828125,1186.31005859375,0.31763865709014993,0.0,0.07569721115537849,0,0.1518264770641632,17.53583119000172,정상,0.05419268380048355,0.021984145565462836,1.0
2019-08-01,1193.4000244140625,1205.489990234375,1190.5,1194.75,0.6140913410668373,0.0,0.07569721115537849,1,0.26969320683802683,34.501887082555996,정상,0.05573573129927658,0.02108750717995248,1.0
2019-08-04,1203.239990234375,1219.2099609375,1202.0,1203.93994140625,0.8732303208146003,0.0,0.3346613545816733,1,0.46008576524299594,69.36838263440983,경계,0.060662825790109946,0.019923884005159764,1.0
2019-08-05,1216.489990234375,1219.1300048828125,1208.6600341796875,1216.6500244140625,0.886835241893142,0.0,0.5258964143426295,0,0.5300079829405699,79.28496464404061,경계,0.06593129043446994,0.017117164423435843,1.0
2019-08-06,1210.9000244140625,1219.530029296875,1210.9000244140625,1212.530029296875,0.9353730053621286,0.0,0.900398406374502,0,0.6756441512703169,91.69446888385143,심각,0.07585282189675434,0.017331532452141574,1.0
2019-08-07,1211.699951171875,1215.0999755859375,1205.800048828125,1212.22998046875,0.9562205286860015,0.0,0.900398406374502,0,0.6839329256039048,91.72987236858245,심각,0.07471550346597546,0.017639489564220106,1.0
2019-08-08,1206.1800537109375,1215.0899658203125,1206.1800537109375,1207.030029296875,0.9453025187128133,0.0,0.7689243027888446,1,0.6352393204290421,88.18236429128176,심각,0.07244576020181398,0.018132194704690536,1.0
2019-08-11,1213.4100341796875,1220.050048828125,1213.050048828125,1213.199951171875,0.8349060798131839,0.0,0.8605577689243028,0,0.6222592549845246,86.81815409402773,심각,0.07220040061239269,0.01772552767886497,1.0
2019-08-12,1217.8499755859375,1223.9100341796875,1205.800048828125,1217.6300048828125,0.7185247578994508,0.0,0.9442231075697212,0,0.604211614730531,84.9428923140348,심각,0.07275427661840551,0.017418956289658692,1.0
2019-08-13,1205.699951171875,1217.97998046875,1204.72998046875,1204.72998046875,0.8013729581426459,0.0,0.9243027888446215,1,0.6304311530886351,86.87702894318996,심각,0.07194766626821067,0.013783293124399684,0.0
2019-08-14,1215.6400146484375,1218.68994140625,1212.0,1215.6400146484375,0.8634536324417649,0.0,0.9760956175298805,0,0.6725861103784927,89.5747931800811,심각,0.08112406498068532,0.010438309695527859,0.0
2019-08-15,1212.010009765625,1215.1300048828125,1204.0999755859375,1211.5,0.85272606063419,0.0,0.9800796812749004,0,0.6696649527304275,89.01484546318484,심각,0.0861110810855584,0.010461391856118312,0.0
2019-08-18,1207.6800537109375,1212.050048828125,1207.489990234375,1207.489990234375,0.815760068513095,0.0,0.9840637450199203,1,0.6563116520661434,87.72789978007086,심각,0.0845350599527736,0.010057911876437434,0.0
2019-08-19,1210.469970703125,1212.8800048828125,1204.800048828125,1210.530029296875,0.7003874215751233,0.0,0.9920318725099602,0,0.6131286426778066,83.85773947650723,심각,0.08296750819568856,0.010187012729437004,0.0
2019-08-20,1205.25,1209.3599853515625,1198.0699462890625,1205.280029296875,0.4119285695027384,0.0,1.0,1,0.5011282264287995,70.50536197965398,경계,0.08103202704166428,0.009405135091476247,0.0
2019-08-21,1201.699951171875,1212.4300537109375,1200.800048828125,1201.3199462890625,0.2712602683372044,0.0,1.0,1,0.44519986572443065,61.872718782312106,경계,0.08036074662711279,0.010922887041411256,0.0
2019-08-22,1208.5799560546875,1217.68994140625,1205.239990234375,1208.56005859375,0.3941518878595857,0.0,0.9960159362549801,1,0.49271636764464777,69.17161043113418,경계,0.07895657475021625,0.010692009880946854,0.0
2019-08-25,1212.6600341796875,1219.47998046875,1211.0999755859375,1212.6500244140625,0.41151081409981644,0.0,0.9880478087649402,0,0.4969300663941237,69.69529951643898,경계,0.08003745123452555,0.010787317534943948,0.0
2019-08-26,1210.800048828125,1215.0799560546875,1209.800048828125,1210.72998046875,0.3897661886339627,0.0,0.9880478087649402,0,0.4882846128956517,68.33333541190278,경계,0.07870332022594752,0.010689354707258413,0.0
2019-08-27,1211.5999755859375,1215.280029296875,1210.760009765625,1210.760009765625,0.28240178082401823,0.0,0.9920318725099602,0,0.4469415806924275,61.791902124321716,경계,0.07655406941876348,0.010750227368933555,0.0
2019-08-28,1211.4000244140625,1216.6800537109375,1207.31005859375,1211.3699951171875,0.17641821680704245,0.0,0.9960159362549801,0,0.40614755867194985,54.90051351761517,주의,0.07422198672260621,0.010741383108542503,0.0
2019-08-29,1207.72998046875,1211.530029296875,1206.0799560546875,1207.1600341796875,0.11319868778377803,0.0,0.9800796812749004,1,0.3756359972597817,49.60165418537398,주의,0.07198753303269448,0.01271050317677497,0.0
2019-09-01,1209.469970703125,1214.4200439453125,1209.1199951171875,1209.1500244140625,0.10328121421840135,0.0,0.8605577689243028,1,0.3313722602299725,41.963513009854104,주의,0.07109523073518242,0.012720252768048702,0.0
2019-09-02,1213.72998046875,1216.5999755859375,1210.5,1212.77001953125,0.13790147766441527,0.0,0.5816733067729084,0,0.2510554379827366,29.26622221876698,정상,0.06922630382131297,0.012955412919872735,0.0
2019-09-03,1210.5,1211.5,1202.4000244140625,1210.47998046875,0.21400268580445822,0.0,0.14741035856573706,0,0.1348142008600935,15.733694596741485,정상,0.06811652442354768,0.012970745144982069,0.0
2019-09-04,1202.97998046875,1204.72998046875,1195.199951171875,1202.68994140625,0.3133544268881754,0.0,0.11952191235059761,1,0.16490734497742796,18.931283741373267,정상,0.0664490980267062,0.011719252772940869,0.0
2019-09-05,1196.8199462890625,1197.9300537109375,1188.300048828125,1196.0,0.41425874065044066,0.0,0.2868525896414343,1,0.2614748307400566,31.44362368235592,정상,0.069143412704768,0.010922756400395483,0.0
2019-09-08,1191.8199462890625,1194.6300048828125,1188.3499755859375,1191.6199951171875,0.3861829330525115,0.0,0.3545816733067729,1,0.2731605258231629,33.29060707650853,정상,0.07045856610905041,0.01030629065051737,0.0
2019-09-09,1191.949951171875,1193.25,1187.5999755859375,1190.8599853515625,0.3315335487700549,0.0,0.33067729083665337,1,0.24336832834744707,28.947794576592635,정상,0.0697859328104831,0.010287016091865522,0.0
2019-09-10,1188.5,1194.0999755859375,1187.969970703125,1189.5,0.3484563867651953,0.0,0.2948207171314741,0,0.23800049208352675,28.28754261964244,정상,0.06770543786874675,0.010253005499714694,0.0
2019-09-11,1187.699951171875,1189.800048828125,1176.0999755859375,1189.800048828125,0.5149681531450587,0.0,0.01195219123505976,1,0.2087784386550435,24.47879936505542,정상,0.0657930613032628,0.01076894378548555,0.0
2019-09-12,1180.5,1183.9200439453125,1174.4000244140625,1180.75,0.5386655576532786,0.0,0.00796812749003984,0,0.21685627677444952,25.66070564002641,정상,0.06379627832643527,0.007619161683572272,0.0
2019-09-15,1178.699951171875,1185.52001953125,1178.699951171875,1178.719970703125,0.5761359974701613,0.0,0.0199203187250996,0,0.23578622699780857,28.357808261813787,정상,0.06860948684340121,0.00790939533100689,0.0
2019-09-16,1182.199951171875,1191.010009765625,1182.199951171875,1183.2900390625,0.6957266246846446,0.0,0.01195219123505976,0,0.2806462646888548,35.168220556179094,정상,0.06685503755267806,0.007629029605305947,0.0
2019-09-17,1186.3499755859375,1192.1500244140625,1185.6500244140625,1185.6500244140625,0.7600738720665082,0.0,0.01593625498007968,0,0.3075741315377952,39.59937475092796,정상,0.06654194060486783,0.007980605021893255,0.0
2019-09-18,1190.72998046875,1196.9300537109375,1189.550048828125,1189.550048828125,0.6883728675739937,0.0,0.0199203187250996,0,0.2804105247499347,35.206835581060616,정상,0.06497833282674911,0.007439718767711553,0.0
2019-09-19,1193.280029296875,1194.6500244140625,1186.0,1193.8599853515625,0.47307365044211164,0.0,0.07569721115537849,1,0.21362593225229254,25.506905259488494,정상,0.06427995395263503,0.007120547187157925,0.0
2019-09-22,1193.030029296875,1198.9599609375,1190.010009765625,1193.1300048828125,0.44932045919091523,0.0,0.055776892430278883,1,0.1974617848355182,23.556902816608844,정상,0.06388870130364684,0.010192135826653594,0.0
2019-09-23,1194.050048828125,1196.3599853515625,1191.3599853515625,1193.010009765625,0.3379388412949256,0.0,0.07569721115537849,1,0.15989763463955592,19.342520884804408,정상,0.06198803508415423,0.010846478523459296,0.0
2019-09-24,1193.699951171875,1201.3499755859375,1193.699951171875,1193.93994140625,0.3649509793292705,0.0,0.0796812749003984,1,0.1719814218683986,20.863299283324498,정상,0.060100902265560335,0.011035976453250248,0.0
2019-09-25,1197.800048828125,1202.1600341796875,1196.300048828125,1197.8900146484375,0.29487608178550656,0.0,0.11952191235059761,1,0.15756053306913795,19.440092215664077,정상,0.05834870195445656,0.010613472654018465,0.0
2019-09-26,1198.75,1202.050048828125,1195.9000244140625,1198.6300048828125,0.20862989373770804,0.0,0.21115537848605578,1,0.15418237458980635,19.26322510364073,정상,0.05801077948757493,0.01252639945244315,0.0
2019-09-29,1201.52001953125,1202.530029296875,1194.5,1201.9100341796875,0.2099841454818796,0.0,0.16733067729083664,1,0.13993657548247534,17.97846617948808,정상,0.05629477651951776,0.01333629648041772,0.0
2019-09-30,1197.25,1203.6300048828125,1196.010009765625,1198.0,0.3520354117179885,0.0,0.18326693227091634,1,0.20179087578649735,25.264179490677126,정상,0.05560458874251852,0.012933092162950436,0.0
2019-10-01,1201.68994140625,1207.699951171875,1200.0,1201.68994140625,0.33942430288626985,0.0,0.22310756972111553,1,0.21021703551130289,26.48697736273623,정상,0.05537958331521012,0.012637452715385597,0.0
2019-10-02,1203.5699462890625,1206.239990234375,1200.0999755859375,1203.5699462890625,0.3539774119458697,0.0,0.27091633466135456,1,0.23213146945459792,29.616647880709923,정상,0.05500805427329862,0.012563390689368056,0.0
2019-10-03,1200.300048828125,1202.300048828125,1191.5,1200.0799560546875,0.5409422072312193,0.0,0.08366533864541832,1,0.2432978592855657,31.320548476286042,정상,0.05367757581831241,0.013797809707551489,0.0
2019-10-06,1191.31005859375,1198.219970703125,1191.300048828125,1191.3299560546875,0.6036099110980523,0.0,0.03187250996015936,1,0.2507416547604842,32.502361840492696,정상,0.053253240527375505,0.011717551230588473,0.0
2019-10-07,1195.800048828125,1199.280029296875,1191.7900390625,1195.760009765625,0.6252478920245249,0.0,0.26693227091633465,1,0.3386419761742975,46.940198551295055,주의,0.05895296750352923,0.012484337521529162,0.0
2019-10-08,1198.3900146484375,1199.81005859375,1195.300048828125,1198.3699951171875,0.5678476549185426,0.0,0.3187250996015936,1,0.33329247471272927,46.0280981683838,주의,0.058951056940324084,0.012293053758446571,0.0
2019-10-09,1197.0999755859375,1200.97998046875,1189.300048828125,1196.780029296875,0.6939058523812452,0.0,0.350597609561753,1,0.39416417103988166,56.54288845757532,주의,0.05778054137583481,0.01229361451341243,0.0
2019-10-10,1189.030029296875,1191.9300537109375,1177.2900390625,1188.81005859375,0.8144047449006673,0.0,0.3346613545816733,0,0.4366972832531189,63.59275398852472,경계,0.05625768416607098,0.011025406720529905,0.0
2019-10-13,1182.1700439453125,1186.6099853515625,1180.31005859375,1182.489990234375,0.734314238500794,0.0,0.29880478087649404,0,0.3927578763261209,56.224794383834585,주의,0.06041591489534606,0.010084798350189916,0.0
2019-10-14,1183.449951171875,1186.760009765625,1181.3599853515625,1182.300048828125,0.6779580076610716,0.0,0.5179282868525896,0,0.4442723648757575,64.76355851983944,경계,0.062134512848886145,0.010665056857051098,0.0
2019-10-15,1184.72998046875,1190.3199462890625,1182.4000244140625,1183.9300537109375,0.7176728242206828,0.0,0.4262948207171315,0,0.42915009854653263,62.27077811928188,경계,0.06024488365464557,0.010611094257817259,0.0
2019-10-16,1185.4000244140625,1187.0999755859375,1174.8800048828125,1184.8299560546875,0.7713034255778988,0.0,0.4063745019920319,0,0.44375300120298256,64.60066931073897,경계,0.05865474270669049,0.01072921316129611,0.0
2019-10-17,1178.300048828125,1182.18994140625,1177.2099609375,1177.27001953125,0.5450251843974161,0.0,0.4103585657370518,0,0.35513097500906243,49.45401329358488,주의,0.05694457858743313,0.009562488729955763,0.0
2019-10-20,1178.1099853515625,1179.02001953125,1168.3399658203125,1178.0799560546875,0.5797939075494488,0.0,0.6095617529880478,0,0.4361557594312909,63.36252531702563,경계,0.0605610661818712,0.010371053814773988,0.0
2019-10-21,1170.0799560546875,1173.989990234375,1167.6600341796875,1171.4000244140625,0.6599265456181581,0.0,0.5776892430278885,0,0.45726355192988066,66.69331633968554,경계,0.05877700032746115,0.008840435040620967,0.0
2019-10-22,1172.010009765625,1176.22998046875,1169.8900146484375,1171.260009765625,0.6216857157304578,0.0,0.7808764940239044,0,0.5106044632743907,74.38321294176968,경계,0.06112565394196882,0.01052114264837239,0.0
2019-10-23,1170.6099853515625,1174.199951171875,1166.989990234375,1169.699951171875,0.44054340590832264,0.0,0.8167330677290837,0,0.4506802203781806,65.47474388135757,경계,0.05926534298087856,0.011255589262830122,0.0
2019-10-24,1173.0,1175.75,1170.469970703125,1174.25,0.4340868667320961,0.0,0.7370517928286853,0,0.4212327325465344,60.59131349694664,경계,0.0576931365984298,0.010641665056755605,0.0
2019-10-28,1170.8199462890625,1170.97998046875,1166.52001953125,1170.8199462890625,0.2890625582932427,0.0,0.8565737051792829,0,0.40389311046622806,57.59804372595414,주의,0.057936950437556756,0.010231688887786576,0.0
2019-10-29,1166.530029296875,1169.22998046875,1162.030029296875,1166.760009765625,0.20751801250630564,0.0,0.8645418326693227,0,0.3741598280415557,52.36293319460764,주의,0.05731212251366625,0.010651401614670297,0.0
2019-10-30,1166.8699951171875,1169.510009765625,1162.6099853515625,1165.75,0.21576054511052928,0.0,0.8605577689243028,0,0.3760929580545535,52.70000244015635,주의,0.0571842446676862,0.01065435872111623,0.0
2019-10-31,1163.3599853515625,1169.5999755859375,1158.5,1163.699951171875,0.2880222935854292,0.0,0.7649402390438247,0,0.3725670166451356,52.066438097358336,주의,0.05554435744099755,0.011318450967219944,0.0
2019-11-01,1168.300048828125,1170.4000244140625,1162.4300537109375,1168.550048828125,0.38744532478673865,0.0,0.7410358565737052,0,0.4040325265304352,57.623160367386106,주의,0.05428542081334592,0.010715295066412193,0.0
2019-11-04,1163.800048828125,1163.8399658203125,1157.3499755859375,1163.800048828125,0.4935057518219632,0.0,0.7649402390438247,0,0.4542652590765286,66.0536443032803,경계,0.05506040285315577,0.01086630348262453,0.0
2019-11-05,1159.81005859375,1161.81005859375,1152.31005859375,1161.81005859375,0.5801248254501521,0.0,0.5139442231075697,0,0.4040308130947828,57.53544753075867,주의,0.05568301612703369,0.011112155740205944,0.0
2019-11-06,1156.1300048828125,1160.2900390625,1154.8599853515625,1155.199951171875,0.6048620897813732,0.0,0.41832669322709165,1,0.3816095948571552,53.54003706953555,주의,0.054395272750551046,0.009536089471383648,0.0
2019-11-07,1159.800048828125,1162.280029296875,1151.9200439453125,1160.0799560546875,0.6946368114433502,0.0,0.5976095617529881,1,0.4777841265869183,69.70049408536178,경계,0.05721497357036959,0.008805578207293894,0.0
2019-11-08,1157.0999755859375,1159.489990234375,1153.0,1158.5999755859375,0.6518006974472793,0.0,0.6932270916334662,1,0.4930094166445454,71.88855335441883,경계,0.05784312370797556,0.010549495976250784,0.0
2019-11-11,1158.47998046875,1166.5899658203125,1158.47998046875,1158.5999755859375,0.6793958176601055,0.0,0.3944223107569721,1,0.4031793576382976,57.17032583730949,주의,0.05630024361504906,0.011152748223021475,0.0
2019-11-12,1164.56005859375,1165.1400146484375,1158.9200439453125,1163.9000244140625,0.6442649263685066,0.0,0.26693227091633465,0,0.34620296573274806,46.91165952104303,주의,0.054585111388061124,0.011823746167799335,0.0
2019-11-13,1164.1500244140625,1171.5400390625,1163.949951171875,1164.949951171875,0.570949076765357,0.0,0.44223107569721115,0,0.37619023678046615,52.3444172735273,주의,0.05581869585826298,0.011790428653001781,0.0
2019-11-14,1169.8599853515625,1172.1500244140625,1167.1500244140625,1169.8599853515625,0.47253525990490436,0.0,0.4701195219123506,0,0.3464700022940682,46.94917869001956,주의,0.05423168710188789,0.011262831324289046,0.0
2019-11-15,1167.27001953125,1169.31005859375,1161.739990234375,1167.52001953125,0.49297399150626664,0.0,0.6175298804780877,0,0.4043250406396778,57.42281818405299,주의,0.05506436021161549,0.011171863409139827,0.0
2019-11-18,1162.6300048828125,1167.52001953125,1161.4599609375,1162.3299560546875,0.5522304639892711,0.0,0.3107569721115538,0,0.3243951871177042,42.935235504291654,주의,0.05395157709184809,0.01092085227904892,0.0
2019-11-19,1165.1300048828125,1170.1300048828125,1164.8399658203125,1165.68994140625,0.46683214012472246,0.0,0.5378486055776892,0,0.3670508624131462,50.69825431771153,주의,0.05510219266466466,0.010713607314565662,0.0
2019-11-20,1168.3499755859375,1171.0799560546875,1165.8199462890625,1165.8199462890625,0.3913199171313289,0.0,0.3705179282868526,0,0.2805790271971774,35.317239525847654,정상,0.054589926448931306,0.011191831193739838,0.0
2019-11-21,1169.7099609375,1178.6800537109375,1168.260009765625,1168.260009765625,0.523073961620701,0.0,0.3386454183266932,0,0.32221099333289804,42.5982137939312,주의,0.05292867378147156,0.0111020779776671,0.0
2019-11-22,1175.050048828125,1180.1400146484375,1173.280029296875,1175.22998046875,0.520236630051707,0.0,0.3665338645418327,0,0.3304910481792487,44.11017140191797,주의,0.05195627980758551,0.009456369178989628,0.0
2019-11-25,1179.6199951171875,1179.6700439453125,1172.0,1179.489990234375,0.35143645070607465,0.0,0.6812749003984063,0,0.3695554227042872,51.290943853020906,주의,0.0554299838079533,0.00887765037245648,0.0
2019-11-26,1173.0,1178.260009765625,1170.239990234375,1172.4100341796875,0.6518069298779526,0.0,0.5976095617529881,0,0.4607553784946518,67.35160710782218,경계,0.055552534267658805,0.006873819860740128,0.0
2019-11-27,1173.02001953125,1178.4200439453125,1172.550048828125,1172.5999755859375,0.6807147027494254,0.0,0.7131474103585658,0,0.5112254539851913,74.88891387189001,경계,0.05872811315127733,0.006879731714470006,0.0
2019-11-28,1177.1300048828125,1180.3900146484375,1175.3599853515625,1175.3599853515625,0.5609693599270626,0.0,0.7250996015936255,0,0.46764792436403113,68.29359741974129,경계,0.05694250248039578,0.006536317593357234,0.0
2019-11-29,1177.010009765625,1182.0799560546875,1177.010009765625,1177.010009765625,0.480044339604146,0.0,0.7410358565737052,0,0.4408490023012116,63.80747255745056,경계,0.05595955673359682,0.01681788819971604,1.0
2019-12-02,1178.050048828125,1186.5899658203125,1177.0999755859375,1181.469970703125,0.4301633818060251,0.0,0.6733067729083665,0,0.3981684486871456,56.2082467828712,주의,0.05452834253810484,0.016578312413251278,1.0
2019-12-03,1184.6199951171875,1193.2900390625,1182.760009765625,1183.7900390625,0.35538407173697667,0.0,0.6693227091633466,0,0.36709289426378233,50.46063656704174,주의,0.054874555419382964,0.017022641825339063,1.0
2019-12-04,1187.7900390625,1195.68994140625,1187.6300048828125,1187.6300048828125,0.436696336286441,0.0,0.649402390438247,0,0.39270175939425866,55.202606827409184,주의,0.053746951782133325,0.01718767221665154,1.0
2019-12-05,1190.3800048828125,1192.5699462890625,1187.02001953125,1189.4599609375,0.45730385028905757,0.0,0.4581673306772908,0,0.3363820761265427,44.734974008113795,주의,0.053609620593664045,0.01717234064272492,1.0
2019-12-06,1187.8199462890625,1191.969970703125,1185.780029296875,1187.97998046875,0.5092875033165675,0.0,0.27091633466135456,0,0.29388126481885124,37.096434454929515,정상,0.052320117965743124,0.017360709151519993,1.0
2019-12-09,1185.02001953125,1192.030029296875,1185.0,1186.1099853515625,0.5595484934840868,0.0,0.26693227091633465,0,0.3125205285618341,40.434719710264126,주의,0.050956728768899916,0.017355514107658933,1.0
2019-12-10,1187.5,1193.8599853515625,1187.5,1188.6800537109375,0.4175605981297578,0.0,0.3784860557768924,0,0.2937001120486144,37.11446311080086,정상,0.049782687769824766,0.017330759129964898,1.0
2019-12-11,1189.3499755859375,1195.010009765625,1188.8800048828125,1189.0699462890625,0.29231901446750697,0.0,0.2589641434262948,0,0.20358462040197572,23.165754270075116,정상,0.04899441348758031,0.017336965063206356,1.0
2019-12-12,1188.6600341796875,1191.25,1174.4599609375,1187.9300537109375,0.6284776721653305,0.0,0.20717131474103587,0,0.31976578306270975,41.944526701318054,주의,0.04751896024270289,0.017441713505849943,1.0
2019-12-13,1169.0,1179.97998046875,1167.8499755859375,1169.5899658203125,0.9047407188252082,0.18465125258471218,0.099601593625498,0,0.44226043252541547,64.46523595912142,경계,0.04622204042432202,0.00798051064850514,0.0
2019-12-16,1174.0999755859375,1174.52001953125,1167.22998046875,1172.530029296875,0.9306014879636404,0.15117965908547407,0.9203187250996016,0,0.7205388663309567,93.38983138264949,심각,0.07529028992108924,0.007588542483675042,0.0
2019-12-17,1167.300048828125,1169.449951171875,1161.6300048828125,1167.4599609375,0.9143207190443613,0.12377543613312275,0.9083665338645418,0,0.7027699550795155,92.25912324730562,심각,0.07364654279741699,0.007264794545453763,0.0
2019-12-18,1162.68994140625,1168.510009765625,1162.68994140625,1162.780029296875,0.8910590141425196,0.10133875603782722,0.8924302788844621,0,0.6821981675698829,90.85512068949879,심각,0.07336426544374997,0.006458343412327946,0.0
2019-12-19,1166.4599609375,1166.989990234375,1161.449951171875,1164.3599853515625,0.8530061426786961,0.08296915604683616,0.9243027888446215,0,0.6729518340852623,90.03800153413091,심각,0.07282390275873386,0.006316864711660398,0.0
2019-12-20,1162.93994140625,1165.43994140625,1156.3399658203125,1161.06005859375,0.29916579995610604,0.06792939961247077,0.9840637450199203,0,0.4689241331395617,67.32009535084912,경계,0.07080253711463178,0.006278618683941284,0.0
2019-12-23,1160.3299560546875,1164.2900390625,1159.050048828125,1159.300048828125,0.21754612851854754,0.05561588850085336,0.9641434262948207,1,0.42648900872754003,60.2121016637233,경계,0.06952705324383582,0.009655279468746347,0.0
2019-12-24,1161.530029296875,1165.510009765625,1158.8199462890625,1161.5699462890625,0.190400343733964,0.04553443827540474,0.952191235059761,0,0.40899185020425327,57.11916192057651,주의,0.06766658425811843,0.0095503609719129,0.0
2019-12-25,1161.300048828125,1162.22998046875,1159.739990234375,1162.22998046875,0.11142223263816074,0.037280444940205,0.8685258964143426,0,0.34717865741380005,45.95084337522667,주의,0.06604463060231351,0.009568886621828908,0.0
2019-12-26,1159.75,1163.6500244140625,1159.1500244140625,1159.75,0.10538632404463799,0.030522646760976282,0.8406374501992032,1,0.33357946419026774,43.516224238368714,주의,0.06407073295543658,0.010342265088251383,0.0
2019-12-27,1160.1099853515625,1161.8900146484375,1156.3900146484375,1161.199951171875,0.08210222875887066,0.024989829568547332,0.8247011952191236,0,0.317479316454051,40.67415703831661,주의,0.06267173344740616,0.010688951538010312,0.0
2019-12-30,1158.7099609375,1160.6800537109375,1153.9100341796875,1160.6800537109375,0.10662353917558269,0.02045994198194718,0.7928286852589641,0,0.3152758879957598,40.30793701624923,주의,0.06095642282862454,0.010706599292677395,0.0
2019-12-31,1156.3399658203125,1158.18994140625,1151.739990234375,1156.3499755859375,0.11507138748563289,0.016751183706811428,0.6932270916334662,1,0.2840510890881059,34.98716149247433,정상,0.059125093010201406,0.010361397882336662,0.0
2020-01-01,1154.4000244140625,1154.4000244140625,1145.449951171875,1153.75,0.22647163146576071,0.013714709251225343,0.6972111553784861,1,0.3288819252107792,42.794126022812954,주의,0.05913757598223865,0.010465960865583657,0.0
2020-01-02,1153.9599609375,1160.18994140625,1145.199951171875,1153.969970703125,0.4050560836102627,0.011228654233501289,0.6215139442231076,1,0.3736900191629242,50.970499575018394,주의,0.05800024455008937,0.010466826996964385,0.0
2020-01-03,1157.550048828125,1168.0699462890625,1155.31005859375,1157.1500244140625,0.5774020281409256,0.009193244536646779,0.5258964143426295,1,0.40941708325361925,57.349769062221576,주의,0.056238209211891065,0.010243801729064611,0.0
2020-01-06,1167.4000244140625,1172.489990234375,1165.6400146484375,1165.8499755859375,0.6922661017377654,0.00752679202271886,0.5219123505976095,0,0.4533001999828812,64.89136585307158,경계,0.055565098002992794,0.0071211579977349775,0.0
2020-01-07,1166.52001953125,1168.010009765625,1161.949951171875,1167.4200439453125,0.6279212480198573,0.006162416101021958,0.8127490039840638,0,0.5254692343425489,75.78633818701243,경계,0.06124160684842634,0.007395609989020286,0.0
2020-01-08,1166.530029296875,1178.8399658203125,1162.4000244140625,1166.4599609375,0.6730091545171146,0.00504535957516959,0.7768924302788844,0,0.5310034705726179,76.36848575382162,경계,0.059606104900771686,0.012093038699392922,0.0
2020-01-09,1161.3399658203125,1162.5899658203125,1156.510009765625,1161.260009765625,0.6998710843390892,0.004130791044527803,0.7529880478087649,0,0.5333769701784936,76.52587614427478,경계,0.05787874490503464,0.012030565774238078,0.0
2020-01-10,1158.5799560546875,1163.6400146484375,1156.199951171875,1157.81005859375,0.7993689609582315,0.0,0.7848605577689243,1,0.582593630471705,82.26971274032378,심각,0.05874328683814379,0.012120416946718466,0.0
2020-01-13,1156.9300537109375,1157.7900390625,1152.3800048828125,1156.9300537109375,0.528607012057503,0.0,0.01195219123505976,1,0.2142011174997503,23.113854687344762,정상,0.05811690735686322,0.01216907688454972,0.0
2020-01-14,1153.25,1159.1400146484375,1149.8699951171875,1153.93994140625,0.5539466375265505,0.0,0.01195219123505976,1,0.22427590834888964,24.503053822948466,정상,0.05642394664875482,0.013533355315438683,0.0
2020-01-15,1156.1300048828125,1162.18994140625,1154.27001953125,1157.050048828125,0.325605726721179,0.0,0.05179282868525897,1,0.14692997813236336,15.64789319902532,정상,0.05562285193826034,0.013425753511759893,0.0
2020-01-16,1159.739990234375,1161.0400390625,1155.8499755859375,1156.780029296875,0.30233954866020424,0.0,0.06772908366533864,1,0.14305565600501471,15.47138196307756,정상,0.05493456198631741,0.013807029197894945,0.0
2020-01-17,1159.6700439453125,1161.1099853515625,1154.550048828125,1158.77001953125,0.2883126798606634,0.0,0.07569721115537849,1,0.14016675117774086,15.386878718269301,정상,0.05326876550085844,0.015688028283416058,1.0
2020-01-20,1159.800048828125,1160.43994140625,1155.2900390625,1160.3599853515625,0.2820124119830716,0.0,0.0796812749003984,1,0.1390058468994279,15.464676016268907,정상,0.052076641832278135,0.01692860290957749,1.0
2020-01-21,1158.5699462890625,1169.3900146484375,1157.5699462890625,1157.5699462890625,0.3789244237130704,0.0,0.06374501992031872,1,0.17216104265421983,19.04608248230531,정상,0.05077091133576566,0.01738233638164237,1.0
2020-01-22,1168.719970703125,1168.739990234375,1161.3900146484375,1168.739990234375,0.5436657386622971,0.18465125258471218,0.06374501992031872,0,0.286604307114318,35.01714132627342,정상,0.05010638826676831,0.01560700811123224,1.0
2020-01-23,1165.18994140625,1170.0999755859375,1163.699951171875,1163.72998046875,0.6503137721994513,0.15117965908547407,0.3944223107569721,0,0.43168833353804265,60.527436748272,경계,0.06127339899118804,0.015026985307375944,1.0
2020-01-24,1168.199951171875,1169.4200439453125,1164.6400146484375,1167.5999755859375,0.6365026584228004,0.12377543613312275,0.4701195219123506,0,0.44446980646297507,62.63550767030315,경계,0.061710601287485525,0.014670831185392657,1.0
2020-01-27,1169.239990234375,1179.2099609375,1169.1500244140625,1169.1500244140625,0.7111095800011059,0.10133875603782722,0.4860557768924303,0,0.4735618135645391,67.31890081947766,경계,0.06120755117370795,0.015704814157287608,1.0
2020-01-28,1176.449951171875,1181.1700439453125,1173.8599853515625,1176.72998046875,0.5435964367232633,0.08296915604683616,0.549800796812749,0,0.4235954958512657,58.85706832326836,주의,0.059566723103658646,0.015032919586097296,1.0
2020-01-29,1172.75,1179.8499755859375,1172.550048828125,1174.280029296875,0.4581351623135079,0.06792939961247077,0.749003984063745,0,0.45283155062174674,63.72839567750862,경계,0.062982135402199,0.015455305257475719,1.0
2020-01-30,1178.77001953125,1192.3900146484375,1177.8199462890625,1178.0799560546875,0.6182002011041672,0.05561588850085336,0.701195219123506,0,0.497079786974873,70.60896696693753,경계,0.061598880886753075,0.01529397919998323,1.0
2020-01-31,1186.489990234375,1197.8399658203125,1183.260009765625,1187.1199951171875,0.7667298258965246,0.04553443827540474,0.6653386454183267,0,0.5413653490163538,76.63225455203533,경계,0.06102929128500014,0.014044544787562226,0.0
2020-02-03,1194.4000244140625,1198.75,1190.280029296875,1194.8699951171875,0.7247872207968067,0.037280444940205,0.8207171314741036,1,0.5749184067018558,80.50407361186518,심각,0.06621653210241035,0.012493799636943078,0.0
2020-02-04,1190.5400390625,1193.739990234375,1183.6700439453125,1189.3599853515625,0.7846892669641212,0.030522646760976282,0.7131474103585658,0,0.5606550786577991,78.64827444958173,경계,0.06900568720473028,0.011688890233630882,0.0
2020-02-05,1182.489990234375,1192.239990234375,1179.5400390625,1182.47998046875,0.8615371646978751,0.024989829568547332,0.7410358565737052,0,0.5991506827662851,82.72371876731731,심각,0.0692754797526439,0.011382547052228912,0.0
2020-02-06,1182.25,1184.8299560546875,1177.1099853515625,1183.4599609375,0.7506326691111109,0.02045994198194718,0.8167330677290837,0,0.5793918397672753,80.40263270578903,심각,0.07085219183869676,0.011416597813398814,0.0
2020-02-07,1185.8599853515625,1195.5699462890625,1184.06005859375,1184.25,0.6064958977018715,0.016751183706811428,0.7888446215139442,0,0.5116932538325547,71.50440095491054,경계,0.06876923239866765,0.015754882864869393,1.0
2020-02-10,1191.6700439453125,1192.2099609375,1184.7900390625,1191.0899658203125,0.6014879266047642,0.013714709251225343,0.7211155378486056,1,0.4860489185692185,67.48554316329026,경계,0.06672472223229342,0.014708527994700299,1.0
2020-02-11,1186.050048828125,1186.8800048828125,1179.8199462890625,1185.6300048828125,0.5879045381469998,0.011228654233501289,0.8645418326693227,0,0.5283741140569767,73.60754374704635,경계,0.0684584306868046,0.017069194489278072,1.0
2020-02-12,1180.550048828125,1183.5899658203125,1175.3599853515625,1180.719970703125,0.4373943869952219,0.009193244536646779,0.9123505976095617,0,0.4841214805267021,66.85782401386071,경계,0.0687353171833843,0.01675212905864816,1.0
2020-02-13,1178.3800048828125,1183.9300537109375,1177.760009765625,1177.9599609375,0.4289489595039445,0.00752679202271886,0.9402390438247012,0,0.48973010018339297,67.61172108520296,경계,0.06856720121592272,0.016795049552832484,1.0
2020-02-14,1183.3800048828125,1184.93994140625,1179.6500244140625,1183.469970703125,0.34734903378783816,0.006162416101021958,0.9482071713147411,0,0.4596131574220951,62.55642981386366,경계,0.06709832949996108,0.016133737302170964,1.0
2020-02-17,1180.8900146484375,1184.219970703125,1178.449951171875,1182.1800537109375,0.18981502685874016,0.00504535957516959,0.9681274900398407,0,0.40340317491696015,52.57451423273503,주의,0.06753766841856919,0.018589071560437934,1.0
2020-02-18,1184.77001953125,1191.5999755859375,1183.81005859375,1183.81005859375,0.22366848503829354,0.004130791044527803,0.9561752988047809,0,0.41258850332261643,54.18259409427213,주의,0.06561736285117122,0.02101486741631504,1.0
2020-02-19,1190.050048828125,1193.3900146484375,1186.6099853515625,1189.9300537109375,0.22257880284207715,0.0,0.9362549800796812,1,0.40434024019300746,52.666106694480476,주의,0.06384360130347781,0.020437853813021514,1.0
2020-02-20,1191.780029296875,1207.1099853515625,1190.469970703125,1191.3699951171875,0.42993568430046813,0.0,0.398406374501992,1,0.30534043455387017,35.289628665222224,정상,0.06506509682675439,0.020525147063492278,1.0
2020-02-21,1204.3199462890625,1214.5,1202.550048828125,1204.4000244140625,0.6155966845900708,0.0,0.2908366533864542,1,0.34286887814810907,41.70817866791122,주의,0.06325798858772395,0.0176968227580535,1.0
2020-02-24,1214.550048828125,1222.5400390625,1205.77001953125,1205.77001953125,0.6413082774260064,0.0,0.7569721115537849,1,0.5103420756453516,70.49153982131894,경계,0.07450182646699838,0.017661331215108007,1.0
2020-02-25,1217.0400390625,1217.6500244140625,1208.030029296875,1217.6500244140625,0.621331034997516,0.0,0.7330677290836654,0,0.49433518758145367,67.9005338632507,경계,0.07236734185614847,0.017923733264685073,1.0
2020-02-26,1212.3900146484375,1219.8699951171875,1211.8699951171875,1214.550048828125,0.793473652572421,0.0,0.7689243027888446,0,0.57487362666238,78.92465528110687,경계,0.07985137319488879,0.021876191788661573,1.0
2020-02-27,1213.1400146484375,1218.050048828125,1208.219970703125,1211.3599853515625,0.732564144361169,0.0,0.7768924302788844,0,0.5533446362858716,76.05201458063375,경계,0.0780507319670705,0.022074004189845602,1.0
2020-02-28,1212.3299560546875,1218.030029296875,1201.18994140625,1211.31005859375,0.7056195882535087,0.0,0.7330677290836654,0,0.527847503936246,72.40369249689192,경계,0.07636088569851002,0.027956261752960804,1.0
2020-03-02,1199.3199462890625,1206.47998046875,1188.010009765625,1200.0999755859375,0.7409994263228956,0.0,0.4342629482071713,1,0.4411125737163416,58.36873431786144,주의,0.07403479896910975,0.026373803487696173,1.0
2020-03-03,1189.25,1195.9000244140625,1177.4100341796875,1188.280029296875,0.5828234240233736,0.0,0.5896414342629482,0,0.43064015845944437,56.48111201276236,주의,0.08036999742910843,0.030000348561758667,1.0
2020-03-04,1186.3399658203125,1188.3599853515625,1180.010009765625,1186.3399658203125,0.6287218117004988,0.0,0.8406374501992032,0,0.5335622697794475,72.9940719701471,경계,0.0869084363573302,0.030340755321639847,1.0
2020-03-05,1185.06005859375,1188.780029296875,1179.199951171875,1183.6800537109375,0.6255766826546975,0.0,0.6533864541832669,0,0.4691427860811625,62.91570582060029,경계,0.0845000676926641,0.033308216855173794,1.0
2020-03-06,1187.780029296875,1193.8499755859375,1166.280029296875,1187.469970703125,0.7972466111745078,0.0,0.5776892430278885,0,0.5118606864281883,69.63894166206467,경계,0.08238947782276446,0.03317683139065196,1.0
2020-03-09,1187.5999755859375,1206.199951171875,1187.5999755859375,1187.699951171875,0.7846810901187619,0.0,0.6215139442231076,0,0.5216489929176644,70.9706802196882,경계,0.08084091487388785,0.03325826039871242,1.0
2020-03-10,1198.0,1199.9599609375,1189.1400146484375,1199.9599609375,0.7097326675166283,0.0,0.4581673306772908,1,0.43674534080738403,57.01035971518752,주의,0.0783817921098605,0.03242791038057545,1.0
2020-03-11,1184.0,1197.3599853515625,1181.3599853515625,1184.699951171875,0.8411009827045072,0.0,0.7091633466135459,0,0.5736494714991327,77.80645543737391,경계,0.08584695100693047,0.04058659554738533,1.0
2020-03-12,1190.3499755859375,1211.6600341796875,1189.3900146484375,1189.3900146484375,0.8908245554511744,0.0,0.8884462151394422,0,0.653900052455339,85.94535543892573,심각,0.09697554705559726,0.04044412533132693,1.0
2020-03-13,1209.93994140625,1225.9100341796875,1204.3499755859375,1209.969970703125,0.871471108503811,0.0,0.8884462151394422,1,0.646205308488315,85.11109367537983,심각,0.09526823241286003,0.03975607322769876,1.0
2020-03-16,1214.8900146484375,1231.1500244140625,1210.800048828125,1210.800048828125,0.8378472894901102,0.0,0.9163346613545816,0,0.6422449526638785,84.58581550677363,심각,0.11393497351072668,0.0397528428073365,1.0
2020-03-17,1232.02001953125,1246.4599609375,1232.02001953125,1232.0400390625,0.8582768549391105,0.0,0.8884462151394422,0,0.6409594004445185,84.28230393669101,심각,0.11049623837143517,0.03688621920526384,1.0
2020-03-18,1237.97998046875,1261.5,1233.030029296875,1237.989990234375,0.698578928306036,0.0,0.9442231075697212,0,0.5962813451331491,79.54090476422769,경계,0.12668598124816594,0.03690400517985904,1.0
2020-03-19,1253.969970703125,1291.760009765625,1246.949951171875,1255.3499755859375,0.7677987624643804,0.0,0.9203187250996016,1,0.6157383549893181,81.45265166370467,심각,0.12424701179498673,0.03722020731774341,1.0
2020-03-20,1256.6500244140625,1263.8599853515625,1194.4599609375,1256.8800048828125,0.9267215195986526,0.0,0.8605577689243028,1,0.6587641888751327,85.31359595957831,심각,0.13207219351467014,0.037747199975184165,1.0
2020-03-23,1272.1500244140625,1280.9000244140625,1249.75,1253.949951171875,0.9166972674060732,0.0,0.8326693227091634,1,0.645370492292253,83.89606429294494,심각,0.12813630911024798,0.03836974889602235,1.0
2020-03-24,1261.449951171875,1262.9300537109375,1236.949951171875,1262.9300537109375,0.9137194300707254,0.0,0.8167330677290837,0,0.638810446852389,83.07135250690273,심각,0.12456380389593691,0.03908995367231683,1.0
2020-03-25,1232.5,1236.9599609375,1224.9000244140625,1228.5999755859375,0.9297116492133887,0.18465125258471218,0.8047808764940239,0,0.6900804400329899,87.20812960254379,심각,0.12391572116328635,0.02844891101949662,1.0
2020-03-26,1223.0,1233.760009765625,1214.5999755859375,1231.0799560546875,0.8623886759383066,0.15117965908547407,0.8884462151394422,0,0.6826659377078184,86.39031790111062,심각,0.1609893134491627,0.02838109765452634,1.0
2020-03-27,1213.0,1226.4300537109375,1205.1800537109375,1212.18994140625,0.4460300727443754,0.12377543613312275,0.9840637450199203,0,0.542118516337962,70.97717396035162,경계,0.15628175832675867,0.02418809742036111,1.0
2020-03-29,1211.739990234375,1226.31005859375,1211.6300048828125,1211.6300048828125,0.3194613855905747,0.10133875603782722,0.9960159362549801,0,0.48988101894530844,63.158901240810685,경계,0.16301503732789843,0.024216704731455863,1.0
2020-03-30,1223.0,1224.1300048828125,1212.739990234375,1222.699951171875,0.2770118602922571,0.08296915604683616,0.9920318725099602,0,0.4667904247343827,59.39856518715231,주의,0.15805915322438274,0.02256756824841989,1.0
2020-03-31,1218.6600341796875,1232.4100341796875,1216.43994140625,1216.6600341796875,0.1737237327290822,0.06792939961247077,1.0,0,0.42442566230763934,52.391703336657294,주의,0.15727181830761996,0.022053166400883978,1.0
2020-04-01,1236.56005859375,1242.9100341796875,1224.5999755859375,1234.72998046875,0.2505223464075345,0.05561588850085336,0.9840637450199203,0,0.4463201426388576,56.02255429903976,주의,0.15369172283239776,0.01840572582122234,1.0
2020-04-02,1225.6300048828125,1239.5,1223.8599853515625,1226.8499755859375,0.1837989325665132,0.04553443827540474,1.0,0,0.4224954508042631,52.075626893801385,주의,0.15965665218962033,0.017576530321170576,1.0
2020-04-05,1236.550048828125,1238.4599609375,1223.8800048828125,1235.800048828125,0.1800513623795967,0.037280444940205,0.9920318725099602,0,0.4161296045480733,51.04880906956946,주의,0.15678206222123983,0.01851960497357816,1.0
2020-04-06,1222.9100341796875,1224.719970703125,1207.780029296875,1223.0999755859375,0.2334755323869738,0.030522646760976282,0.9800796812749004,0,0.4315472514844436,53.691255656318205,주의,0.15461120506690487,0.015547214387172527,0.0
2020-04-07,1214.800048828125,1222.3599853515625,1214.3199462890625,1215.31005859375,0.23110188632782885,0.024989829568547332,0.9641434262948207,0,0.4237608968142334,52.42377422683179,주의,0.15518948924231868,0.017587400461961236,1.0
2020-04-08,1213.510009765625,1221.3699951171875,1208.0799560546875,1214.75,0.12894618226476642,0.02045994198194718,0.9601593625498008,0,0.3806000589124645,45.23345217883741,주의,0.15249921047695972,0.017586629624414804,1.0
2020-04-09,1209.22998046875,1215.2099609375,1206.3299560546875,1209.510009765625,0.11699855311181626,0.016751183706811428,0.9561752988047809,1,0.3735227308526946,44.09245818647165,주의,0.14786433361701679,0.01706914840095748,0.0
2020-04-12,1211.0400390625,1220.6099853515625,1211.030029296875,1211.0400390625,0.08559121252076723,0.013714709251225343,0.5179282868525896,0,0.21238826082632273,21.19472400222001,정상,0.14434192997374257,0.017190128875273252,0.0
2020-04-13,1213.8599853515625,1217.56005859375,1207.8599853515625,1213.9000244140625,0.06475635515472355,0.011228654233501289,0.5219123505976095,0,0.2047895895177828,20.53230222195215,정상,0.14003100366196933,0.018426953410957538,1.0
2020-04-14,1211.47998046875,1224.7099609375,1209.0699462890625,1212.3800048828125,0.07601846927417417,0.009193244536646779,0.21115537848605578,0,0.10389411401763299,11.791770843075488,정상,0.1360745697366727,0.01838833698053299,1.0
2020-04-15,1225.5999755859375,1228.56005859375,1222.550048828125,1222.550048828125,0.11144401339098382,0.00752679202271886,0.20318725099601595,0,0.11484921559386418,12.789443825671947,정상,0.13201912117939882,0.018189247320681213,1.0
2020-04-16,1220.0999755859375,1226.6400146484375,1213.4100341796875,1226.6400146484375,0.18141274426510373,0.006162416101021958,0.18326693227091634,0,0.13558635925971763,14.607351899857909,정상,0.13205451703246776,0.017969422811998086,1.0
2020-04-19,1215.25,1221.510009765625,1214.4000244140625,1215.260009765625,0.2645361904716681,0.00504535957516959,0.18725099601593626,0,0.16968337451403606,17.89327311363758,정상,0.12868857660918878,0.017745258987122623,1.0
2020-04-20,1220.719970703125,1240.6300048828125,1218.0999755859375,1218.0999755859375,0.44465885503418573,0.004130791044527803,0.199203187250996,0,0.2450880585799473,26.604682118338737,정상,0.12992558093154108,0.017624650516015968,1.0
2020-04-21,1232.6300048828125,1237.3699951171875,1228.4000244140625,1230.8499755859375,0.5340619728923153,0.0,0.17131474103585656,0,0.27013081752349866,30.075559600364386,정상,0.1262940929882662,0.01425370273998288,0.0
2020-04-22,1233.7099609375,1235.7900390625,1227.0999755859375,1231.3800048828125,0.49301115759578523,0.0,0.01593625498007968,0,0.20139257036268848,21.583688133812974,정상,0.1289673141462375,0.015437197725273638,0.0
2020-04-23,1231.6099853515625,1237.0899658203125,1230.81005859375,1232.449951171875,0.5223010797965498,0.0,0.01593625498007968,0,0.21303796111720932,23.0671531275719,정상,0.12504965648541977,0.017407419280133368,1.0
2020-04-26,1230.4599609375,1234.1099853515625,1222.280029296875,1229.5,0.4139892249694461,0.0,0.043824701195219126,0,0.17938236213804648,19.53623638857961,정상,0.12128716787805215,0.017241770077579373,0.0
2020-04-27,1222.530029296875,1227.18994140625,1215.6500244140625,1220.8699951171875,0.28569944769242794,0.0,0.06374501992031872,0,0.13509569074239816,15.586814030471393,정상,0.1179609053371713,0.01602661709373298,0.0
2020-04-28,1220.449951171875,1220.8599853515625,1211.8900146484375,1220.4000244140625,0.16141004715955753,0.0,0.11952191235059761,0,0.10449572412147146,13.378139640792893,정상,0.11760137587201863,0.016240510265740953,0.0
2020-04-29,1210.7900390625,1212.699951171875,1202.0999755859375,1210.7900390625,0.23557657154279915,0.0,0.099601593625498,0,0.12726351183646165,15.413095832406484,정상,0.11402859291757611,0.014205426541973421,0.0
2020-04-30,1212.9599609375,1223.6099853515625,1212.949951171875,1212.9599609375,0.3277827905015392,0.0,0.05976095617529881,0,0.15048360071637543,17.691993370984903,정상,0.11474908133490212,0.014120150203001407,0.0
2020-05-03,1223.7900390625,1229.81005859375,1222.6300048828125,1223.780029296875,0.48423543656250645,0.0,0.02390438247011952,0,0.20059147127380794,23.063846087622984,정상,0.11147101112144502,0.012232020943570949,0.0
2020-05-04,1223.0,1224.050048828125,1214.3900146484375,1222.449951171875,0.5035278050751482,0.0,0.05179282868525897,0,0.2176700815743029,25.241043584393214,정상,0.11345810305565104,0.013773603367095124,0.0
2020-05-05,1220.489990234375,1228.6800537109375,1220.300048828125,1221.25,0.5136941082960137,0.0,0.035856573705179286,0,0.21633601972907798,25.241326151685893,정상,0.11008295439481773,0.01373889662546522,0.0
2020-05-06,1227.1700439453125,1228.530029296875,1218.1300048828125,1228.530029296875,0.38821736715828686,0.0,0.07171314741035857,0,0.1785438704061868,21.073793533153083,정상,0.10679767935364146,0.012519773736850707,0.0
2020-05-07,1218.5899658203125,1220.9000244140625,1214.1199951171875,1218.6300048828125,0.46883515561487815,0.0,0.06772908366533864,0,0.20925270455325856,24.65785291300274,정상,0.10609196187023195,0.01105463871203024,0.0
2020-05-10,1218.1800537109375,1225.199951171875,1213.4100341796875,1218.699951171875,0.35322236173757315,0.0,0.13545816733067728,0,0.1861345376216732,22.1265009929658,정상,0.10756399275554333,0.012125250093128658,0.0
2020-05-11,1223.239990234375,1228.2099609375,1219.1800537109375,1222.4000244140625,0.362218329022178,0.0,0.14342629482071714,0,0.19239929051460186,22.952804949740564,정상,0.10428739902211893,0.01174629730193024,0.0
2020-05-12,1225.8499755859375,1227.6300048828125,1220.8699951171875,1225.6500244140625,0.36236563833374674,0.0,0.1553784860557769,0,0.196489923790065,23.27506230368611,정상,0.1017951913831789,0.013630065990792584,0.0
2020-05-13,1227.219970703125,1233.1300048828125,1225.4000244140625,1226.550048828125,0.2998758076866231,0.0,0.1752988047808765,0,0.1783646769581097,21.14412433613127,정상,0.09923265954879965,0.01488151656522834,0.0
2020-05-14,1225.780029296875,1234.219970703125,1225.4599609375,1225.4599609375,0.20489995637065236,0.0,0.18326693227091634,0,0.14329123691346007,17.637136579540307,정상,0.09625196456192439,0.014857179897462918,0.0
2020-05-17,1231.5699462890625,1234.3399658203125,1224.300048828125,1232.0899658203125,0.21869594537572837,0.0,0.18725099601593626,0,0.15012041067283435,18.333608263167555,정상,0.09338376524821862,0.015121108281971354,0.0
2020-05-18,1222.550048828125,1226.6600341796875,1219.8699951171875,1224.199951171875,0.4206355421967371,0.0,0.11553784860557768,0,0.20621726088492168,24.38698243353684,정상,0.09293805800357888,0.01498516708648395,0.0
2020-05-19,1225.31005859375,1231.4000244140625,1223.449951171875,1224.3199462890625,0.48659923841192243,0.0,0.13545816733067728,0,0.2391638982271374,28.541721027621193,정상,0.09350546408657323,0.015312962889691603,0.0
2020-05-20,1226.3399658203125,1233.6500244140625,1226.2900390625,1226.550048828125,0.501127579543822,0.0,0.08366533864541832,0,0.22746794707250412,27.12836869764738,정상,0.09065771208447695,0.015447055794532556,0.0
2020-05-21,1233.010009765625,1243.530029296875,1232.0,1233.3900146484375,0.5551071948518775,0.0,0.07171314741035857,0,0.244897657320506,29.52503653096147,정상,0.08818030695888111,0.014415849149426369,0.0
2020-05-24,1239.2099609375,1243.81005859375,1237.2099609375,1239.550048828125,0.5131310200579585,0.0,0.14741035856573706,0,0.2537447433946177,30.82453629743409,정상,0.08818627299913837,0.017957971329010076,1.0
2020-05-25,1240.719970703125,1241.219970703125,1229.56005859375,1240.02001953125,0.3985847492656185,0.0,0.22310756972111553,1,0.233738658770562,28.2989004755614,정상,0.08766691063410338,0.01850671378095029,1.0
2020-05-26,1229.949951171875,1238.6199951171875,1228.75,1230.8699951171875,0.6194404498137293,0.0,0.12350597609561753,0,0.28794821897024525,35.9135145686277,정상,0.08500900358827804,0.017010795657564328,0.0
2020-05-27,1237.2900390625,1242.050048828125,1234.0699462890625,1238.300048828125,0.6708995985037731,0.0,0.2151394422310757,0,0.33932037509752566,43.7413188464463,주의,0.08730589100556253,0.01712514334134328,0.0
2020-05-28,1237.260009765625,1239.949951171875,1233.4300537109375,1237.97998046875,0.5816925758917414,0.0,0.24701195219123506,0,0.31460469476845837,39.904400213562155,정상,0.08782152889849684,0.02122724012852846,1.0
2020-05-31,1230.2099609375,1230.5899658203125,1221.1300048828125,1230.469970703125,0.6481358205255926,0.0,0.23904382470119523,0,0.3383338454093737,43.51561608159717,주의,0.08515206452039013,0.020414731106862507,1.0
2020-06-01,1222.0799560546875,1226.6700439453125,1215.7900390625,1222.989990234375,0.5826248417036589,0.0,0.1952191235059761,0,0.2975030751131093,37.15074953856044,정상,0.08588154393640753,0.01980559921042518,1.0
2020-06-02,1217.9599609375,1219.25,1213.27001953125,1219.1400146484375,0.4767913428082058,0.0,0.2948207171314741,0,0.289025233642796,35.7987773463814,정상,0.08657515805193616,0.019866489744843376,1.0
2020-06-03,1215.4200439453125,1219.449951171875,1212.1700439453125,1215.8199462890625,0.2975549478119191,0.0,0.32669322709163345,0,0.22851474260673574,27.472548288901255,정상,0.08482837707485906,0.019854547207261927,1.0
2020-06-04,1215.68994140625,1217.6099853515625,1201.9100341796875,1215.3800048828125,0.5192077032738655,0.0,0.2868525896414343,0,0.3032015267228641,37.96877128207424,정상,0.082924922865356,0.020003737787223086,1.0
2020-06-07,1200.780029296875,1205.4100341796875,1195.3800048828125,1201.1099853515625,0.5471621087049992,0.0,0.199203187250996,1,0.28474745578666094,35.355534523494626,정상,0.08041101103145838,0.016149555089593023,0.0
2020-06-08,1196.6400146484375,1202.0400390625,1193.9000244140625,1195.72998046875,0.5292201899907258,0.0,0.4103585657370518,1,0.34884706157025785,45.353740566793256,주의,0.09048255914483064,0.015696006122059007,0.0
2020-06-09,1197.6600341796875,1199.3599853515625,1186.31005859375,1197.300048828125,0.6713836831827323,0.0,0.398406374501992,1,0.4013378316998306,53.96675654550851,주의,0.0894460037129584,0.015641114170162878,0.0
2020-06-10,1192.6800537109375,1200.52001953125,1186.9200439453125,1189.739990234375,0.7148323923659781,0.0,0.3904382470119522,1,0.4159245766796619,56.41032095391676,주의,0.0868710943567881,0.014475099521393761,0.0
2020-06-11,1206.22998046875,1209.4100341796875,1199.56005859375,1204.760009765625,0.8335509574197105,0.0,0.43824701195219123,1,0.47925419192182894,66.24307538987398,경계,0.08775222019955523,0.007857726342116178,0.0
2020-06-14,1202.6099853515625,1216.510009765625,1202.5999755859375,1202.6099853515625,0.7479502817352942,0.0,0.6852589641434262,1,0.5285495216057909,72.97253220296417,경계,0.09807238290734471,0.0077075285020209,0.0
2020-06-15,1205.7900390625,1214.530029296875,1203.0899658203125,1206.9000244140625,0.7336536247678555,0.0,0.6135458167330677,1,0.4986729215164473,68.88767727522489,경계,0.09533803751499795,0.007656194037132648,0.0
2020-06-16,1210.72998046875,1218.56005859375,1210.550048828125,1211.1500244140625,0.6798893895256535,0.0,0.549800796812749,0,0.45579243572413897,62.60609689970937,경계,0.09346499591813413,0.00680201476742945,0.0
2020-06-17,1215.949951171875,1217.52001953125,1207.02001953125,1214.3499755859375,0.5630229678019892,0.0,0.5737051792828686,0,0.4173916018962164,56.63229717318774,주의,0.09164277864748195,0.006558465515499762,0.0
2020-06-18,1209.75,1213.5,1205.219970703125,1211.3599853515625,0.4235455028979312,0.0,0.6294820717131474,0,0.38075300727228745,50.72787170188895,주의,0.08944139399624604,0.0064331130453229015,0.0
2020-06-21,1211.489990234375,1215.68994140625,1209.1800537109375,1210.8900146484375,0.2610220869053701,0.0,0.5697211155378487,0,0.29597494099924065,37.30491254694046,정상,0.08724487608277705,0.006427299574285017,0.0
2020-06-22,1206.18994140625,1215.52001953125,1204.4000244140625,1208.0,0.29609925059271136,0.0,0.5179282868525896,1,0.29244900363171067,36.87009353738976,정상,0.08460050265224715,0.008703327369034628,0.0
2020-06-23,1207.9200439453125,1207.949951171875,1198.300048828125,1207.949951171875,0.3146438058537712,0.0,0.5298804780876494,1,0.30385420457383894,38.689394954069904,정상,0.0825478284618469,0.009577249009768377,0.0
2020-06-24,1205.8699951171875,1207.77001953125,1200.469970703125,1205.25,0.23154627051208798,0.0,0.4541832669322709,1,0.24527901687954803,30.24822377411222,정상,0.08003325121411987,0.009809061932425813,0.0
2020-06-25,1201.4100341796875,1204.030029296875,1196.1500244140625,1201.52001953125,0.22577371216406433,0.0,0.40239043824701193,1,0.22551162376301753,27.75225051090327,정상,0.07808142705337463,0.009822224461979117,0.0
2020-06-28,1203.050048828125,1204.5999755859375,1197.0400390625,1202.6300048828125,0.2604012179025955,0.0,0.4342629482071713,1,0.25003135832031864,31.18720554717363,정상,0.07665618150791394,0.010267790710284868,0.0
2020-06-29,1197.6300048828125,1203.8299560546875,1194.010009765625,1198.489990234375,0.24486347643928333,0.0,0.36254980079681276,1,0.219661314997676,27.27331517516013,정상,0.07440760740686933,0.01030068043591233,0.0
2020-06-30,1197.4599609375,1204.4200439453125,1197.219970703125,1198.3900146484375,0.19302925725169182,0.0,0.35856573705179284,1,0.19770850755127745,24.698391894028155,정상,0.07337644101799047,0.01030168160291686,0.0
2020-07-01,1200.6500244140625,1203.550048828125,1196.1700439453125,1200.699951171875,0.21200859371970024,0.0,0.35856573705179284,1,0.20525450879759405,25.743979100456777,정상,0.0711418385537989,0.010532827462727374,0.0
2020-07-02,1198.260009765625,1201.72998046875,1196.8399658203125,1198.1700439453125,0.20237849488616727,0.0,0.36254980079681276,1,0.20276969582595514,25.567067000681988,정상,0.06937982443641519,0.01078290423658809,0.0
2020-07-05,1198.5999755859375,1198.5999755859375,1190.6800537109375,1198.5,0.2565774263574026,0.0,0.3745019920318725,1,0.22835073309261103,28.711608705359186,정상,0.06776440316765069,0.010871558348710961,0.0
2020-07-06,1189.9200439453125,1197.06005859375,1188.3499755859375,1190.9300537109375,0.31111887920093256,0.0,0.22709163346613545,1,0.20030709338171765,25.155035247495334,정상,0.06570874980368052,0.00907602297313561,0.0
2020-07-07,1195.9200439453125,1198.719970703125,1191.7099609375,1195.699951171875,0.37924345053444625,0.0,0.24302788844621515,1,0.2327688523389247,29.254247714343784,정상,0.06830529620631962,0.010174787583685755,0.0
2020-07-08,1191.31005859375,1198.56005859375,1190.3800048828125,1192.02001953125,0.41505441634817397,0.0,0.26693227091633465,1,0.2550710762065917,32.267121534927696,정상,0.06802394137433616,0.010399183123149143,0.0
2020-07-09,1196.530029296875,1205.030029296875,1195.77001953125,1195.77001953125,0.657250225161828,0.0,0.16733067729083664,1,0.3177652577648644,41.60911338266377,주의,0.06703191533553318,0.010385087884970879,0.0
2020-07-12,1200.8800048828125,1203.3199462890625,1198.1500244140625,1199.52001953125,0.6989570615600775,0.0,0.01593625498007968,1,0.28327467675813,36.21742996943356,정상,0.06612753926586012,0.009908904761541647,0.0
2020-07-13,1203.4599609375,1207.800048828125,1203.0999755859375,1203.780029296875,0.4598378194801053,0.0,0.12350597609561753,1,0.224491751488202,27.79029654204098,정상,0.0652588546566113,0.010008245513243494,0.0
2020-07-14,1203.969970703125,1204.9000244140625,1197.5,1203.97998046875,0.49831995948286734,0.0,0.1593625498007968,1,0.251888072980204,31.38762863893118,정상,0.06475510136532267,0.0104132287193546,0.0
2020-07-15,1200.3499755859375,1206.699951171875,1199.75,1200.469970703125,0.4777691552144117,0.0,0.16334661354581673,1,0.24506129278745126,30.325620136112796,정상,0.06278572176095701,0.0123362174567764,0.0
2020-07-16,1204.2099609375,1206.699951171875,1201.0,1204.22998046875,0.34842363994597636,0.0,0.24302788844621515,1,0.22051519270736436,26.9546126912044,정상,0.06192259376140971,0.011973682018549096,0.0
2020-07-19,1201.8900146484375,1206.25,1201.1700439453125,1202.530029296875,0.3457532447518938,0.0,0.250996015936255,1,0.22214151232563414,27.085568257407715,정상,0.06125527953400837,0.012316911082320175,0.0
2020-07-20,1200.0899658203125,1200.93994140625,1192.7900390625,1200.030029296875,0.3990393384048533,0.0,0.250996015936255,1,0.24332754956114816,29.956500265730853,정상,0.059642684102959614,0.012216521189567077,0.0
2020-07-21,1192.02001953125,1198.7900390625,1190.969970703125,1192.739990234375,0.49965557684050954,0.0,0.24701195219123506,1,0.28198757466375174,35.66877414788445,정상,0.05838921174962591,0.010596355328011222,0.0
2020-07-22,1197.47998046875,1202.9300537109375,1195.1099853515625,1197.22998046875,0.5765696679294414,0.0,0.3107569721115538,1,0.3340722200095792,43.9867007072076,주의,0.06136889977066117,0.011555888179680292,0.0
2020-07-23,1201.6600341796875,1203.77001953125,1198.1099853515625,1200.93994140625,0.5984788434730898,0.0,0.3187250996015936,1,0.3454711400416456,46.03301154791549,주의,0.06126691138518674,0.011262632184826031,0.0
2020-07-26,1199.969970703125,1200.489990234375,1193.510009765625,1200.489990234375,0.6391506870076421,0.0,0.3187250996015936,1,0.3616418730132146,48.921379663179984,주의,0.06060657767269943,0.012014490602696064,0.0
2020-07-27,1194.97998046875,1201.030029296875,1189.469970703125,1195.9200439453125,0.6933818728622683,0.0,0.3187250996015936,1,0.38320366979878884,52.72699902098725,주의,0.058778321510279834,0.011662918338571047,0.0
2020-07-28,1198.449951171875,1199.3699951171875,1190.300048828125,1199.3699951171875,0.5973564467621052,0.0,0.350597609561753,1,0.35577705796239223,48.26068675122998,주의,0.05888583822584491,0.01130296923657617,0.0
2020-07-29,1188.9300537109375,1197.0,1187.1700439453125,1190.72998046875,0.7108892502416054,0.0,0.38247011952191234,1,0.41166877836851234,57.87287185355464,주의,0.0581803598686389,0.008890121298381888,0.0
2020-07-30,1189.56005859375,1193.4000244140625,1186.1700439453125,1189.56005859375,0.6360283477993733,0.0,0.5219123505976095,0,0.42894555776039023,60.92001862551528,경계,0.06302534532741061,0.008911121675749794,0.0
2020-08-02,1192.699951171875,1196.1700439453125,1191.0799560546875,1193.3900146484375,0.669034942239812,0.0,0.5139442231075697,1,0.4393806185653705,62.86918542174883,경계,0.06122477463623676,0.008467601009886859,0.0
2020-08-03,1191.0999755859375,1196.43994140625,1190.0999755859375,1191.760009765625,0.6306596392154221,0.0,0.545816733067729,1,0.43487514000006433,62.3900469069084,경계,0.060661328137422504,0.008717356536476326,0.0
2020-08-04,1189.6500244140625,1192.699951171875,1182.449951171875,1192.25,0.5721492464361808,0.0,0.4900398406374502,1,0.3927956707258141,55.495152531854544,주의,0.059052984824766244,0.008719609685708615,0.0
2020-08-05,1184.75,1186.9100341796875,1181.3900146484375,1185.1800537109375,0.38708425884055436,0.0,0.47808764940239046,0,0.31518355090367745,42.04530266680286,주의,0.057276300470971646,0.0066993739509697905,0.0
2020-08-06,1183.489990234375,1190.25,1182.77001953125,1183.1700439453125,0.45670254874451105,0.0,0.5298804780876494,0,0.3603353915063018,50.09575397211425,주의,0.06015470871401688,0.006984422708958834,0.0
2020-08-09,1188.1099853515625,1188.3499755859375,1183.52001953125,1188.1500244140625,0.5312688918067174,0.0,0.5139442231075697,0,0.3846061647787184,54.44901555731684,주의,0.05869443342849274,0.008061398389598243,0.0
2020-08-10,1185.56005859375,1187.25,1180.81005859375,1185.18994140625,0.5389193906154548,0.0,0.5338645418326693,0,0.39436803688704514,56.246435607538395,주의,0.059203667328318756,0.00805679373762421,0.0
2020-08-11,1185.25,1187.27001953125,1181.6099853515625,1184.97998046875,0.44169862378988606,0.0,0.545816733067729,0,0.35974606157786326,50.20085743124677,주의,0.058213833217711806,0.008194714818968123,0.0
2020-08-12,1182.43994140625,1184.93994140625,1180.6199951171875,1182.75,0.30996311052743847,0.0,0.5657370517928287,0,0.31408939876632136,42.21622979898372,주의,0.056444609640887926,0.008273757297017074,0.0
2020-08-13,1183.989990234375,1187.3299560546875,1183.4000244140625,1184.1199951171875,0.2349780933615566,0.0,0.5657370517928287,0,0.2842760786883201,37.21785355052144,정상,0.055213058780998074,0.008510018149031467,0.0
2020-08-16,1186.0400390625,1186.0400390625,1182.449951171875,1186.0400390625,0.15667968141175473,0.0,0.5577689243027888,0,0.2504573417718794,31.865297940692592,정상,0.053719976037161665,0.010232464401205848,0.0
2020-08-17,1183.52001953125,1185.97998046875,1181.3800048828125,1183.0999755859375,0.13751421726328084,0.0,0.5896414342629482,0,0.25358950998856405,32.44646139849016,정상,0.05246308684419148,0.011755092927125163,0.0
2020-08-18,1179.949951171875,1183.6400146484375,1175.4000244140625,1183.6400146484375,0.2099035998938814,0.0,0.6095617529880478,0,0.289090938315222,38.26817783381834,정상,0.051772334870521415,0.011881467680106528,0.0
2020-08-19,1183.239990234375,1190.0999755859375,1181.2099609375,1181.2099609375,0.3311522880706034,0.0,0.41832669322709165,0,0.2727852158637166,35.53623770778334,정상,0.05022649792962658,0.012117081731785887,0.0
2020-08-20,1183.4300537109375,1192.510009765625,1182.4300537109375,1184.2900390625,0.49070784403418993,0.0,0.3386454183266932,0,0.30934253694308045,41.56106622181557,주의,0.049347747317714984,0.011968597602742147,0.0
2020-08-23,1190.050048828125,1191.25,1185.1400146484375,1191.199951171875,0.5945036356625724,0.0,0.32669322709163345,1,0.346578678740128,48.02976244874124,주의,0.04890426703071124,0.01108410161064509,0.0
2020-08-24,1188.010009765625,1188.9000244140625,1183.6099853515625,1188.25,0.6603126436332244,0.0,0.50199203187251,0,0.431880652196707,62.98307846508747,경계,0.05253450126943806,0.01080820495289077,0.0
2020-08-25,1186.02001953125,1188.4000244140625,1183.719970703125,1186.4599609375,0.6302993897335541,0.0,0.4701195219123506,0,0.4091954996958205,59.004606738381085,주의,0.05183859386863966,0.01089623582731842,0.0
2020-08-26,1183.4000244140625,1187.300048828125,1181.8499755859375,1183.8499755859375,0.6555745296235552,0.0,0.4342629482071713,0,0.40714845816118217,58.542658813700555,주의,0.05060010260155292,0.011430100154690412,0.0
2020-08-27,1185.5999755859375,1187.02001953125,1180.010009765625,1186.5799560546875,0.5303888254407418,0.0,0.3187250996015936,0,0.3183992051613145,42.585497781475325,주의,0.04980037688542413,0.011450680692001763,0.0
2020-08-30,1179.5899658203125,1187.949951171875,1178.739990234375,1179.5899658203125,0.5032954132841353,0.0,0.3346613545816733,0,0.313003211646546,41.543374777748106,주의,0.04910694289940002,0.00981112410626869,0.0
2020-08-31,1185.300048828125,1187.0400390625,1181.02001953125,1187.0400390625,0.6669849444964634,0.0,0.4063745019920319,0,0.4022769786043396,57.46720059748773,주의,0.05286406973000563,0.009133930227831922,0.0
2020-09-01,1184.9200439453125,1190.4100341796875,1183.43994140625,1184.9200439453125,0.729504495577036,0.0,0.5617529880478087,0,0.47955098818531117,70.17010526636173,경계,0.0568003140642965,0.009058078240072124,0.0
2020-09-02,1187.949951171875,1191.5,1184.43994140625,1188.6500244140625,0.773113474727279,0.0,0.5617529880478087,0,0.4968894979679379,72.59116169678299,경계,0.05550686865877631,0.010462769485486936,0.0
2020-09-03,1191.0699462890625,1191.489990234375,1187.1099853515625,1190.780029296875,0.7591735059678311,0.0,0.4820717131474104,1,0.46446667066344477,67.55980630199684,경계,0.055186115249173384,0.01071461338632972,0.0
2020-09-06,1186.989990234375,1188.6500244140625,1185.0400390625,1186.4200439453125,0.5004405928166703,0.0,0.5219123505976095,0,0.37503717324919505,52.06040927581963,주의,0.05395592440135716,0.010831044701227206,0.0
2020-09-07,1186.47998046875,1190.02001953125,1185.3199462890625,1186.81005859375,0.349495596714954,0.0,0.5298804780876494,0,0.31771094069936945,41.647821728881674,주의,0.05422189869272899,0.010826724848635078,0.0
2020-09-08,1189.260009765625,1190.9000244140625,1183.5,1189.239990234375,0.33754315382938455,0.0,0.50199203187251,0,0.30355061408192735,39.06890397393873,정상,0.05258561443174573,0.010694927650508139,0.0
2020-09-09,1184.06005859375,1187.8299560546875,1183.3499755859375,1184.3800048828125,0.3659536754518313,0.0,0.5258964143426295,0,0.32291049266872357,42.32840277647008,주의,0.051600253731369686,0.01166419225281185,0.0
2020-09-10,1186.93994140625,1189.1500244140625,1184.8900146484375,1187.22998046875,0.3505601346134971,0.0,0.6215139442231076,0,0.34904668530713756,46.91456656838984,주의,0.052501230603861485,0.011462278506833326,0.0
2020-09-13,1185.780029296875,1186.969970703125,1179.6300048828125,1186.969970703125,0.4091838174989435,0.0,0.6254980079681275,0,0.3736989180791892,51.289383399095776,주의,0.05175263671162765,0.012212007362983357,0.0
2020-09-14,1181.199951171875,1183.1199951171875,1176.3199462890625,1180.8399658203125,0.5082174408925956,0.0,0.5617529880478087,0,0.39156938813005177,54.425497184999806,주의,0.05018327058976335,0.012586901211927848,0.0
2020-09-15,1179.8499755859375,1181.1700439453125,1169.760009765625,1179.25,0.5714119076094192,0.0,0.6613545816733067,0,0.4502954366019689,64.73126673775916,경계,0.05265567158858636,0.012576088695019253,0.0
2020-09-16,1173.800048828125,1177.22998046875,1169.780029296875,1172.0699462890625,0.6108708393881137,0.0,0.6533864541832669,0,0.46329588454143644,66.7738658665957,경계,0.05131970195287094,0.011537190595819088,0.0
2020-09-17,1168.760009765625,1168.760009765625,1158.6400146484375,1168.6500244140625,0.7014442062588933,0.0,0.7171314741035857,0,0.5208113262824563,75.3821557941009,경계,0.05513299054401171,0.011267834239730648,0.0
2020-09-20,1163.97998046875,1167.27001953125,1155.5899658203125,1163.989990234375,0.7467263794887348,0.0,0.6653386454183267,0,0.5213428023474866,75.28986352048899,경계,0.05464772343182088,0.010928712924444616,0.0
2020-09-21,1162.0999755859375,1166.0,1158.4000244140625,1163.8499755859375,0.7453265481825926,0.0,0.6135458167330677,0,0.5033139633560415,72.54414832636186,경계,0.05521384022563544,0.013535347612521077,0.0
2020-09-22,1160.800048828125,1169.3299560546875,1160.0999755859375,1162.5,0.6385827565767918,0.0,0.5936254980079682,0,0.4541535531476776,64.53517341495679,경계,0.05353384785274672,0.015068987059151901,0.0
2020-09-23,1168.030029296875,1175.550048828125,1166.780029296875,1169.72998046875,0.753636090370661,0.0,0.5099601593625498,0,0.4716731981250989,67.37399151571675,경계,0.05209881824913678,0.015139547094999031,0.0
2020-09-24,1168.050048828125,1177.4200439453125,1167.280029296875,1168.5,0.7022668793518615,0.0,0.6573705179282868,0,0.5009780906096802,71.86503040760185,경계,0.055970144116264414,0.01601363006823619,0.0
2020-09-27,1173.4100341796875,1174.72998046875,1166.3399658203125,1173.43994140625,0.6781206131739923,0.0,0.6533864541832669,0,0.49003374640811104,70.0995363368927,경계,0.05441904927152366,0.016848195711410427,0.0
2020-09-28,1166.77001953125,1170.530029296875,1165.1800537109375,1166.4100341796875,0.7595985529585395,0.0,0.5179282868525896,0,0.4767318587892086,67.94346014882929,경계,0.055252526254349746,0.01607763762187821,0.0
2020-09-29,1168.72998046875,1170.699951171875,1163.0999755859375,1167.8599853515625,0.6993382529067627,0.0,0.4581673306772908,0,0.4326126217456302,60.378358550959234,경계,0.05844315109143608,0.016082106199308617,0.0
2020-09-30,1163.800048828125,1164.800048828125,1160.1500244140625,1163.780029296875,0.6180935575438913,0.0,0.46613545816733065,0,0.4029985569594418,55.03450533550775,주의,0.05686827991245852,0.01575702029872131,0.0
2020-10-01,1161.97998046875,1167.6800537109375,1160.02001953125,1161.97998046875,0.5237124683422055,0.0,0.50199203187251,0,0.3775697391291935,50.354398896107156,주의,0.05679035113276365,0.015795928579661993,0.0
2020-10-04,1165.4100341796875,1165.4100341796875,1155.510009765625,1165.3599853515625,0.517950857892266,0.0,0.4900398406374502,0,0.37124691383486,49.22983801383345,주의,0.055388300879788,0.015739745775618968,0.0
2020-10-05,1156.739990234375,1162.43994140625,1155.5,1156.0899658203125,0.5767362715854387,0.0,0.4302788844621514,1,0.3744591051477074,49.814155916428625,주의,0.054875821870272165,0.014050714108687306,0.0
2020-10-06,1163.8199462890625,1165.77001953125,1155.1400146484375,1163.8900146484375,0.7197770268960467,0.0,0.7330677290836654,0,0.5334763650832792,76.35925547759068,경계,0.06160420907168608,0.0123685513771094,0.0
2020-10-07,1156.489990234375,1158.8499755859375,1149.7900390625,1156.5,0.7764511893007707,0.0,0.796812749003984,1,0.5775138098679155,81.6213952883188,심각,0.06519996562954776,0.011165315793447187,0.0
2020-10-08,1150.3599853515625,1151.22998046875,1140.72998046875,1150.3599853515625,0.8146432425252941,0.0,0.8007968127490039,1,0.5940426236181544,83.2825745682208,심각,0.06789277781065672,0.0099913748454151,0.0
2020-10-11,1142.6400146484375,1151.25,1142.6099853515625,1142.6500244140625,0.7463063333313988,0.0,0.8167330677290837,1,0.5722486132090423,80.78565701789057,심각,0.06900234355800569,0.009302086232798584,0.0
2020-10-12,1147.3800048828125,1151.2900390625,1144.0,1146.4000244140625,0.7623025502214099,0.0,0.8326693227091634,1,0.5839846408814832,81.92304301427258,심각,0.07182903329714584,0.009358934926243175,0.0
2020-10-13,1147.75,1149.1199951171875,1141.6400146484375,1147.8900146484375,0.609095409952263,0.0,0.848605577689243,1,0.5284470446231745,74.98751585393214,경계,0.07079662854886197,0.009747325576956251,0.0
2020-10-14,1145.5,1148.6500244140625,1141.2900390625,1146.31005859375,0.5408346086545052,0.0,0.8645418326693227,1,0.5066832939799965,71.77553474702096,경계,0.06882544000516998,0.01099001315909825,0.0
2020-10-15,1145.0,1147.3699951171875,1139.3299560546875,1144.1300048828125,0.43015706066820486,0.0,0.7529880478087649,1,0.42504636555055636,58.322810242536036,주의,0.0669433245124384,0.011580496464480705,0.0
2020-10-18,1141.2099609375,1143.3900146484375,1136.530029296875,1141.1800537109375,0.2654111759661242,0.0,0.749003984063745,1,0.3582009682008067,46.224813684534126,주의,0.0653246897578336,0.01250426833012999,0.0
2020-10-19,1139.81005859375,1140.9100341796875,1136.739990234375,1137.0,0.17538931493552873,0.0,0.7370517928286853,0,0.31837707942259796,39.19197499639665,정상,0.06412527520241264,0.012339194539902773,0.0
2020-10-20,1137.6099853515625,1137.68994140625,1129.5999755859375,1136.0,0.1891787798751318,0.0,0.7529880478087649,0,0.32923572378945504,41.179431028762515,주의,0.06378823142394435,0.012411355382019148,0.0
2020-10-21,1133.2900390625,1136.010009765625,1131.3699951171875,1132.030029296875,0.18138840108578771,0.0,0.7450199203187251,0,0.32345030126211205,40.219246623701785,주의,0.06193955343701253,0.01191883442777176,0.0
2020-10-22,1134.06005859375,1136.4100341796875,1124.9000244140625,1134.1500244140625,0.2983663781162599,0.0,0.5976095617529881,0,0.3202308217701234,39.701890225404775,정상,0.06157616312045257,0.013357264433203455,0.0
2020-10-26,1127.5999755859375,1133.199951171875,1126.56005859375,1127.760009765625,0.38838628798118313,0.0,0.5697211155378487,0,0.3466137197402266,44.47451678909211,주의,0.06014195989902605,0.012175093667078744,0.0
2020-10-27,1130.280029296875,1131.6400146484375,1124.1099853515625,1131.6400146484375,0.49285237728024944,0.0,0.6175298804780877,0,0.4042766879955986,55.02870608350353,주의,0.06231148157532175,0.011885373555792325,0.0
2020-10-28,1128.010009765625,1138.25,1126.0999755859375,1128.22998046875,0.5634824198177442,0.0,0.4063745019920319,0,0.3611253724067765,47.193786121988786,주의,0.061871760969938565,0.011730742045847266,0.0
2020-10-29,1134.0899658203125,1135.280029296875,1129.5999755859375,1134.1800537109375,0.6342285580773284,0.0,0.4063745019920319,0,0.38925335508829795,52.29842363908171,주의,0.06112394890253491,0.011279384417071136,0.0
2020-10-30,1131.0699462890625,1136.550048828125,1125.3199462890625,1129.52001953125,0.585475630621967,0.0,0.5657370517928287,0,0.4236305212135435,58.46412971073174,주의,0.0626920711260172,0.010951471592429369,0.0
2020-11-02,1134.7900390625,1136.0799560546875,1131.3499755859375,1135.6099853515625,0.5387274821273719,0.0,0.6215139442231076,0,0.4238602090174733,58.4492761273939,주의,0.06285523757116285,0.011507128880224296,0.0
2020-11-03,1132.239990234375,1136.6800537109375,1129.280029296875,1132.1400146484375,0.5682937960686459,0.0,0.6374501992031872,0,0.4409915764813802,61.424871228866664,경계,0.06442756437316759,0.011194863013920787,0.0
2020-11-04,1128.9100341796875,1147.0899658203125,1126.6500244140625,1130.3299560546875,0.7541905731610051,0.0,0.3187250996015936,0,0.4073806229296119,55.41157588728173,주의,0.06358820489970989,0.011127807570636127,0.0
2020-11-05,1130.31005859375,1133.6700439453125,1120.989990234375,1129.739990234375,0.768361736435097,0.0,0.21912350597609562,0,0.37941440324926357,50.315443193223444,주의,0.06196420712346871,0.011148731554592261,0.0
2020-11-06,1123.18994140625,1126.8199462890625,1118.02001953125,1122.6300048828125,0.790965018322351,0.0,0.1952191235059761,0,0.3803371212386134,50.41209162986373,주의,0.06011081739673848,0.011812761328141104,0.0
2020-11-09,1120.8800048828125,1121.1500244140625,1108.75,1121.1500244140625,0.8227807014857477,0.0,0.21912350597609562,0,0.40105085923325723,54.13412491953268,주의,0.06323900763742549,0.0117421697235245,0.0
2020-11-10,1117.9300537109375,1119.260009765625,1112.25,1118.68994140625,0.8331882339272302,0.0,0.16334661354581673,0,0.386372492757608,51.41827722691048,주의,0.06152669611532594,0.011554520383316004,0.0
2020-11-11,1115.2099609375,1116.0799560546875,1107.4300537109375,1116.0799560546875,0.5898495335811722,0.0,0.21115537848605578,0,0.30575162898540054,37.026581832147976,정상,0.06026077558065183,0.011715176608530532,0.0
2020-11-12,1110.5999755859375,1115.510009765625,1109.2900390625,1111.449951171875,0.4623229221695874,0.0,0.24701195219123506,0,0.26714447099940924,30.84545371335452,정상,0.05912675766288068,0.011924566924768553,0.0
2020-11-13,1114.1700439453125,1116.6500244140625,1106.47998046875,1114.9100341796875,0.5384018786866835,0.0,0.27091633466135456,0,0.3054568598455239,37.23724270837806,정상,0.059560966299343224,0.011552989415457704,0.0
2020-11-16,1107.219970703125,1109.489990234375,1104.25,1107.760009765625,0.3720312764747332,0.0,0.32669322709163345,1,0.25812581303893894,29.694482622387152,정상,0.05899779252941517,0.009660115262475911,0.0
2020-11-17,1106.1400146484375,1107.469970703125,1103.3199462890625,1106.0899658203125,0.3356544544073263,0.0,0.4342629482071713,1,0.27995131982219956,33.24338089047631,정상,0.062432034692775945,0.01026230432689193,0.0
2020-11-18,1104.72998046875,1107.1300048828125,1101.1400146484375,1104.949951171875,0.27635425915353173,0.0,0.4103585657370518,1,0.24831000473137346,28.441493390029986,정상,0.06081373437435864,0.010407044336693608,0.0
2020-11-19,1106.43994140625,1118.4000244140625,1105.9000244140625,1105.9000244140625,0.425869038341206,0.0,0.38645418326693226,1,0.2996915108040229,36.69449817606882,정상,0.059097292239980885,0.012112549338767127,0.0
2020-11-20,1114.8499755859375,1117.239990234375,1111.6300048828125,1114.1400146484375,0.496611770330681,0.0,0.3466135458167331,0,0.31437792414193977,39.27443467570619,정상,0.05739433227684284,0.01207291440966599,0.0
2020-11-23,1113.5799560546875,1116.1700439453125,1109.2900390625,1113.8299560546875,0.38944267911715463,0.0,0.6215139442231076,0,0.3645060102302785,48.22429543657296,주의,0.06268699652545347,0.013919188628260144,0.0
2020-11-24,1112.969970703125,1113.4200439453125,1106.6400146484375,1113.0799560546875,0.431696167562374,0.0,0.4302788844621514,0,0.3167925577650431,39.65504274459742,정상,0.06078693358904906,0.013903187171704025,0.0
2020-11-25,1108.3399658203125,1109.7099609375,1103.5799560546875,1109.7099609375,0.5255869364707079,0.0,0.36254980079681276,1,0.33127425693788093,42.19409968616612,주의,0.05899329025676399,0.01361207085743732,0.0
2020-11-26,1105.050048828125,1107.800048828125,1102.6199951171875,1104.489990234375,0.390714636733468,0.0,0.3904382470119522,1,0.2870584810667362,34.587855800498865,정상,0.05839875680156663,0.012843922369550126,0.0
2020-11-27,1105.0899658203125,1105.8499755859375,1101.969970703125,1105.56005859375,0.1813062726525503,0.0,0.41434262948207173,1,0.2118638629280984,23.389324985641753,정상,0.05951408693678034,0.012807368754278776,0.0
2020-11-30,1103.8499755859375,1107.9000244140625,1102.530029296875,1104.3299560546875,0.17469110325786563,0.0,0.3745019920318725,1,0.19579352029399993,21.480599492534413,정상,0.057823779399425186,0.01362639876847137,0.0
2020-12-01,1106.75,1108.5799560546875,1105.0799560546875,1108.510009765625,0.16388398447204572,0.0,0.32669322709163345,1,0.17536845597762946,19.28005633920936,정상,0.056229115130702466,0.01309957220095736,0.0
2020-12-02,1104.7099609375,1106.280029296875,1098.8699951171875,1106.280029296875,0.21903346554960676,0.0,0.3466135458167331,1,0.2040154656145247,22.769632307190115,정상,0.05646080986749781,0.013417045214547873,0.0
2020-12-03,1099.3199462890625,1100.9300537109375,1089.0799560546875,1099.3800048828125,0.44968266128365464,0.0,0.3107569721115538,1,0.28362316917450736,34.67598920245937,정상,0.0552979762236004,0.012281405124828993,0.0
2020-12-04,1091.3699951171875,1092.4300537109375,1079.4200439453125,1091.3199462890625,0.6620461272795962,0.0,0.41434262948207173,1,0.40300139549065883,56.50273167718508,주의,0.0588751313952209,0.009843986184639724,0.0
2020-12-07,1083.780029296875,1087.550048828125,1079.550048828125,1083.780029296875,0.7263520382176946,0.0,0.4701195219123506,0,0.44738510692445466,64.7112067506916,경계,0.06385144541600433,0.009358909214368433,0.0
2020-12-08,1083.0,1086.3499755859375,1081.489990234375,1083.6800537109375,0.672932176035591,0.0,0.6613545816733067,0,0.4906589168196035,71.7531492299629,경계,0.06752144002053707,0.009717527824612987,0.0
2020-12-09,1085.760009765625,1087.3900146484375,1080.3199462890625,1084.8599853515625,0.7478732043931547,0.0,0.6334661354581673,0,0.5110465968409975,74.67983170801091,경계,0.06546544773145443,0.011132170338657885,0.0
2020-12-10,1086.199951171875,1091.2900390625,1083.1500244140625,1086.3599853515625,0.6671840448489155,0.0,0.6334661354581673,0,0.47896536473304696,69.77591044188577,경계,0.06361200381873151,0.011413888133095764,0.0
2020-12-11,1087.280029296875,1093.81005859375,1084.9200439453125,1086.3699951171875,0.42807590399410844,0.0,0.6374501992031872,0,0.38524229409029903,53.24050743274513,주의,0.06190770404494405,0.012245597489325761,0.0
2020-12-14,1091.5799560546875,1093.81005859375,1088.300048828125,1091.5799560546875,0.2661586527384677,0.0,0.5896414342629482,1,0.30473729758713236,38.334441270575475,정상,0.060021756676756105,0.011296970324154013,0.0
2020-12-15,1093.2099609375,1095.5799560546875,1090.5699462890625,1092.06005859375,0.23967920494624956,0.0,0.49800796812749004,1,0.26329682976862595,31.325237063288746,정상,0.06109453847111741,0.011888121501886399,0.0
2020-12-16,1088.3499755859375,1094.739990234375,1087.7099609375,1088.2099609375,0.3335653778220427,0.0,0.4581673306772908,0,0.2871848521336331,35.337903807683915,정상,0.05925802622032144,0.011558050967824206,0.0
2020-12-17,1093.0699462890625,1094.6500244140625,1089.8499755859375,1091.6500244140625,0.3519126518320144,0.0,0.5298804780876494,1,0.3186719385169959,40.884369564844924,주의,0.05907131462640906,0.012490361518011386,0.0
2020-12-18,1092.3599853515625,1100.219970703125,1092.0400390625,1092.1600341796875,0.4048950156072542,0.0,0.5976095617529881,1,0.36258558125449464,49.01308537180659,주의,0.05857198077788818,0.01258767891142447,0.0
2020-12-21,1098.97998046875,1112.1600341796875,1097.0999755859375,1098.97998046875,0.6369615766391996,0.0,0.2749003984063745,1,0.34598726728279605,45.921459059427605,주의,0.05681667878127797,0.010940930374223563,0.0
2020-12-22,1101.8499755859375,1109.780029296875,1101.8499755859375,1101.8599853515625,0.6894707923342527,0.0,0.4302788844621514,1,0.4192812639996455,59.56749420007673,주의,0.06016946130239433,0.010764984796977451,0.0
2020-12-23,1108.25,1110.6300048828125,1103.8900146484375,1107.97998046875,0.566348180168352,0.0,0.49800796812749004,1,0.3931772657003052,54.81212597788797,주의,0.059217474827330446,0.009232024867766635,0.0
2020-12-24,1105.0,1105.93994140625,1099.3599853515625,1104.800048828125,0.6793659393637049,0.0,0.6254980079681275,1,0.48112072556758834,70.21407647876353,경계,0.06132026471826427,0.008785284824503106,0.0
2020-12-25,1098.9000244140625,1101.6600341796875,1098.9000244140625,1099.9100341796875,0.7017835188277494,0.0,0.46215139442231074,1,0.43492885741133047,62.56330138968331,경계,0.06049352831812601,0.009435437880641792,0.0
2020-12-28,1099.0899658203125,1106.0,1093.300048828125,1099.0899658203125,0.46491633707390173,0.0,0.7051792828685259,1,0.42273806076816245,60.48999242178088,경계,0.06113451402547274,0.009408693272304735,0.0
2020-12-29,1096.4200439453125,1096.4200439453125,1089.969970703125,1095.0,0.389672419342382,0.0,0.7131474103585658,1,0.3955098473293789,55.63652643435964,주의,0.05934302271473426,0.009253178647055571,0.0
2020-12-30,1091.25,1092.6199951171875,1083.6500244140625,1092.6199951171875,0.2922542213580763,0.0,0.7211155378486056,1,0.35946535379009004,48.68328846975988,주의,0.05933342569764688,0.00937811121036859,0.0
2020-12-31,1086.4200439453125,1088.800048828125,1082.0899658203125,1086.4200439453125,0.32448260881111424,0.0,0.7091633466135459,0,0.3682469854933259,50.2513254508137,주의,0.058144762569474526,0.008135686298741151,0.0
2021-01-01,1083.5,1088.5,1083.5,1084.6500244140625,0.40586432842167836,0.0,0.5936254980079682,0,0.36162694918239147,48.81466498175685,주의,0.06056059645873394,0.008221707910879067,0.0
2021-01-04,1084.72998046875,1086.469970703125,1079.219970703125,1084.72998046875,0.350296230880275,0.0,0.3187250996015936,0,0.2467961253963096,28.11520056910875,정상,0.05905700780344691,0.011017450277007016,0.0
2021-01-05,1085.6099853515625,1089.72998046875,1081.6700439453125,1086.6199951171875,0.3819143566990248,0.0,0.21115537848605578,0,0.2230786068515347,24.436983352354975,정상,0.05725861085636462,0.010879784353281156,0.0
2021-01-06,1085.6500244140625,1088.5899658203125,1083.25,1086.449951171875,0.26770971960302464,0.0,0.2549800796812749,0,0.19245618045753626,20.233544179030215,정상,0.055925472892853136,0.011045856472567492,0.0
2021-01-07,1085.25,1096.0,1084.8299560546875,1086.949951171875,0.32984562975820675,0.0,0.22709163346613545,0,0.20775266890448932,22.170482993699725,정상,0.054225172524724106,0.011849648443579454,0.0
2021-01-08,1092.68994140625,1098.68994140625,1088.3599853515625,1093.0699462890625,0.45301045768753656,0.0,0.21912350597609562,1,0.25403377434963115,29.041640334235062,정상,0.052603688827536535,0.01095167317221234,0.0
2021-01-11,1092.8199462890625,1100.4100341796875,1092.1600341796875,1092.8199462890625,0.49685037454008657,0.0,0.3147410358565737,1,0.30372061884104723,37.696339320366356,정상,0.05547760338847649,0.011763446274892836,0.0
2021-01-12,1096.239990234375,1102.9000244140625,1095.3800048828125,1096.449951171875,0.5124867112118552,0.0,0.26294820717131473,1,0.2924651960335908,35.768613631851565,정상,0.05379488559415306,0.011590507220838155,0.0
2021-01-13,1093.3399658203125,1098.4100341796875,1092.25,1093.5400390625,0.5774336723587128,0.0,0.2908366533864542,1,0.3276956323211836,42.38675528274049,주의,0.05372645419495663,0.011301195594521992,0.0
2021-01-14,1097.0899658203125,1102.8699951171875,1093.699951171875,1097.1099853515625,0.46484483857301606,0.0,0.3107569721115538,1,0.2896515047232896,35.45286583772928,정상,0.05310479678575358,0.012318422734580904,0.0
2021-01-15,1095.25,1104.5699462890625,1094.9000244140625,1094.9000244140625,0.48378889286036314,0.0,0.3346613545816733,1,0.30524760714070887,38.38387370359466,정상,0.05302385015210654,0.012895874705139199,0.0
2021-01-18,1102.9599609375,1107.6199951171875,1102.0799560546875,1102.9599609375,0.5935648547114972,0.0,0.3187250996015936,1,0.3435173854737835,45.74860987720151,주의,0.0520029963920891,0.011565760373825097,0.0
2021-01-19,1103.3900146484375,1105.4599609375,1099.6500244140625,1103.0999755859375,0.5706749001320865,0.0,0.4701195219123506,1,0.38548937732415267,54.06414482443015,주의,0.057925862656934904,0.01157553990867876,0.0
2021-01-20,1100.8199462890625,1102.239990234375,1097.0799560546875,1100.989990234375,0.5631071034487068,0.0,0.4302788844621514,1,0.3690402792620189,51.013497195023426,주의,0.05616337647388708,0.011786630882940484,0.0
2021-01-21,1097.699951171875,1101.300048828125,1096.25,1096.25,0.5460664589601503,0.0,0.2908366533864542,1,0.31522433060850213,40.663983690655066,주의,0.05495899568561503,0.010976357035940956,0.0
2021-01-22,1099.1800537109375,1106.3299560546875,1099.1800537109375,1099.9000244140625,0.4363787247040209,0.0,0.3904382470119522,1,0.30521408230804037,38.91420816080836,정상,0.05586339919423404,0.011753157901509038,0.0
2021-01-25,1104.6400146484375,1105.2900390625,1099.56005859375,1104.6400146484375,0.3364613528606483,0.0,0.40239043824701193,1,0.26951996283515334,32.532729020294305,정상,0.05568248507641387,0.011126726062956218,0.0
2021-01-26,1101.1800537109375,1107.6800537109375,1099.97998046875,1101.72998046875,0.4271070722149207,0.0,0.5378486055776892,1,0.3512565583044299,48.265364362959296,주의,0.05651640018861423,0.010819550807420579,0.0
2021-01-27,1101.9100341796875,1108.9100341796875,1100.1099853515625,1101.0,0.5196463092340111,0.0,0.4342629482071713,1,0.35310470788582127,48.73975162417631,주의,0.05574644393535704,0.012204886694875475,0.0
2021-01-28,1107.52001953125,1120.93994140625,1107.5,1107.5,0.741807703811459,0.0,0.3426294820717131,1,0.4105214424552544,60.281860887188046,경계,0.05410959478701036,0.011995165569042248,0.0
2021-01-29,1112.31005859375,1121.3299560546875,1112.2900390625,1112.2900390625,0.7648909227653171,0.0,0.3944223107569721,0,0.43717138737892386,65.35998794515466,경계,0.05723700461221775,0.011305035486831224,0.0
2021-02-01,1118.1800537109375,1119.8199462890625,1115.25,1117.4300537109375,0.7553963177432795,0.0,0.5298804780876494,0,0.4790931550841254,72.60774178397126,경계,0.05797527728861103,0.01037472524307279,0.0
2021-02-02,1116.25,1119.06005859375,1113.300048828125,1116.8800048828125,0.6822835475973036,0.0,0.7330677290836654,0,0.518569319097032,78.41274570515317,경계,0.05899882588284912,0.010413569845955976,0.0
2021-02-03,1113.0899658203125,1116.2099609375,1110.949951171875,1113.6099853515625,0.6815845122764972,0.0,0.7051792828685259,0,0.5088832388607606,76.94218459700566,경계,0.057233514824098934,0.01069798887805996,0.0
2021-02-04,1112.699951171875,1120.6099853515625,1112.3299560546875,1113.1500244140625,0.4531295959425234,0.0,0.8286852589641435,0,0.459716432736136,69.13937435725612,경계,0.05664914371215272,0.010828713235006608,0.0
2021-02-05,1119.27001953125,1127.3499755859375,1115.9300537109375,1119.1300048828125,0.46341998029574594,0.0,0.8247011952191236,0,0.46246376886620577,69.55059043802423,경계,0.05494686953941728,0.009530889178109025,0.0
2021-02-08,1116.8499755859375,1121.0699462890625,1116.050048828125,1116.8499755859375,0.4272977067876975,0.0,0.7649402390438247,0,0.4279415785207362,63.28300802008182,경계,0.0572017067993534,0.009536015649652198,0.0
2021-02-09,1115.8499755859375,1118.1300048828125,1110.0400390625,1116.3299560546875,0.4778406395825851,0.0,0.7888446215139442,0,0.45610109046524994,68.27133242969148,경계,0.056023205911175156,0.0112986699489797,0.0
2021-02-10,1110.25,1113.5699462890625,1102.7099609375,1110.0,0.5906820813442585,0.0,0.6135458167330677,1,0.4418288138901979,65.81770368123662,경계,0.05434669350233433,0.009839981508842395,0.0
2021-02-11,1105.9000244140625,1107.050048828125,1100.81005859375,1103.97998046875,0.5503256705343674,0.0,0.8366533864541833,1,0.5010486981729068,75.60600880971953,경계,0.05714252172572049,0.00841677146674762,0.0
2021-02-12,1102.2099609375,1106.3599853515625,1101.2099609375,1102.219970703125,0.27674136248361636,0.0,0.900398406374502,1,0.4137785583186192,60.74838034061888,경계,0.059300177918068006,0.013526420972379539,0.0
2021-02-15,1103.5,1105.3499755859375,1100.25,1103.3699951171875,0.34402588323681116,0.0,0.8884462151394422,1,0.43649817073155606,65.17821381541354,경계,0.05782742283004592,0.014006292871497517,0.0
2021-02-16,1100.949951171875,1107.5999755859375,1096.0,1102.239990234375,0.3755850275810643,0.0,0.4940239043824701,1,0.3159876534082444,41.42471022104546,주의,0.056212214028645735,0.023873896245598367,1.0
2021-02-17,1107.300048828125,1110.22998046875,1104.030029296875,1106.4599609375,0.3345025121355673,0.0,0.5577689243027888,1,0.32115798531267237,42.540448849996416,주의,0.05464521272828379,0.031048382780231015,1.0
2021-02-18,1105.0699462890625,1109.1700439453125,1101.6800537109375,1104.550048828125,0.3123162570857941,0.0,0.6772908366533864,1,0.3526575892786268,48.97105514099432,주의,0.05502465424687747,0.031337919321402,1.0
2021-02-19,1106.6800537109375,1110.7099609375,1101.719970703125,1106.219970703125,0.3552416157120424,0.0,0.4860557768924303,1,0.3052112659215114,39.58735403773273,정상,0.053769684678529814,0.031485897981888736,1.0
2021-02-22,1103.93994140625,1115.0999755859375,1102.530029296875,1103.93994140625,0.5647245879991452,0.0,0.36254980079681276,1,0.34683500995521144,48.056963857362355,주의,0.05246156725724004,0.03184301837559952,1.0
2021-02-23,1111.6600341796875,1114.199951171875,1107.760009765625,1110.6700439453125,0.5414400511493496,0.0,0.2948207171314741,0,0.3147289369591544,41.680694073664576,주의,0.05149220767146904,0.03321574516884493,1.0
2021-02-24,1109.02001953125,1113.2099609375,1105.4100341796875,1109.31005859375,0.5679644180022015,0.0,0.6135458167330677,1,0.43279648991082587,65.49720618059693,경계,0.05523506330126213,0.03352096524151254,1.0
2021-02-25,1105.25,1114.3900146484375,1105.25,1107.2099609375,0.7331387232198316,0.0,0.545816733067729,1,0.47561983605001035,72.95317437613343,경계,0.05376388381088083,0.03348137909861394,1.0
2021-02-26,1119.1500244140625,1129.1600341796875,1117.3399658203125,1119.1300048828125,0.8732315574456769,0.18465125258471218,0.22709163346613545,0,0.4727413818026843,72.63747284903579,경계,0.052644234002505806,0.032217302036134904,1.0
2021-03-01,1123.3699951171875,1123.8699951171875,1116.2900390625,1123.3699951171875,0.7794449844253852,0.15117965908547407,0.8844621513944223,0,0.6483443039152044,91.92930519643484,심각,0.06587037138252398,0.03228133917343452,1.0
2021-03-02,1101.4000244140625,1127.75,1101.4000244140625,1101.8299560546875,0.9682916288684147,0.3084266887178349,0.8247011952191236,1,0.7449475225371749,96.08753978774837,심각,0.06553458932119895,0.025976595675789485,1.0
2021-03-03,1124.2900390625,1125.8900146484375,1116.8399658203125,1124.3299560546875,0.9781234302748437,0.43716966770801347,0.9043824701195219,0,0.8098616271324428,97.51123236463997,심각,0.09851205577547492,0.016371382087288507,1.0
2021-03-04,1126.5999755859375,1129.5,1122.550048828125,1129.5,0.9728292556959335,0.357924251265433,0.9362549800796812,0,0.7975040772052578,97.10202859974075,심각,0.1236972063161928,0.01751755465372065,1.0
2021-03-05,1133.0799560546875,1133.3499755859375,1123.56005859375,1133.3499755859375,0.9645755357445703,0.29304359178342076,0.9362549800796812,0,0.777025194470327,96.42118759651561,심각,0.1212484324638628,0.017746248233663584,1.0
2021-03-08,1127.489990234375,1140.3199462890625,1126.199951171875,1127.489990234375,0.9639244719360436,0.2399238005855167,0.9243027888446215,0,0.7586543286074724,95.72769196107431,심각,0.11829701422951543,0.017015717066980324,1.0
2021-03-09,1140.0999755859375,1143.4000244140625,1134.489990234375,1140.22998046875,0.6198239944237702,0.19643299393471167,0.9561752988047809,1,0.6210677837238787,88.57787398473279,심각,0.11645106944150456,0.012948974581182948,0.0
2021-03-10,1134.5,1143.719970703125,1134.3499755859375,1134.9100341796875,0.42019019864470375,0.16082573305352915,0.9561752988047809,0,0.532257241554057,79.7334708605687,경계,0.12106232965058553,0.014036032087283414,0.0
2021-03-11,1135.969970703125,1140.47998046875,1128.5,1136.010009765625,0.4495920250180232,0.13167297353723437,0.952191235059761,0,0.5348758653624968,80.24439266544121,심각,0.11877459828792676,0.014047996731102602,0.0
2021-03-12,1129.550048828125,1138.5400390625,1127.3499755859375,1129.6400146484375,0.45742693922264777,0.10780471278415707,0.9482071713147411,0,0.5303204032820672,79.97436293192439,경계,0.11521783985385341,0.012875689789761453,0.0
2021-03-15,1134.5,1138.0799560546875,1130.050048828125,1134.5,0.35218777440549925,0.08826303368312846,0.952191235059761,0,0.4846426250371519,73.87592057856148,경계,0.1138276251037958,0.01333741270306665,0.0
2021-03-16,1131.530029296875,1135.3599853515625,1127.050048828125,1131.3900146484375,0.20754530154972584,0.07226366003633504,0.9601593625498008,0,0.4255814171486114,63.88274553255443,경계,0.11161534717814439,0.013454321440686158,0.0
2021-03-17,1129.47998046875,1133.8399658203125,1126.25,1129.8399658203125,0.16548653014029005,0.05916448080171986,0.9760956175298805,0,0.4107632694349887,61.159529430732164,경계,0.10874024122836716,0.013397366302799744,0.0
2021-03-18,1121.030029296875,1128.1600341796875,1119.5999755859375,1121.1300048828125,0.17551809797407056,0.048439779922259896,0.9641434262948207,0,0.4078769678034822,60.66156534969237,경계,0.10556227047368726,0.011837967876471952,0.0
2021-03-19,1127.050048828125,1134.3800048828125,1126.1099853515625,1126.1099853515625,0.19035572319767324,0.03965913749468355,0.9760956175298805,0,0.41548092989449287,62.13041452629954,경계,0.10667864115449047,0.011003446306526242,0.0
2021-03-22,1127.47998046875,1133.5899658203125,1125.199951171875,1127.47998046875,0.18059154261343954,0.03247015550744549,0.9721115537848606,0,0.4083492510046193,60.7980102112337,경계,0.10485476386666978,0.010955184223690115,0.0
2021-03-23,1125.219970703125,1130.800048828125,1124.8499755859375,1125.1199951171875,0.1803017258525378,0.026584314871170026,0.9601593625498008,0,0.40264185580354106,59.70768063883709,주의,0.1017703364359905,0.011527667387646514,0.0
2021-03-24,1132.050048828125,1134.97998046875,1129.2099609375,1133.199951171875,0.2116693488374507,0.02176539613453523,0.9601593625498008,0,0.41383601660228997,61.87405443348028,경계,0.09900582389564345,0.010791821567446807,0.0
2021-03-25,1135.030029296875,1137.4100341796875,1131.5,1134.47998046875,0.11379568485618437,0.01781999916826862,1.0,0,0.3873168383368192,56.7253572064726,주의,0.09994118617591977,0.010737441972547694,0.0
2021-03-26,1133.5799560546875,1134.2099609375,1127.7900390625,1134.2099609375,0.10666844125901345,0.011207775676191549,1.0,0,0.38273047742679106,55.84486279684516,주의,0.09699596145978305,0.01088610614537711,0.0
2021-03-28,1127.97998046875,1135.3800048828125,1127.9599609375,1127.9599609375,0.1464726586779421,0.009176150619697393,0.952191235059761,0,0.38188948953829804,55.67527867929979,주의,0.09404562878028783,0.010902994582041943,0.0
2021-03-29,1131.0899658203125,1135.0,1131.010009765625,1131.6500244140625,0.22915117501969978,0.004130791044527803,0.9482071713147411,0,0.41208032500533076,61.58068067784506,경계,0.09367799577171193,0.010617660493576533,0.0
2021-03-30,1132.3699951171875,1133.68994140625,1125.0400390625,1132.3199462890625,0.29539956420655106,0.0,0.17131474103585656,0,0.17524094419060443,19.03544488095317,정상,0.09170782430274456,0.01111770732610187,0.0
2021-03-31,1126.9100341796875,1132.8699951171875,1125.02001953125,1127.199951171875,0.33674310424567977,0.0,0.03187250996015936,0,0.14463798456616742,15.58936909557214,정상,0.08894380911724582,0.010946908406868038,0.0
2021-04-01,1127.8299560546875,1128.47998046875,1125.7900390625,1128.06005859375,0.32003269675045987,0.0,0.05179282868525897,0,0.14471419513195694,15.525948961913638,정상,0.08801637846660229,0.010927416896751228,0.0
2021-04-04,1128.6500244140625,1129.219970703125,1121.8900146484375,1128.7900390625,0.278962214060521,0.0,0.06772908366533864,0,0.13376105309188766,14.364648903852869,정상,0.08538657207464623,0.010908266578381356,0.0
2021-04-05,1124.4000244140625,1125.06005859375,1116.0699462890625,1124.1099853515625,0.42547604199718514,0.0,0.027888446215139442,0,0.17857332385459052,19.36717334527089,정상,0.08282356030331718,0.010141436295433702,0.0
2021-04-06,1117.4100341796875,1118.81005859375,1114.1099853515625,1117.5,0.390632184386094,0.0,0.027888446215139442,0,0.1647197419128314,17.676329513363083,정상,0.08190941227574317,0.0083803307553639,0.0
2021-04-07,1118.02001953125,1120.93994140625,1113.8399658203125,1117.8599853515625,0.3882391652228662,0.0,0.07569721115537849,0,0.1798965586109058,19.63060984660524,정상,0.08265889573989259,0.008383841339186543,0.0
2021-04-08,1115.6600341796875,1121.72998046875,1112.9599609375,1115.8399658203125,0.48546087365089824,0.0,0.06374501992031872,0,0.2145189082921514,24.50535635170508,정상,0.08015055813525375,0.008596294186784299,0.0
2021-04-11,1122.02001953125,1126.699951171875,1120.25,1122.06005859375,0.6076837301940057,0.0,0.01593625498007968,0,0.24698527994993275,29.62713993374415,정상,0.0780264535770898,0.007678276539416293,0.0
2021-04-12,1124.449951171875,1127.8599853515625,1120.1700439453125,1124.449951171875,0.5166318503527364,0.0,0.07171314741035857,0,0.22960023119434145,26.752869951609327,정상,0.07867696704125446,0.008594038248101643,0.0
2021-04-13,1120.719970703125,1123.4300537109375,1111.5799560546875,1120.68994140625,0.5441169277496684,0.0,0.06374501992031872,0,0.2378399900422648,28.002593303526147,정상,0.07672749101606853,0.008339687556688477,0.0
2021-04-14,1116.1099853515625,1119.0400390625,1112.469970703125,1116.1099853515625,0.6436980110946353,0.0,0.05179282868525897,0,0.2734004044495207,34.00045386323964,정상,0.07552159837361824,0.007915738578406635,0.0
2021-04-15,1115.7900390625,1120.77001953125,1112.2099609375,1115.6700439453125,0.6606195647269173,0.0,0.027888446215139442,0,0.27206412204833946,33.5202837348932,정상,0.07493237924455601,0.0081155673757951,0.0
2021-04-18,1116.6500244140625,1119.6600341796875,1112.1600341796875,1115.6500244140625,0.5470754553319753,0.0,0.06772908366533864,0,0.24036029359740563,27.79543265232992,정상,0.07266580996968149,0.012202284167088984,0.0
2021-04-19,1114.3699951171875,1117.81005859375,1109.3599853515625,1114.469970703125,0.5142143964024979,0.0,0.09163346613545817,0,0.23535918232620795,26.842451816192174,정상,0.07045215121445494,0.012584323780397564,0.0
2021-04-20,1116.1099853515625,1120.5899658203125,1114.9200439453125,1116.1099853515625,0.375228271811416,0.0,0.13545816733067728,0,0.1948838753618758,20.774543642359614,정상,0.06842973951803107,0.013127886213422599,0.0
2021-04-21,1115.449951171875,1119.800048828125,1113.6400146484375,1115.6600341796875,0.30827478197001157,0.0,0.11952191235059761,0,0.16288772711839897,16.81652839534221,정상,0.06659103376096544,0.013147177873662437,0.0
2021-04-22,1119.6300048828125,1120.27001953125,1112.8900146484375,1118.5899658203125,0.34283028267600907,0.0,0.11952191235059761,0,0.17662666113403652,18.528790996550036,정상,0.06458143835946556,0.013519881539159968,0.0
2021-04-25,1114.18994140625,1115.0999755859375,1108.530029296875,1114.1300048828125,0.4636484458208093,0.0,0.12350597609561753,0,0.2260068197923373,25.42697902407443,정상,0.06343913402534088,0.014527849913788927,1.0
2021-04-26,1109.2099609375,1113.1099853515625,1107.6800537109375,1109.22998046875,0.47954984162204406,0.0,0.12350597609561753,1,0.2323290614964427,26.402007694488326,정상,0.0634379984446904,0.014209320595636147,1.0
2021-04-27,1112.1500244140625,1114.31005859375,1109.6099853515625,1112.1500244140625,0.49825600938439596,0.0,0.17131474103585656,0,0.2558947115504705,30.27881719992489,정상,0.0638488460404246,0.01417016242965998,1.0
2021-04-28,1108.8900146484375,1109.3499755859375,1104.25,1108.6600341796875,0.5394432440945875,0.0,0.16733067729083664,1,0.27092633758150375,32.88253660589409,정상,0.06274218375710992,0.01822579775082833,1.0
2021-04-29,1106.5799560546875,1116.7900390625,1106.1800537109375,1106.6300048828125,0.5248278928335313,0.0,0.17131474103585656,1,0.26645943629530744,31.974956080982235,정상,0.06204633773861035,0.018871875789259824,1.0
2021-05-02,1116.6099853515625,1123.8900146484375,1115.0699462890625,1116.760009765625,0.7607133902158603,0.0,0.099601593625498,0,0.33605284938117264,45.53970734046718,주의,0.06057681473017396,0.016526852616691016,1.0
2021-05-03,1120.4000244140625,1127.8599853515625,1118.6400146484375,1120.4000244140625,0.7518747724729363,0.0,0.2749003984063745,0,0.3916756463492215,57.00074784740209,주의,0.06859187922012021,0.018452048857362693,1.0
2021-05-04,1124.8900146484375,1127.8399658203125,1122.260009765625,1124.9100341796875,0.7782835520277843,0.0,0.24302788844621515,0,0.39142335052302296,56.79057797239866,주의,0.06769540195111279,0.019469884930635065,1.0
2021-05-05,1124.0699462890625,1126.5899658203125,1120.06005859375,1123.989990234375,0.733673970096394,0.0,0.21912350597609562,0,0.3656228816929118,51.21588141445515,주의,0.06746644866000617,0.019662028817879217,1.0
2021-05-06,1119.989990234375,1122.5,1109.0799560546875,1119.3900146484375,0.7520151214022517,0.0,0.21912350597609562,0,0.3729151466699395,52.661887766016626,주의,0.06548847924528882,0.019453259602412693,1.0
2021-05-09,1111.969970703125,1116.800048828125,1110.239990234375,1111.969970703125,0.6753378449619333,0.0,0.3107569721115538,0,0.3733414952152687,52.636126965686934,주의,0.06546525846839894,0.018282519360570352,1.0
2021-05-10,1115.5899658203125,1121.1600341796875,1115.489990234375,1115.5400390625,0.6253606270147237,0.0,0.4860557768924303,0,0.412607981258722,60.76000168310747,경계,0.06853718952594094,0.018458348437121526,1.0
2021-05-11,1118.4300537109375,1131.18994140625,1118.22998046875,1118.22998046875,0.7679229799566507,0.0,0.5139442231075697,0,0.47869754922387264,73.04500419132232,경계,0.06760814251533472,0.01831478560062632,1.0
2021-05-12,1131.739990234375,1134.949951171875,1127.1800537109375,1131.5999755859375,0.8885651739291368,0.0,0.41832669322709165,0,0.494407206626748,75.45129048825518,경계,0.06621414944292485,0.014886840277730237,1.0
2021-05-13,1125.75,1130.9100341796875,1124.72998046875,1125.699951171875,0.84435963999094,0.0,0.8884462151394422,0,0.6354260499229567,90.87922897536843,심각,0.07910230984234413,0.014029727532587188,0.0
2021-05-16,1125.6700439453125,1138.739990234375,1125.510009765625,1125.530029296875,0.8168018007741804,0.0,0.900398406374502,0,0.6285013831811326,90.10275762702834,심각,0.07934058404160207,0.014585514084596966,1.0
2021-05-17,1136.260009765625,1137.4200439453125,1125.56005859375,1135.510009765625,0.8527891458913882,0.0,0.8804780876494024,0,0.636089497212037,90.37732980949158,심각,0.07692578985025371,0.012758404874739011,0.0
2021-05-18,1127.0799560546875,1130.550048828125,1123.280029296875,1127.1400146484375,0.8502308193113287,0.0,0.9083665338645418,0,0.6444804817527834,90.68712354517359,심각,0.08210258530507351,0.010396308202095517,0.0
2021-05-19,1130.27001953125,1133.3299560546875,1126.969970703125,1130.3699951171875,0.7048837772102766,0.0,0.9322709163346613,0,0.594756027774815,86.34909224146318,심각,0.08464044670998921,0.01028086366775344,0.0
2021-05-20,1127.02001953125,1128.719970703125,1122.050048828125,1127.050048828125,0.6761897285665094,0.0,0.9362549800796812,0,0.5846915721075407,85.11036694101328,심각,0.0828128859065568,0.011046013400524525,0.0
2021-05-23,1126.8199462890625,1129.06005859375,1123.3599853515625,1126.7900390625,0.5266805608380404,0.0,0.9362549800796812,0,0.5252481680709206,77.69937378959112,경계,0.08110060595232582,0.012196891326847061,0.0
2021-05-24,1122.1800537109375,1124.47998046875,1119.68994140625,1122.18994140625,0.18308839672640315,0.0,0.9601593625498008,0,0.3967033643779003,54.91198066260814,주의,0.0786350729268289,0.011494979915096671,0.0
2021-05-25,1121.4000244140625,1122.6700439453125,1113.6099853515625,1121.3800048828125,0.15824347484155551,0.0,0.9561752988047809,0,0.3854812414012674,52.55767668154715,주의,0.07788131024894433,0.013336614582765324,0.0
2021-05-26,1115.550048828125,1119.739990234375,1113.8399658203125,1115.52001953125,0.14108576910794743,0.0,0.9402390438247012,0,0.3732834169596855,50.04959174855531,주의,0.07556090618153485,0.012271870903948413,0.0
2021-05-27,1117.199951171875,1118.3900146484375,1112.1800537109375,1117.300048828125,0.1751101184826859,0.0,0.9362549800796812,0,0.38546714882120126,52.54830058370514,주의,0.07603910958458493,0.013016727241652284,0.0
2021-05-30,1113.1400146484375,1116.9100341796875,1105.9000244140625,1112.8499755859375,0.24573851005865918,0.0,0.9203187250996016,0,0.40817223053885054,57.14476767695827,주의,0.0739828847838831,0.012975156955572515,0.0
2021-05-31,1106.97998046875,1109.5,1104.0,1106.97998046875,0.268686777336799,0.0,0.8326693227091634,1,0.3877277673249511,53.093479062110205,주의,0.0733884987184787,0.011868458859828663,0.0
2021-06-01,1107.72998046875,1114.02001953125,1106.43994140625,1107.2099609375,0.2632489950664522,0.0,0.8565737051792829,1,0.3936298865326849,54.416724412413984,주의,0.07406504780418853,0.011869483065903479,0.0
2021-06-02,1110.050048828125,1117.8299560546875,1108.68994140625,1109.8800048828125,0.322906564431701,0.0,0.8007968127490039,1,0.398532860038774,55.50483526991036,주의,0.0718132710783385,0.018322172297410348,1.0
2021-06-03,1115.27001953125,1118.8499755859375,1108.8800048828125,1115.43994140625,0.4332007893512076,0.0,0.8007968127490039,0,0.4423847807899032,64.16074278568755,경계,0.07025264315103585,0.01768339956337652,1.0
2021-06-06,1109.6800537109375,1113.1700439453125,1108.550048828125,1109.6800537109375,0.400292294195163,0.0,0.8326693227091634,1,0.44005285234092717,63.6967818883256,경계,0.07082974304891998,0.016920155826318194,1.0
2021-06-07,1109.4100341796875,1117.030029296875,1108.5400390625,1109.3199462890625,0.38923772446825916,0.0,0.6972111553784861,1,0.3899609308198815,53.74229835213799,주의,0.07156187822654862,0.017265888374968723,1.0
2021-06-08,1116.8599853515625,1117.949951171875,1111.300048828125,1116.8900146484375,0.47218685369344665,0.0,0.5816733067729084,0,0.3839640814641587,52.44453589169051,주의,0.06939329269243753,0.01598554063410938,1.0
2021-06-09,1115.6400146484375,1116.8199462890625,1112.52001953125,1116.4100341796875,0.49317492973286087,0.0,0.8207171314741036,0,0.4729500284633652,69.50618217815597,경계,0.07228992916547448,0.015980004365487244,1.0
2021-06-10,1111.510009765625,1118.0899658203125,1108.3900146484375,1111.260009765625,0.4783579105037,0.0,0.14342629482071714,0,0.23857526869400217,24.975569681612402,정상,0.07010761321560109,0.015379848705682785,1.0
2021-06-13,1114.8599853515625,1119.02001953125,1114.260009765625,1115.550048828125,0.4814119505502571,0.0,0.14741035856573706,0,0.24113354708432677,25.376743184772604,정상,0.07030943439093237,0.01565634364336126,1.0
2021-06-14,1116.469970703125,1118.5899658203125,1115.77001953125,1116.3199462890625,0.48251613008276895,0.0,0.17131474103585656,0,0.2496366872498236,26.688606545098516,정상,0.06979460651396438,0.01598187605790403,1.0
2021-06-15,1116.489990234375,1119.030029296875,1115.6300048828125,1116.030029296875,0.2889879389394712,0.0,0.1593625498007968,0,0.16865967927017905,15.87873907777227,정상,0.06772153777546935,0.016032648109055365,1.0
2021-06-16,1132.1099853515625,1135.8599853515625,1126.9200439453125,1131.949951171875,0.7344565410592747,0.18465125258471218,0.027888446215139442,0,0.3503646976607667,45.405316936459336,주의,0.06566623454053418,0.0075548378505518095,0.0
2021-06-17,1133.6700439453125,1136.780029296875,1126.510009765625,1133.5400390625,0.5897996315979173,0.15117965908547407,0.6812749003984063,0,0.5043980428164708,74.51208724435966,경계,0.08418245924252417,0.007828036204545127,0.0
2021-06-20,1134.1400146484375,1138.719970703125,1130.8900146484375,1134.25,0.6333338806560465,0.12377543613312275,0.6095617529880478,0,0.49025068361739244,72.09147769409961,경계,0.0818002404112903,0.008144561788822243,0.0
2021-06-21,1130.52001953125,1138.0,1130.239990234375,1130.3399658203125,0.7583821840341562,0.10133875603782722,0.549800796812749,0,0.5138612893580281,75.67919146856919,경계,0.07934563704970383,0.007382052516305309,0.0
2021-06-22,1132.4300537109375,1138.0899658203125,1131.3599853515625,1132.510009765625,0.7805133188397679,0.08296915604683616,0.4701195219123506,0,0.4909109345576934,71.87388296847178,경계,0.07809152221740978,0.008902978753417893,0.0
2021-06-23,1133.4100341796875,1138.1300048828125,1129.93994140625,1132.6099853515625,0.35400752082057935,0.06792939961247077,0.6653386454183267,0,0.38320695241285085,51.04839536852378,주의,0.07607896908323589,0.009943343263362603,0.0
2021-06-24,1131.4599609375,1132.239990234375,1123.31005859375,1130.800048828125,0.3413033538576402,0.05561588850085336,0.42231075697211157,0,0.2929067640908437,32.93378257407208,정상,0.07376209584934551,0.011031318583524454,0.0
2021-06-27,1125.3399658203125,1131.6700439453125,1125.3399658203125,1125.3399658203125,0.41126802687478997,0.04553443827540474,0.41434262948207173,0,0.3153638090894576,37.117782278651276,정상,0.07178488254227147,0.010060863080220682,0.0
2021-06-28,1129.02001953125,1133.969970703125,1127.31005859375,1129.0400390625,0.3995653970179597,0.037280444940205,0.5179282868525896,0,0.343467709905418,42.70360744919413,주의,0.07209792466422403,0.00991651734940227,0.0
2021-06-29,1130.7099609375,1132.3299560546875,1125.02001953125,1130.510009765625,0.4039696859776436,0.030522646760976282,0.33067729083665337,0,0.2802585784268676,30.562990939501876,정상,0.07105734167044488,0.01186209418276667,0.0
2021-06-30,1129.6800537109375,1134.739990234375,1128.510009765625,1129.5999755859375,0.4006768958913248,0.024989829568547332,0.3466135458167331,0,0.2828589529854251,30.948834271745078,정상,0.06907817192701751,0.012702995816392771,0.0
2021-07-01,1134.4000244140625,1136.6199951171875,1131.0899658203125,1132.4100341796875,0.37875710621345926,0.02045994198194718,0.30278884462151395,0,0.2581589262415589,26.713421900878153,정상,0.06704693631494092,0.012786566816900286,0.0
2021-07-04,1129.8499755859375,1131.8399658203125,1127.699951171875,1129.77001953125,0.24595728868584885,0.016751183706811428,0.24701195219123506,0,0.18555965336792102,16.66846393005897,정상,0.0657184235212397,0.012629799128191383,0.0
2021-07-05,1130.0999755859375,1137.6199951171875,1128.739990234375,1129.43994140625,0.29778195272181607,0.013714709251225343,0.16733067729083664,0,0.1784793615360279,15.930066131775778,정상,0.06435951206358491,0.014675506954203539,1.0
2021-07-06,1135.68994140625,1142.260009765625,1134.6600341796875,1135.47998046875,0.4004232797336866,0.011228654233501289,0.13545816733067728,0,0.20787743746515241,19.50271659792115,정상,0.06240920607454495,0.01385664198085581,0.0
2021-07-07,1140.9100341796875,1150.550048828125,1139.3699951171875,1140.52001953125,0.49886829706258873,0.009193244536646779,0.11952191235059761,1,0.2411026352854023,24.205007117148618,정상,0.0639635245860315,0.013172030400880575,0.0
2021-07-08,1146.22998046875,1149.780029296875,1142.3499755859375,1146.280029296875,0.564336985213481,0.00752679202271886,0.16733067729083664,1,0.28281890241792906,31.110124191457693,정상,0.06436170338200323,0.012216861058527765,0.0
2021-07-11,1144.1300048828125,1148.8900146484375,1144.0699462890625,1144.31005859375,0.5649427667035798,0.006162416101021958,0.21115537848605578,1,0.2974823500367491,33.81536741768038,정상,0.065403315064061,0.012140803539002374,0.0
2021-07-12,1142.8499755859375,1148.6300048828125,1141.0999755859375,1141.0999755859375,0.5385925562623871,0.00504535957516959,0.15139442231075698,1,0.26654935050618916,28.408349249144948,정상,0.0637626215397935,0.01182440151877055,0.0
2021-07-13,1149.050048828125,1151.780029296875,1144.300048828125,1148.699951171875,0.5159243465120215,0.004130791044527803,0.22709163346613545,1,0.2828306816256399,31.307070301407077,정상,0.06277780275309262,0.009909104140022698,0.0
2021-07-14,1144.31005859375,1147.7900390625,1138.1700439453125,1143.4100341796875,0.6104135834003717,0.0,0.6772908366533864,1,0.47117821299406126,68.34683059461716,경계,0.06611240589756917,0.00948020610850038,0.0
2021-07-15,1141.239990234375,1143.780029296875,1137.6400146484375,1140.1199951171875,0.5483022871848738,0.0,0.05976095617529881,1,0.23816002710854461,24.043029274493538,정상,0.06656377278199567,0.011047801949475388,0.0
2021-07-18,1141.5400390625,1153.56005859375,1141.5,1141.5,0.6965230803248845,0.0,0.0398406374501992,1,0.29037107830514175,32.84742505590817,정상,0.06550142871397459,0.013402880631798177,0.0
2021-07-19,1149.989990234375,1152.3800048828125,1146.469970703125,1150.0699462890625,0.7466337561775841,0.0,0.03187250996015936,1,0.3076065570210209,36.14839710828301,정상,0.0636799505193595,0.011185335835848829,0.0
2021-07-20,1147.4300537109375,1155.530029296875,1146.760009765625,1147.47998046875,0.7143770556391663,0.0,0.10358565737051793,1,0.31897399087309625,38.428879952154084,정상,0.06824736014090772,0.010988916468103457,0.0
2021-07-21,1149.6800537109375,1152.530029296875,1145.7099609375,1148.68994140625,0.6336591707459689,0.0,0.12350597609561753,1,0.29360144536499116,33.72629410427274,정상,0.0667464958860804,0.011627234773408544,0.0
2021-07-22,1149.9300537109375,1154.3900146484375,1146.6800537109375,1149.9100341796875,0.6368090807678642,0.0,0.1394422310756972,1,0.3002299052464945,35.03606808898598,정상,0.0648427539135147,0.01160781340426565,0.0
2021-07-25,1151.1099853515625,1156.1700439453125,1151.1099853515625,1151.1199951171875,0.44839214116091825,0.0,0.18326693227091634,1,0.24010138267344527,24.830830328630213,정상,0.06300276039656436,0.01166666379379489,0.0
2021-07-26,1151.56005859375,1156.7099609375,1148.300048828125,1151.760009765625,0.32818893116441744,0.0,0.1553784860557769,1,0.18290159443358467,17.3070859743763,정상,0.061220174671304584,0.011684143942897837,0.0
2021-07-27,1153.489990234375,1157.22998046875,1151.300048828125,1153.56005859375,0.20279976390298746,0.0,0.1593625498007968,1,0.13439209160507104,12.590049028094096,정상,0.05939449991915175,0.012921485635330195,0.0
2021-07-28,1149.530029296875,1151.489990234375,1140.7900390625,1149.4100341796875,0.3529800624048797,0.0,0.15139442231075698,1,0.19141428775978586,18.810054319689574,정상,0.057904387036880195,0.012412837287248983,0.0
2021-07-29,1143.239990234375,1152.4100341796875,1142.1199951171875,1142.1199951171875,0.49990035105324354,0.0,0.19123505976095617,1,0.2632685934706483,29.368400047106668,정상,0.05786312403111007,0.013300868001452353,0.0
2021-08-01,1150.719970703125,1154.0899658203125,1148.260009765625,1150.9300537109375,0.6440653942718052,0.0,0.44223107569721115,1,0.4052605798854395,56.58202907911538,주의,0.0613135709116079,0.010872404499614031,0.0
2021-08-02,1149.699951171875,1153.510009765625,1145.4599609375,1149.56005859375,0.6497770951915024,0.0,0.8007968127490039,1,0.5284934325095384,77.70519267112422,경계,0.06653252676049608,0.011135002820163026,0.0
2021-08-03,1147.550048828125,1148.8499755859375,1139.9000244140625,1148.5799560546875,0.705716794982238,0.0,0.7729083665338645,1,0.541326367438097,79.25534340410898,경계,0.06467172176022984,0.015082978214961676,1.0
2021-08-04,1144.030029296875,1146.4000244140625,1139.510009765625,1144.06005859375,0.6706673361087981,0.0,0.6095617529880478,1,0.47228615873802016,68.54709008084826,경계,0.06278921828599177,0.01566062676089814,1.0
2021-08-05,1142.0999755859375,1147.0999755859375,1139.72998046875,1143.1199951171875,0.5070875332515059,0.0,0.5936254980079682,1,0.40187231977738314,55.21294466886123,주의,0.06277744330717303,0.016379686468432055,1.0
2021-08-08,1144.9100341796875,1147.3699951171875,1141.969970703125,1144.9200439453125,0.2760661857063304,0.0,0.4063745019920319,1,0.2468514480010337,26.172761258674438,정상,0.06094886376306283,0.016333298839415786,1.0
2021-08-09,1145.9000244140625,1153.0899658203125,1145.27001953125,1145.8900146484375,0.32834783176555943,0.0,0.398406374501992,1,0.2649500835460149,29.129354569825992,정상,0.05940800483777486,0.017266155780687933,1.0
2021-08-10,1152.5400390625,1158.5799560546875,1151.199951171875,1152.47998046875,0.40329282723791,0.0,0.3187250996015936,1,0.26786706129753796,29.692783949149998,정상,0.05769224742225541,0.016668912733886095,1.0
2021-08-11,1152.9100341796875,1164.1700439453125,1152.8399658203125,1152.8499755859375,0.48792885126487723,0.0,0.26693227091633465,1,0.28404524912528095,32.58598374884822,정상,0.060215467625263606,0.016666256343251053,1.0
2021-08-12,1162.1300048828125,1170.449951171875,1160.780029296875,1162.06005859375,0.5544271472347126,0.0,0.15139442231075698,0,0.27150770702947846,30.530857922555093,정상,0.058394402828643006,0.015720466740967432,1.0
2021-08-15,1161.3800048828125,1167.5,1161.06005859375,1161.3800048828125,0.6649549947172323,0.0,0.5577689243027888,0,0.4525427073029729,65.15943889766238,경계,0.06451877072415678,0.01738138532229653,1.0
2021-08-16,1164.68994140625,1179.030029296875,1164.27001953125,1164.5,0.775071496690822,0.0,0.47410358565737054,0,0.4680995155325723,67.81527611554392,경계,0.06259467012501235,0.017544908856143772,1.0
2021-08-17,1176.8900146484375,1178.52001953125,1166.2900390625,1176.449951171875,0.8304038607543972,0.0,0.13147410358565736,0,0.37451328078666885,49.86883171997025,주의,0.06157788877276956,0.01552175543121524,1.0
2021-08-18,1169.75,1177.219970703125,1169.6400146484375,1169.6800537109375,0.8436226173822197,0.0,0.7649402390438247,0,0.5934683502028957,84.94948893332015,심각,0.07169634962486644,0.014660811214905044,1.0
2021-08-19,1175.4599609375,1183.5,1170.75,1175.3900146484375,0.8057902682422244,0.0,0.8087649402390438,0,0.5932108093817666,84.77601716689782,심각,0.07304472074194801,0.013920664106945535,0.0
2021-08-22,1174.530029296875,1176.4200439453125,1168.7900390625,1174.239990234375,0.8011631149607834,0.0,0.8286852589641435,0,0.5980912053578538,85.13316628855596,심각,0.07330732941103546,0.014038014883695486,0.0
2021-08-23,1167.949951171875,1170.3699951171875,1163.260009765625,1167.6099853515625,0.7223390767085712,0.0,0.8326693227091634,0,0.5680955490028847,81.75692890231716,심각,0.07117594602361299,0.012863631156626181,0.0
2021-08-24,1163.300048828125,1168.3599853515625,1162.550048828125,1163.469970703125,0.3678872058284685,0.0,0.9123505976095617,0,0.4540493316314119,64.58821764168403,경계,0.0724348734801444,0.013231668226430578,0.0
2021-08-25,1163.3199462890625,1171.3499755859375,1162.780029296875,1163.3299560546875,0.3522256616393494,0.0,0.9163346613545816,0,0.44916647412080496,63.60942157419143,경계,0.0715735198382339,0.014046979643158942,0.0
2021-08-26,1169.6800537109375,1173.969970703125,1160.2099609375,1170.0,0.40423965931283623,0.0,0.8844621513944223,0,0.4590945662212942,65.28227897622195,경계,0.06939468002494431,0.013028498505374813,0.0
2021-08-29,1161.3199462890625,1166.6300048828125,1161.3199462890625,1161.3299560546875,0.4650754527111497,0.0,0.8565737051792829,0,0.47387414077696216,67.74856524189772,경계,0.07085833103788182,0.010698847208158491,0.0
2021-08-30,1165.52001953125,1166.5,1154.6099853515625,1165.510009765625,0.5630956136315289,0.0,0.7729083665338645,0,0.4846215603950441,69.4512332269224,경계,0.07453938493801926,0.010185369449448634,0.0
2021-08-31,1158.4200439453125,1159.949951171875,1153.93994140625,1158.4100341796875,0.5952697412988657,0.0,0.8007968127490039,1,0.5068218339739118,72.89176211730563,경계,0.07360663252796874,0.008153236929617022,0.0
2021-09-01,1155.5400390625,1161.72998046875,1154.5,1155.280029296875,0.5733051215167629,0.0,0.8286852589641435,1,0.5074970633861349,72.88698227987992,경계,0.07521561419792916,0.009054205714360032,0.0
2021-09-02,1157.1199951171875,1157.8499755859375,1152.1600341796875,1157.1300048828125,0.38870174746060315,0.0,0.8685258964143426,1,0.44754075621447587,62.741610664697156,경계,0.07367924483990229,0.01188569838812258,0.0
2021-09-05,1154.719970703125,1159.1400146484375,1154.6700439453125,1154.75,0.2986371025560955,0.0,0.8804780876494024,1,0.41576398600643877,56.82785576117567,주의,0.07170510762634891,0.013011358978768504,0.0
2021-09-06,1157.010009765625,1165.280029296875,1155.1600341796875,1155.5400390625,0.2227079028020859,0.0,0.8844621513944223,1,0.38691928953629706,51.34622538951869,주의,0.06998015460825434,0.013718592225853357,0.0
2021-09-07,1161.1300048828125,1167.739990234375,1161.0,1161.0,0.2355351408202594,0.0,0.8685258964143426,0,0.3866431897189175,51.40017844123786,주의,0.06790037750386359,0.013199091734118311,0.0
2021-09-08,1166.489990234375,1171.449951171875,1166.489990234375,1166.489990234375,0.2189100064355595,0.0,0.8007968127490039,0,0.35718483095597076,45.737931513404924,주의,0.06833603102524585,0.012430520768467252,0.0
2021-09-09,1169.06005859375,1173.5,1164.300048828125,1169.1300048828125,0.25753047638895016,0.0,0.8605577689243028,0,0.3927002801291064,52.75448917934125,주의,0.06874678983878815,0.013352505890616512,0.0
2021-09-12,1169.4000244140625,1176.969970703125,1169.3800048828125,1169.3800048828125,0.26330088075490443,0.0,0.5378486055776892,0,0.28612879543478487,32.68885992011602,정상,0.06722964780875539,0.01388749233727931,0.0
2021-09-13,1171.6400146484375,1174.199951171875,1165.0400390625,1171.1099853515625,0.2508585655497653,0.0,0.549800796812749,0,0.2852139153481834,32.665510545745775,정상,0.06518686391528986,0.013938878791269756,0.0
2021-09-14,1170.75,1173.8599853515625,1165.1600341796875,1170.800048828125,0.30225698516767785,0.0,0.49800796812749004,0,0.28817715202533845,33.31115461521947,정상,0.0634618837724787,0.01627298044153595,1.0
2021-09-15,1165.0999755859375,1175.8299560546875,1165.0999755859375,1165.219970703125,0.4867638493139903,0.0,0.09163346613545817,0,0.22444510938740372,23.3887355278192,정상,0.061537186686985657,0.015562550148771802,1.0
2021-09-16,1174.47998046875,1180.699951171875,1173.550048828125,1174.4200439453125,0.6236649749872387,0.0,0.07171314741035857,0,0.2721555699044448,30.885494955960123,정상,0.06248769940827974,0.013788927335071765,0.0
2021-09-19,1181.1099853515625,1191.93994140625,1179.0,1181.1099853515625,0.6822758702733216,0.0,0.13545816733067728,0,0.3169630410154045,38.923677680894606,정상,0.06786473124883471,0.012952868110498669,0.0
2021-09-20,1187.1099853515625,1187.1199951171875,1181.3199462890625,1186.3199462890625,0.6841715432975046,0.0,0.2908366533864542,0,0.3701335810076912,49.186105485429636,주의,0.06940554005531377,0.012594991451820211,0.0
2021-09-21,1182.8399658203125,1184.52001953125,1180.1400146484375,1182.9200439453125,0.7029818852334166,0.0,0.2549800796812749,0,0.36551619811781266,48.284284532949926,주의,0.06943347153538013,0.012592623212733618,0.0
2021-09-22,1181.5,1186.3900146484375,1169.6300048828125,1181.030029296875,0.6318951686444159,0.0,0.26693227091633465,0,0.34128486928823004,43.586594540785754,주의,0.06823702658750125,0.01298262115434634,0.0
2021-09-23,1172.97998046875,1181.3499755859375,1170.260009765625,1174.699951171875,0.7104494810900025,0.0,0.28286852589641437,0,0.3778933927839721,50.86423249781914,주의,0.06644979031649406,0.011819627468764797,0.0
2021-09-26,1179.199951171875,1181.7099609375,1173.25,1179.199951171875,0.6163951077184908,0.0,0.3147410358565737,0,0.3512504525143887,45.7808995594232,주의,0.06772988960607859,0.011784092003121803,0.0
2021-09-27,1177.0,1188.02001953125,1176.9599609375,1176.9599609375,0.640933502589374,0.0,0.12350597609561753,0,0.2964936495918872,35.508019715399286,정상,0.06732854592257147,0.01163114001739326,0.0
2021-09-28,1186.8900146484375,1188.1700439453125,1180.56005859375,1186.8900146484375,0.7979265279005575,0.0,0.08764940239043825,0,0.34681636973073093,45.26817693012678,주의,0.0656948116267426,0.00809480543208997,0.0
2021-09-29,1187.280029296875,1188.1500244140625,1178.93994140625,1187.4300537109375,0.7182224348531641,0.0,0.30677290836653387,0,0.3890479733062333,53.87473289612462,주의,0.07158312955270886,0.011759305520712526,0.0
2021-09-30,1183.550048828125,1188.6800537109375,1179.260009765625,1183.719970703125,0.5807352802306812,0.0,0.30278884462151395,0,0.333040384301384,42.79317151962235,주의,0.0694249566962495,0.011976679212625357,0.0
2021-10-03,1180.0,1184.6800537109375,1177.489990234375,1180.0,0.5717029336158144,0.0,0.3904382470119522,0,0.359017683441645,48.10227349658881,주의,0.06840104747070769,0.01155925815311673,0.0
2021-10-04,1185.1500244140625,1188.8800048828125,1183.25,1183.780029296875,0.47221725846219,0.0,0.4900398406374502,0,0.35306367550723944,46.9566050783099,주의,0.06743720669404975,0.01158389513340405,0.0
2021-10-05,1186.0999755859375,1197.489990234375,1185.75,1187.1700439453125,0.40148753541216,0.0,0.6055776892430279,0,0.3639188429807959,49.14636849946786,주의,0.06655504531768325,0.01407760905338185,0.0
2021-10-06,1190.4599609375,1191.989990234375,1186.8499755859375,1191.3800048828125,0.34842077911479225,0.0,0.5099601593625498,1,0.3105634960595125,38.55621120461803,정상,0.06547856861280862,0.013655095794690061,0.0
2021-10-07,1189.75,1196.97998046875,1189.6500244140625,1191.1500244140625,0.3103009495801872,0.0,0.44621513944223107,1,0.2739030751870921,31.855920695302252,정상,0.06495897181444923,0.013755159673492265,0.0
2021-10-10,1195.5799560546875,1196.550048828125,1191.1199951171875,1195.5799560546875,0.2551597075888063,0.0,0.4302788844621514,1,0.24660336283579332,27.34483530519769,정상,0.06298453356097,0.013244791958788502,0.0
2021-10-11,1196.0,1200.31005859375,1194.449951171875,1195.800048828125,0.2517510182529982,0.0,0.6294820717131474,1,0.3124491760279165,39.05443625540839,정상,0.06274855868340017,0.015519055252155132,1.0
2021-10-12,1197.02001953125,1197.7900390625,1185.469970703125,1196.8900146484375,0.25513352940218925,0.0,0.6095617529880478,1,0.30707392233659736,38.06079122929838,정상,0.0608411951063272,0.015494014309749457,1.0
2021-10-13,1185.8699951171875,1190.550048828125,1182.72998046875,1186.7099609375,0.4794517642092693,0.0,0.5657370517928287,0,0.3814764538446397,52.858392626208186,주의,0.059094014646397124,0.013572872151480824,0.0
2021-10-14,1181.6500244140625,1184.780029296875,1179.800048828125,1182.1300048828125,0.4890072504065155,0.0,0.7848605577689243,0,0.4591968057945167,67.6575592047641,경계,0.0662251219105652,0.013642157192485438,0.0
2021-10-17,1181.4000244140625,1188.3499755859375,1180.9000244140625,1181.7900390625,0.47901904177228766,0.0,0.5776892430278885,0,0.3853364720875466,53.555485469440235,주의,0.06594468708107977,0.014895298344321899,1.0
2021-10-18,1184.47998046875,1185.6800537109375,1173.1600341796875,1185.6800537109375,0.6483994773458811,0.0,0.2350597609561753,0,0.33709465131550587,43.9310655848873,주의,0.06394552785061801,0.014647235834218439,1.0
2021-10-19,1175.449951171875,1178.9300537109375,1170.9100341796875,1175.6500244140625,0.5194559831505284,0.0,0.250996015936255,0,0.2912040468696696,35.21106956399541,정상,0.06330066037548192,0.011997117712455693,0.0
2021-10-20,1174.489990234375,1178.030029296875,1172.1800537109375,1174.5899658203125,0.4682280459529599,0.0,0.7330677290836654,0,0.43346291482879884,63.13373490042547,경계,0.06969766401040753,0.012013882364863985,0.0
2021-10-21,1176.56005859375,1179.97998046875,1172.949951171875,1176.550048828125,0.5444891258498937,0.0,0.7091633466135459,0,0.4557194561232021,67.15867906002599,경계,0.06766537172095552,0.01310233884715998,0.0
2021-10-24,1176.5400390625,1178.1300048828125,1166.3499755859375,1176.5400390625,0.6189084910518158,0.0,0.5577689243027888,0,0.43423506126732536,63.18455406447535,경계,0.065923597357663,0.013855134968026603,0.0
2021-10-25,1167.0699462890625,1170.02001953125,1162.699951171875,1167.06005859375,0.5034448565830039,0.0,0.4063745019920319,0,0.33725501593995205,44.0359279724383,주의,0.06391530756928969,0.019776827190046465,1.0
2021-10-26,1167.2099609375,1173.6300048828125,1164.780029296875,1167.3299560546875,0.4722420175798826,0.0,0.7848605577689243,0,0.4525311108152531,66.52220634438055,경계,0.06949580755019227,0.027293503658450655,1.0
2021-10-27,1171.0999755859375,1174.0999755859375,1165.6199951171875,1172.1700439453125,0.571694680286824,0.0,0.2948207171314741,0,0.32675788589333093,41.97769937519141,주의,0.06738468445055645,0.02755785632454463,1.0
2021-10-28,1167.3399658203125,1175.22998046875,1166.3900146484375,1167.3699951171875,0.6184397943053536,0.0,0.4940239043824701,0,0.4125443678889859,58.9846505892571,주의,0.06728386884150131,0.0272645320824083,1.0
2021-11-01,1173.510009765625,1179.1400146484375,1172.8399658203125,1174.3800048828125,0.5983915619629951,0.0,0.5896414342629482,0,0.4368299000498963,63.50097079169822,경계,0.0671571518311449,0.02681380063302827,1.0
2021-11-02,1176.4000244140625,1177.2099609375,1173.510009765625,1176.5699462890625,0.37416077130954833,0.0,0.7410358565737052,0,0.39875071611179325,56.07406491041479,주의,0.06914797333537304,0.027007081473680923,1.0
2021-11-03,1178.1199951171875,1184.800048828125,1177.75,1178.0400390625,0.3901168333590026,0.0,0.7091633466135459,0,0.39434252055453456,55.09720954055626,주의,0.067431708061123,0.026982055739281138,1.0
2021-11-04,1179.719970703125,1187.2900390625,1175.6199951171875,1179.3399658203125,0.4182472323346633,0.0,0.6573705179282868,0,0.38805461649440864,53.75649349457279,주의,0.0655575226266242,0.027064758235362224,1.0
2021-11-05,1184.9100341796875,1187.06005859375,1182.030029296875,1185.8299560546875,0.22889282147385812,0.0,0.6414342629482072,0,0.30739304182153154,37.66873752973736,정상,0.06370488062687443,0.026540143855814564,1.0
2021-11-08,1181.97998046875,1186.219970703125,1178.52001953125,1180.5,0.293085828390172,0.0,0.7729083665338645,0,0.3772682722870347,51.47839585891867,주의,0.06534674187349625,0.027168971931883053,1.0
2021-11-09,1199.5699462890625,1199.8599853515625,1171.8900146484375,1199.8599853515625,0.8882816431603386,0.18465125258471218,0.6653386454183267,1,0.6265675162996143,88.59905520163318,심각,0.06573297050218499,0.02183449651919736,1.0
2021-11-10,1177.6099853515625,1183.239990234375,1175.550048828125,1177.5,0.9605949779509041,0.33583091167018625,0.8366533864541833,0,0.7531832427691694,95.25394782601106,심각,0.08979117791043492,0.011091544228894525,0.0
2021-11-11,1183.9100341796875,1186.5799560546875,1177.530029296875,1184.1400146484375,0.9610048594417305,0.2749550952185968,0.8884462151394422,0,0.7546827286782003,95.00748216127917,심각,0.11370646849544234,0.009717652032592868,0.0
2021-11-12,1181.3199462890625,1183.1099853515625,1175.5,1183.1099853515625,0.957656266573241,0.22511419217094997,0.852589641434263,0,0.7280443251185207,93.63326883115144,심각,0.112390025935925,0.009876649351596642,0.0
2021-11-15,1180.97998046875,1181.8399658203125,1176.68994140625,1179.1099853515625,0.9539524365131189,0.18430791208466338,0.8366533864541833,0,0.710379509536297,92.48847245413265,심각,0.10901870164800055,0.00998164054883594,0.0
2021-11-16,1183.510009765625,1184.22998046875,1174.530029296875,1183.510009765625,0.6280300277640543,0.15089855565930696,0.9043824701195219,0,0.5947887747477729,83.52436801026313,심각,0.10651473969085058,0.009812670142712162,0.0
2021-11-17,1183.1400146484375,1186.489990234375,1178.989990234375,1184.050048828125,0.18053651957409855,0.12354528811332414,0.9641434262948207,0,0.42977972796016095,59.263410887286696,주의,0.10428054679216964,0.011839189951838715,0.0
2021-11-18,1180.010009765625,1186.5999755859375,1177.22998046875,1181.22998046875,0.15379137275592616,0.1011503267762581,0.9402390438247012,0,0.4051459724953599,54.553742162874016,주의,0.10111930195406424,0.012578791238128807,0.0
2021-11-19,1182.02001953125,1193.6700439453125,1180.47998046875,1182.9000244140625,0.1990560505985238,0.08281488321560974,0.9203187250996016,0,0.41156266750944026,55.62423681153822,주의,0.09847629296547213,0.0125025344755886,0.0
2021-11-22,1187.0999755859375,1191.6300048828125,1183.9000244140625,1191.6300048828125,0.22257073343514072,0.06780309170118129,0.9123505976095617,1,0.41424480667293206,56.036894627147525,주의,0.09563422954843627,0.011462549057329904,0.0
2021-11-23,1189.489990234375,1191.4200439453125,1185.989990234375,1189.5,0.17838619684140236,0.055512476329523615,0.9402390438247012,0,0.40282785785671604,53.88143133041397,주의,0.0970291188397989,0.011530596898732403,0.0
2021-11-24,1189.010009765625,1190.050048828125,1184.199951171875,1189.949951171875,0.18071369325487233,0.04544977155049451,0.900398406374502,1,0.38764581000009296,51.03940000512681,주의,0.09433009399594129,0.011948748998473924,0.0
2021-11-25,1187.8800048828125,1191.219970703125,1187.6500244140625,1187.8800048828125,0.15040414878356045,0.03721112568875861,0.896414342629482,0,0.3720672682968154,48.155179815308,주의,0.091468242035784,0.01236995604624727,0.0
2021-11-26,1189.31005859375,1196.97998046875,1145.0799560546875,1190.219970703125,0.8332001924932105,0.030465892958036773,0.7171314741035857,1,0.5812715334006404,82.03690857557928,심각,0.08893978253558882,0.012869502330727702,0.0
2021-11-29,1192.3499755859375,1194.6099853515625,1189.1800537109375,1194.6099853515625,0.8304091708420244,0.02494336348472663,0.6852589641434262,1,0.5679458750658641,80.38431119858427,심각,0.0865691847665427,0.01240997562068258,0.0
2021-11-30,1189.9599609375,1190.9599609375,1181.7099609375,1190.739990234375,0.8350359043456597,0.020421898770148068,0.6414342629482072,1,0.5538027226373473,78.47501576887265,경계,0.08514406500139873,0.01305270845158439,0.0
2021-12-01,1182.8599853515625,1184.449951171875,1159.0999755859375,1182.8599853515625,0.8772721212293307,0.01672003655936564,0.6334661354581673,0,0.5669261758759354,79.9114802552992,경계,0.08350889773994219,0.011261725988729066,0.0
2021-12-02,1176.199951171875,1178.5,1172.3599853515625,1177.1099853515625,0.8794422297866548,0.013689208123740818,0.6812749003984063,0,0.5831138960582805,81.59675012883861,심각,0.08498172025790296,0.010153886767607142,0.0
2021-12-03,1175.8800048828125,1185.0999755859375,1175.43994140625,1176.77001953125,0.2984989241814688,0.011207775676191549,0.8685258964143426,0,0.4146477188248949,55.40669492808945,주의,0.08454356129477897,0.01025660206845942,0.0
2021-12-06,1184.56005859375,1185.1400146484375,1178.739990234375,1183.1400146484375,0.350974411986039,0.009176150619697393,0.7689243027888446,0,0.40137242635253345,52.86275712535934,주의,0.08197571901315373,0.008723233191862668,0.0
2021-12-07,1179.6700439453125,1183.5,1175.3699951171875,1180.56005859375,0.4415457932281798,0.004130791044527803,0.7450199203187251,0,0.42798128130643187,57.76905835440221,주의,0.0822038620055647,0.00901015975233189,0.0
2021-12-08,1175.93994140625,1178.010009765625,1171.6500244140625,1176.8399658203125,0.1700555476156954,0.0,0.14342629482071714,0,0.11599722079877142,11.7529825425171,정상,0.08015035510121876,0.00849440170509823,0.0
2021-12-09,1172.56005859375,1178.7900390625,1171.1500244140625,1172.56005859375,0.17120959777949474,0.0,0.07569721115537849,0,0.09360769444667379,10.39717771217338,정상,0.07867175187230561,0.00821814755060746,0.0
2021-12-10,1177.3499755859375,1181.77001953125,1175.4000244140625,1177.3299560546875,0.1654951186764808,0.0,0.09561752988047809,0,0.09805578015635244,10.971778807931544,정상,0.07757963121260958,0.007397057079423684,0.0
2021-12-13,1178.969970703125,1184.5999755859375,1176.25,1178.969970703125,0.12764615930472778,0.0,0.11553784860557768,0,0.08972750624111075,10.658206465686359,정상,0.07685490430148473,0.007273528367211454,0.0
2021-12-14,1183.949951171875,1185.5899658203125,1180.4599609375,1185.0999755859375,0.1365934084547502,0.0,0.11952191235059761,0,0.09462886776895771,11.270378140589301,정상,0.07470993437091199,0.005105056500360738,0.0
2021-12-15,1184.22998046875,1189.7099609375,1182.9000244140625,1184.22998046875,0.12354797537968004,0.0,0.1394422310756972,0,0.09616223683914413,11.644813913476158,정상,0.07518859069541672,0.00538133064872664,0.0
2021-12-16,1184.4000244140625,1186.4100341796875,1180.3299560546875,1184.4000244140625,0.09591772286774361,0.0,0.16334661354581673,0,0.09324084378214947,11.689556631210213,정상,0.07295395235790837,0.00643152499584186,0.0
2021-12-17,1185.260009765625,1187.6199951171875,1179.31005859375,1186.1500244140625,0.10369282738819928,0.0,0.17928286852589642,0,0.10170823641609247,12.564960631753616,정상,0.07073368445673225,0.008164148029923976,0.0
2021-12-20,1186.75,1193.780029296875,1185.8599853515625,1186.3900146484375,0.11201877368596787,0.0,0.1952191235059761,0,0.11039463843137674,13.487696002134625,정상,0.06881874065528272,0.008352390321156061,0.0
2021-12-21,1188.31005859375,1193.8199462890625,1188.31005859375,1190.1199951171875,0.10513757550879389,0.0,0.14342629482071714,1,0.09018646080446119,12.164201053561985,정상,0.06672688178027587,0.00966749033458926,0.0
2021-12-22,1188.9000244140625,1194.1300048828125,1187.699951171875,1191.27001953125,0.10266146373671793,0.0,0.20318725099601595,1,0.10936230519518239,13.819344499919517,정상,0.06583551048141245,0.009738822262511632,0.0
2021-12-23,1187.77001953125,1190.3399658203125,1185.02001953125,1187.77001953125,0.11034926537230416,0.0,0.2151394422310757,0,0.11645096553923079,14.540685176137009,정상,0.06394028705259182,0.009563343306058559,0.0
2021-12-24,1185.5699462890625,1188.3299560546875,1184.260009765625,1185.5,0.19184979949066241,0.0,0.199203187250996,0,0.14347870633999696,17.071485451791283,정상,0.06303935518429836,0.010829885417960792,0.0
2021-12-27,1185.3800048828125,1187.6700439453125,1184.3699951171875,1185.9200439453125,0.13506685161854523,0.0,0.22709163346613545,0,0.1303105041019733,15.92198912665114,정상,0.06156991761715383,0.01311666641500538,0.0
2021-12-28,1185.1600341796875,1189.199951171875,1184.5999755859375,1185.6500244140625,0.11898534655850775,0.0,0.23107569721115537,0,0.1252606741969049,15.607573523329965,정상,0.05971014135764124,0.013153555790834666,0.0
2021-12-29,1187.739990234375,1187.8499755859375,1183.9000244140625,1187.8499755859375,0.2177301446726265,0.0,0.1952191235059761,0,0.1524244606308916,18.359073248071965,정상,0.057897901064339896,0.014906547440120469,0.0
2021-12-30,1183.510009765625,1190.6600341796875,1182.2900390625,1183.6700439453125,0.3315301866741814,0.0,0.14342629482071714,0,0.18019798090636224,21.47095358417609,정상,0.0565950156305905,0.014788969745883866,0.0
2021-12-31,1188.9599609375,1192.1800537109375,1186.4000244140625,1189.8900146484375,0.46591414935835884,0.0,0.11553784860557768,1,0.2242195986720725,27.01636015775758,정상,0.05655708052278629,0.013842817665793974,0.0
2022-01-03,1187.1300048828125,1195.3399658203125,1187.0,1187.780029296875,0.641026478779402,0.0,0.11553784860557768,0,0.2938425730201981,37.218579798332826,정상,0.058498786282612084,0.013870394259817597,0.0
2022-01-04,1195.6300048828125,1199.72998046875,1191.5,1194.6800537109375,0.7487837058894016,0.0,0.07569721115537849,1,0.3232455928518175,41.959529373186975,주의,0.0571350164616073,0.012636914824940488,0.0
2022-01-05,1196.6700439453125,1199.68994140625,1193.280029296875,1196.5,0.7720901766704835,0.0,0.11952191235059761,1,0.3472962575414782,45.964634987549196,주의,0.05979836725097149,0.012782012747941038,0.0
2022-01-06,1199.25,1206.260009765625,1196.5899658203125,1199.25,0.6899520487421432,0.0,0.15139442231075698,1,0.32539110160472196,42.35164652740115,주의,0.05827803391419362,0.013209819728426869,0.0
2022-01-07,1204.6700439453125,1205.780029296875,1199.5799560546875,1205.780029296875,0.7070383889765888,0.0,0.15139442231075698,1,0.3321844657943208,43.5029609088485,주의,0.05720347700920473,0.012565035670743631,0.0
2022-01-10,1198.3499755859375,1201.3800048828125,1194.780029296875,1196.8800048828125,0.7563924123579245,0.0,0.1752988047808765,1,0.3598712788153741,48.11961997663723,주의,0.059344488346321896,0.010178552215955818,0.0
2022-01-11,1197.1600341796875,1198.0899658203125,1190.4200439453125,1198.0899658203125,0.6948762650120308,0.0,0.4063745019920319,1,0.4133662988093242,57.051550546830654,주의,0.06434546423531053,0.010711190913123827,0.0
2022-01-12,1189.4300537109375,1192.6800537109375,1185.68994140625,1189.4300537109375,0.7683725365253332,0.0,0.2749003984063745,0,0.3982349983218612,54.44388971387421,주의,0.06250884049248387,0.007889194364742542,0.0
2022-01-13,1185.8800048828125,1189.5799560546875,1182.199951171875,1185.8800048828125,0.6849548211400298,0.0,0.5697211155378487,0,0.4645265100322981,65.10983374502939,경계,0.06684767976219089,0.00822157316367923,0.0
2022-01-14,1186.3800048828125,1190.6700439453125,1184.8299560546875,1186.6099853515625,0.5364360446776595,0.0,0.6055776892430279,0,0.41757306955623547,57.54687373018198,주의,0.06584520424943399,0.008529844397760774,0.0
2022-01-17,1189.3199462890625,1193.5999755859375,1188.9599609375,1188.9599609375,0.5691609410422847,0.0,0.5856573705179283,0,0.42386406540840227,58.574173438558084,주의,0.06388412264979802,0.00901506803732527,0.0
2022-01-18,1190.0699462890625,1192.9200439453125,1185.81005859375,1190.06005859375,0.5307666223398849,0.0,0.6095617529880478,1,0.41666298338411495,57.40169300196554,주의,0.062413893458803535,0.009220900798115604,0.0
2022-01-19,1192.97998046875,1193.6099853515625,1185.47998046875,1192.97998046875,0.411099505834422,0.0,0.5776892430278885,1,0.3583323192447807,47.66441537982836,주의,0.06061927763623034,0.00915185442620128,0.0
2022-01-20,1187.239990234375,1192.4000244140625,1186.56005859375,1188.1600341796875,0.4549994436760007,0.0,0.601593625498008,0,0.38385064042472583,52.079566477233875,주의,0.05954003945591759,0.00847571886141203,0.0
2022-01-21,1192.4300537109375,1194.949951171875,1189.1300048828125,1192.4300537109375,0.4755493440561014,0.0,0.6294820717131474,1,0.4014292332749334,55.12764789399765,주의,0.05983418979797292,0.0076852884480150575,0.0
2022-01-24,1192.9000244140625,1199.489990234375,1191.5,1191.5,0.5069647033086,0.0,0.6454183266932271,1,0.4192957633324597,58.14204271982639,주의,0.059664936864581845,0.008109284952232156,0.0
2022-01-25,1195.050048828125,1199.699951171875,1193.989990234375,1195.6600341796875,0.5074728296980289,0.0,0.6414342629482072,1,0.4181537679829488,57.98640292783349,주의,0.05792681392526482,0.007324825644864938,0.0
2022-01-26,1196.0999755859375,1198.199951171875,1194.530029296875,1196.0999755859375,0.4093232248107735,0.0,0.6852589641434262,1,0.3939146676478489,53.945150071290996,주의,0.057774189817697885,0.007327032910858553,0.0
2022-01-27,1200.6300048828125,1205.8800048828125,1193.8499755859375,1200.6300048828125,0.3758319590613512,0.0,0.6653386454183267,1,0.37387875567153894,50.59790937493352,주의,0.056032418065309175,0.006572363155942614,0.0
2022-01-28,1203.5999755859375,1213.260009765625,1202.75,1203.4599609375,0.485724523199378,0.0,0.649402390438247,1,0.41219489395000464,57.1001432376557,주의,0.05627890440431843,0.007577353350548902,0.0
2022-01-31,1208.7099609375,1212.3699951171875,1204.6800537109375,1207.7099609375,0.4538249536965204,0.0,0.5617529880478087,1,0.3699434594858291,50.03619249521155,주의,0.05532703873894793,0.006707996197105041,0.0
2022-02-01,1205.1099853515625,1207.3399658203125,1200.9100341796875,1205.1199951171875,0.548123453320812,0.0,0.5816733067729084,1,0.41415574155696666,57.52549157681837,주의,0.05536533083985225,0.006545973192089506,0.0
2022-02-02,1202.5,1203.780029296875,1198.4100341796875,1202.5,0.6034038323884143,0.0,0.4063745019920319,1,0.3769977412601755,51.28067411469599,주의,0.054323906910882576,0.006189426472727931,0.0
2022-02-03,1199.0999755859375,1206.6800537109375,1196.9200439453125,1199.9599609375,0.5786820508469313,0.0,0.4342629482071713,1,0.376576749731922,51.16809537818065,주의,0.05334456042442546,0.0058174062228106335,0.0
2022-02-04,1199.6400146484375,1201.77001953125,1195.22998046875,1200.3299560546875,0.4479557415115415,0.0,0.4581673306772908,1,0.33266535817885556,43.6928500970212,주의,0.05236896861423068,0.006024150075055235,0.0
2022-02-07,1197.9200439453125,1200.7099609375,1196.530029296875,1197.0899658203125,0.3065571268944787,0.0,0.3665338645418327,1,0.24553413728541099,30.049455813495296,정상,0.05078774858335928,0.006162969382991782,0.0
2022-02-08,1196.6500244140625,1199.949951171875,1195.300048828125,1196.8499755859375,0.3043799995576653,0.0,0.3187250996015936,1,0.22854027438852503,27.739155874095005,정상,0.050349710263475844,0.006168343899847438,0.0
2022-02-09,1196.030029296875,1196.9300537109375,1192.3699951171875,1196.3599853515625,0.3337573170662123,0.0,0.3187250996015936,1,0.24022041267505576,29.449097638673795,정상,0.04882208046173982,0.006378719341826775,0.0
2022-02-10,1193.18994140625,1198.5999755859375,1192.7900390625,1194.030029296875,0.25442366274871087,0.0,0.27091633466135456,1,0.1925498583280167,23.296678166954322,정상,0.04736153590180982,0.006078066878209447,0.0
2022-02-11,1199.3499755859375,1201.5799560546875,1192.8699951171875,1199.3499755859375,0.4184100180073193,0.0,0.24701195219123506,1,0.249685123561399,31.03981959329697,정상,0.046540184307244686,0.012074687452214494,0.0
2022-02-14,1198.739990234375,1200.050048828125,1192.4599609375,1199.239990234375,0.46848214480225503,0.0,0.28286852589641437,1,0.2816895120912532,35.97884124456591,정상,0.04832024217553677,0.01395566515896065,0.0
2022-02-15,1196.5,1200.22998046875,1194.2900390625,1197.3599853515625,0.5004248495811503,0.0,0.2788844621513944,1,0.29304560212550607,37.87897894258992,정상,0.04684957012836035,0.014144118518093291,0.0
2022-02-16,1196.8299560546875,1198.8399658203125,1194.9100341796875,1196.8299560546875,0.5148289769965962,0.0,0.2908366533864542,1,0.30280460886395655,39.60109914124708,정상,0.04583018731741741,0.014610890802781929,0.0
2022-02-17,1196.75,1201.199951171875,1193.6300048828125,1196.75,0.5158185907959393,0.0,0.2908366533864542,1,0.3031980697721291,39.82109986791521,정상,0.04446735674135695,0.014726571490094004,0.0
2022-02-18,1197.8499755859375,1198.93994140625,1191.989990234375,1198.6600341796875,0.39439371442032733,0.0,0.3187250996015936,1,0.26432885981584847,33.63265200648662,정상,0.043113484588876275,0.01482859595467372,0.0
2022-02-21,1198.199951171875,1198.300048828125,1189.1500244140625,1195.0699462890625,0.42737897020665955,0.0,0.2749003984063745,1,0.26265924303853316,33.42344960430021,정상,0.04225753873361108,0.01700606788899619,1.0
2022-02-22,1193.75,1195.9599609375,1190.6500244140625,1194.6800537109375,0.4150941463323118,0.0,0.36254980079681276,1,0.28734338856960295,37.596894027752384,정상,0.04259811470106378,0.02124150727004211,1.0
2022-02-23,1191.9100341796875,1193.8299560546875,1188.949951171875,1192.6800537109375,0.44653622668157344,0.0,0.3426294820717131,1,0.2931243491385529,38.729627646228664,정상,0.04131988995244267,0.02118551537811231,1.0
2022-02-24,1191.530029296875,1210.97998046875,1191.530029296875,1192.4000244140625,0.8429021721370947,0.0,0.1952191235059761,1,0.40098683299628257,58.74799249749749,주의,0.040587427154794915,0.0226602181999884,1.0
2022-02-25,1206.0,1206.0,1197.3900146484375,1206.0,0.9232670766931778,0.18465125258471218,0.1394422310756972,1,0.4630665488898561,69.49165724059833,경계,0.039361562395471617,0.020101125993979563,1.0
2022-02-28,1205.4000244140625,1208.72998046875,1197.5899658203125,1197.5899658203125,0.9207042212468126,0.15117965908547407,0.6932270916334662,1,0.6399945827320759,89.46020766707079,심각,0.05831877343902664,0.02000770958143089,1.0
2022-03-01,1200.9300537109375,1204.7099609375,1196.6500244140625,1200.9300537109375,0.9155882418478105,0.12377543613312275,0.7450199203187251,1,0.6481690282509729,89.86979228954026,심각,0.0627491429169437,0.02024556605316263,1.0
2022-03-02,1204.4000244140625,1208.7099609375,1201.469970703125,1205.3699951171875,0.8981215953333755,0.10133875603782722,0.7370517928286853,1,0.6325893431088768,88.585952891507,심각,0.06179395084812192,0.01990863203923259,1.0
2022-03-03,1202.300048828125,1208.7099609375,1201.5699462890625,1203.1500244140625,0.704880281223637,0.08296915604683616,0.8127490039840638,1,0.5764258171682434,83.51130402274393,심각,0.061605910397000585,0.024954661773947655,1.0
2022-03-04,1205.989990234375,1219.780029296875,1205.989990234375,1205.989990234375,0.5558494912148103,0.06792939961247077,0.8207171314741036,1,0.5158742130462409,76.34049803961359,경계,0.06015772860759745,0.02693742218141176,1.0
2022-03-07,1222.800048828125,1233.06005859375,1216.7099609375,1216.7099609375,0.7624775832420272,0.05561588850085336,0.7689243027888446,0,0.5772914490613652,83.3246421185308,심각,0.059041177547629844,0.025442272882250316,1.0
2022-03-08,1232.300048828125,1238.7900390625,1230.3399658203125,1232.300048828125,0.7774486512110568,0.2301856908601169,0.8764940239043825,0,0.66580389588205,90.25320900942792,심각,0.06678963523488891,0.023349173697880147,1.0
2022-03-09,1233.0999755859375,1235.52001953125,1222.8599853515625,1233.1099853515625,0.8122686204272916,0.18846010402567906,0.9163346613545816,0,0.6820284009710103,90.9751383300688,심각,0.08151185600685075,0.0236747650056936,1.0
2022-03-10,1221.280029296875,1231.1099853515625,1221.280029296875,1223.22998046875,0.8814193351507504,0.15429808289409902,0.9123505976095617,0,0.6991230435748514,91.65872531183578,심각,0.07906996293086323,0.022407759636795546,1.0
2022-03-11,1227.75,1236.3800048828125,1219.1600341796875,1228.5999755859375,0.8552322292105844,0.12632858560637455,0.9163346613545816,0,0.6826417224725037,90.46802165852736,심각,0.08279746214789034,0.021978680748826144,1.0
2022-03-14,1235.22998046875,1242.1500244140625,1234.8800048828125,1236.8900146484375,0.7199105103159792,0.10342909802878335,0.9322709163346613,0,0.6281454536678441,86.40841209396262,심각,0.08206227077238373,0.021659413336944884,1.0
2022-03-15,1240.77001953125,1247.1800537109375,1238.8800048828125,1242.050048828125,0.5584693948370215,0.0846805833192822,0.9601593625498008,1,0.5683966869161488,80.58854274041732,심각,0.08374933848680342,0.021263695335179668,1.0
2022-03-16,1241.6800537109375,1243.800048828125,1226.239990234375,1241.6800537109375,0.6009671369188951,0.0693305977520787,0.9561752988047809,1,0.5798806871735318,81.62179769695092,심각,0.08279592857140865,0.024387417646689988,1.0
2022-03-17,1222.1600341796875,1227.1300048828125,1207.4599609375,1223.0,0.7186065607527553,0.056763092508906016,0.9282868525896414,0,0.6139136917174315,84.68689750446802,심각,0.08028199033358688,0.019134753888557118,1.0
2022-03-18,1209.739990234375,1216.8599853515625,1206.3399658203125,1210.3299560546875,0.6792284884134804,0.046473689476851786,0.9601593625498008,1,0.606282210090723,83.79223059125934,심각,0.09763583359180894,0.01639828391424474,1.0
2022-03-21,1211.699951171875,1217.1099853515625,1210.1400146484375,1210.3699951171875,0.6273226146246742,0.03804943878369514,0.9721115537848606,1,0.5874440655642366,81.78893716568376,심각,0.10295885783171807,0.016771354531135277,1.0
2022-03-22,1218.1300048828125,1223.6099853515625,1213.81005859375,1219.780029296875,0.6707673909948247,0.03115224566956929,0.952191235059761,0,0.5961690107136512,82.4813690324991,심각,0.09982239912879269,0.015407738895135888,0.0
2022-03-23,1214.030029296875,1219.1400146484375,1210.449951171875,1214.949951171875,0.5603442730258419,0.025505301557116767,0.9800796812749004,0,0.5601772134916453,78.48282512695083,경계,0.10135819753259886,0.015412836841989729,0.0
2022-03-24,1217.300048828125,1224.93994140625,1216.7900390625,1218.010009765625,0.33066002171794334,0.02088197475133923,1.0,0,0.47435161640026013,66.81310899142844,경계,0.09947410989207678,0.015235452722969597,0.0
2022-03-25,1217.550048828125,1224.81005859375,1215.6300048828125,1217.550048828125,0.20293544551052178,0.013714709251225343,1.0,0,0.42166979885992983,58.22904011353679,주의,0.09693847719175268,0.015785285466770577,0.0
2022-03-27,1224.3800048828125,1227.6099853515625,1221.4200439453125,1224.3800048828125,0.2150299806414207,0.011228654233501289,0.9681274900398407,0,0.4150673430773427,56.98363784914231,주의,0.09399681530645407,0.015447227010109327,0.0
2022-03-28,1223.6600341796875,1223.6600341796875,1207.72998046875,1223.6600341796875,0.2898330611855173,0.009193244536646779,0.9163346613545816,0,0.42679654116694676,58.838434949078646,주의,0.0936931716469815,0.016396446901020368,1.0
2022-03-29,1209.1300048828125,1212.75,1206.4200439453125,1209.1300048828125,0.39447095384771025,0.00752679202271886,0.8924302788844621,1,0.4598937194004722,64.14013518312383,경계,0.09086768966911889,0.012392382567472259,0.0
2022-03-30,1210.43994140625,1214.8499755859375,1204.6500244140625,1210.43994140625,0.3892765916830346,0.006162416101021958,0.9402390438247012,0,0.473595107311497,66.16391356086427,경계,0.09959415698712812,0.013129451897821347,0.0
2022-03-31,1214.5,1219.800048828125,1213.449951171875,1214.5,0.41220166194450614,0.00504535957516959,0.9163346613545816,0,0.47434967798494837,66.14994376418223,경계,0.09665186687659158,0.01391226169830395,0.0
2022-04-03,1218.780029296875,1218.949951171875,1211.969970703125,1218.780029296875,0.4590354924394374,0.004130791044527803,0.900398406374502,0,0.4873518558068325,68.01475142320501,경계,0.09460776689481579,0.013559119047267013,0.0
2022-04-04,1213.9000244140625,1217.5899658203125,1209.4599609375,1213.9000244140625,0.3637225471773906,0.0,0.8286852589641435,0,0.4241690519018061,57.71604441405598,주의,0.09274002666508772,0.014230075626256642,0.0
2022-04-05,1218.75,1221.81005859375,1215.489990234375,1218.75,0.18200807926336768,0.0,0.5537848605577689,0,0.2591836471242007,30.19071469337673,정상,0.09125814484401212,0.014085128980763013,0.0
2022-04-06,1217.5999755859375,1222.47998046875,1215.8299560546875,1217.5999755859375,0.1854067711405683,0.0,0.5776892430278885,0,0.2685990632821642,31.556789815636087,정상,0.08982630530079189,0.014742650347022511,0.0
2022-04-07,1222.6600341796875,1231.1300048828125,1220.6500244140625,1222.6600341796875,0.23079654341995887,0.0,0.3784860557768924,0,0.21944452403146542,24.630553236559045,정상,0.08716716566617998,0.015689614728387945,0.0
2022-04-10,1228.239990234375,1234.93994140625,1228.199951171875,1228.239990234375,0.23883152857776244,0.0,0.38247011952191234,0,0.2239831781889121,25.1456861561867,정상,0.0860364743767954,0.015024021023271945,0.0
2022-04-11,1235.050048828125,1238.1800537109375,1223.68994140625,1235.050048828125,0.25127274328301513,0.0,0.3386454183266932,0,0.21414544869261334,23.82597960261547,정상,0.08527384356470863,0.014789095539683477,0.0
2022-04-12,1228.5999755859375,1231.010009765625,1222.6099853515625,1228.5999755859375,0.3821554791532727,0.0,0.3705179282868526,0,0.27693533498903455,32.62872118057965,정상,0.08542592614559334,0.016591351996230803,1.0
2022-04-13,1223.1199951171875,1230.43994140625,1221.699951171875,1223.1199951171875,0.5719189546784244,0.0,0.41832669322709165,0,0.3685117218644165,47.82399540519985,주의,0.08528945579530726,0.01657479314862012,1.0
2022-04-14,1230.0999755859375,1231.9000244140625,1226.75,1230.0999755859375,0.5963549960993926,0.0,0.01195219123505976,0,0.2411370629621883,27.26823241791018,정상,0.08449845329786933,0.016271512140136248,0.0
2022-04-17,1228.0899658203125,1235.5,1228.0899658203125,1228.0899658203125,0.5772504416019936,0.0,0.0,0,0.22950921172127456,25.722823485869107,정상,0.08485987556006584,0.017927349833884637,1.0
2022-04-18,1235.3499755859375,1242.1800537109375,1232.4000244140625,1235.3499755859375,0.5042164564908346,0.0,0.0199203187250996,0,0.20719171070482323,22.91186090452818,정상,0.08252007896496186,0.017256387463888183,1.0
2022-04-19,1239.5999755859375,1241.06005859375,1231.6300048828125,1239.5999755859375,0.46214679404945036,0.0,0.02390438247011952,0,0.19180923991319526,21.203329343023604,정상,0.08322431387367997,0.01750013236430904,1.0
2022-04-20,1234.0899658203125,1242.77001953125,1232.8399658203125,1234.0899658203125,0.4672138686163845,0.0,0.043824701195219126,0,0.2005439674434557,22.398151248239238,정상,0.08178663024032731,0.01855581727213241,1.0
2022-04-21,1242.489990234375,1246.530029296875,1238.0799560546875,1242.489990234375,0.5003586899098951,0.0,0.05179282868525897,1,0.2164100719302866,24.517028191711194,정상,0.08116515918223206,0.022014098499420813,1.0
2022-04-24,1243.1600341796875,1253.5999755859375,1242.6199951171875,1243.1600341796875,0.5151088824352839,0.0,0.1553784860557769,1,0.2572191654207966,30.213747661289993,정상,0.0829957551859818,0.022036310417824466,1.0
2022-04-25,1249.2099609375,1260.3399658203125,1236.22998046875,1249.2099609375,0.68204953707832,0.0,0.05976095617529881,1,0.29133664453605934,35.48030586285253,정상,0.080494673420554,0.02181391779396879,1.0
2022-04-26,1260.7099609375,1270.25,1259.699951171875,1260.7099609375,0.784535524182837,0.0,0.10358565737051793,0,0.34686832173985693,44.70451594750329,주의,0.08029314224615974,0.01984007737850054,1.0
2022-04-27,1266.280029296875,1276.81005859375,1263.8199462890625,1266.280029296875,0.6900862690404099,0.0,0.07569721115537849,0,0.29990805771908585,36.946580747884354,정상,0.08561453147783658,0.019384607855449335,1.0
2022-04-28,1272.2900390625,1272.2900390625,1254.6700439453125,1272.2900390625,0.7747423678360781,0.0,0.11952191235059761,0,0.34835074318563025,45.12156496181474,주의,0.08475793848305249,0.02120314713826739,1.0
2022-05-01,1262.530029296875,1268.7099609375,1262.25,1262.530029296875,0.8248176991084926,0.0,0.11952191235059761,0,0.36826021224574684,48.63999376566341,주의,0.08421319686663953,0.022262385631919106,1.0
2022-05-02,1266.75,1268.22998046875,1259.0400390625,1266.75,0.7334325571529249,0.0,0.32669322709163345,0,0.4018154788507501,54.637209065829715,주의,0.08696550717896327,0.02208298590506818,1.0
2022-05-03,1261.06005859375,1266.8800048828125,1258.0699462890625,1261.06005859375,0.659704493610822,0.0,0.3426294820717131,0,0.377877997435724,50.64937013127834,주의,0.08530872741855734,0.02397304511229658,1.0
2022-05-04,1251.5,1273.8499755859375,1249.8900146484375,1251.5,0.7481591767973399,0.0,0.3745019920318725,1,0.4237988989301764,58.8294946656699,주의,0.08454206267153905,0.023791615392733962,1.0
2022-05-05,1268.699951171875,1275.8599853515625,1257.47998046875,1268.699951171875,0.7946800031083744,0.0,0.5219123505976095,0,0.4920239267386677,70.03219557348145,경계,0.08714422279151231,0.021668184734259667,1.0
2022-05-08,1270.1300048828125,1277.800048828125,1270.1199951171875,1270.1300048828125,0.757870984617486,0.0,0.7729083665338645,0,0.5620623705460872,79.4123119218156,경계,0.09977783753245846,0.02294001527207804,1.0
2022-05-09,1274.8599853515625,1278.4599609375,1270.949951171875,1274.8599853515625,0.765448115119904,0.0,0.7330677290836654,0,0.5516347495578249,78.21546892007031,경계,0.09683733122322476,0.02533031803109373,1.0
2022-05-10,1276.550048828125,1280.1300048828125,1271.27001953125,1276.550048828125,0.745879436019916,0.0,0.6892430278884463,0,0.5290701948136594,75.34380527400715,경계,0.09499331891900736,0.02535422084776349,1.0
2022-05-11,1278.1500244140625,1291.5,1278.1500244140625,1278.1500244140625,0.44693850639362726,0.0,0.7250996015936255,0,0.42231035609170137,58.774012345211645,주의,0.09224339620294209,0.02570938260907992,1.0
2022-05-12,1290.75,1290.75,1279.260009765625,1290.75,0.30840451146182396,0.0,0.7211155378486056,1,0.3658865534698933,48.81878926685115,주의,0.08956581882747586,0.02453613690096453,1.0
2022-05-15,1277.5699462890625,1286.1099853515625,1271.97998046875,1277.5699462890625,0.4983015820624366,0.0,0.7888446215139442,0,0.46423616398133544,65.72587712974614,경계,0.09484574993611082,0.023032619879899723,1.0
2022-05-16,1279.8499755859375,1279.8499755859375,1263.02001953125,1279.8499755859375,0.586283856774248,0.0,0.8605577689243028,0,0.52340945546302,74.39277344159811,경계,0.10024346509267006,0.02609602735402937,1.0
2022-05-17,1266.6600341796875,1272.9300537109375,1263.3599853515625,1266.6600341796875,0.6474572361550377,0.0,0.8207171314741036,0,0.5342911864384475,75.72173239841833,경계,0.09743663981559413,0.024370028573311872,1.0
2022-05-18,1275.5799560546875,1280.02001953125,1263.9599609375,1275.5799560546875,0.678378026725303,0.0,0.8406374501992032,0,0.553305102259189,77.96547334959185,경계,0.1026979853473279,0.023710433331244445,1.0
2022-05-19,1263.550048828125,1273.31005859375,1260.3299560546875,1263.550048828125,0.5606662903745855,0.0,0.8804780876494024,0,0.5199442655005372,73.53882503268827,경계,0.10324064898903945,0.02228281142322253,1.0
2022-05-22,1273.2099609375,1273.2099609375,1258.4100341796875,1273.2099609375,0.6181523809131597,0.0,0.8565737051792829,0,0.5347360519898096,75.39758114588874,경계,0.10666169532857525,0.02233903444589428,1.0
2022-05-23,1258.8199462890625,1266.1300048828125,1258.8199462890625,1258.8199462890625,0.5948723546897444,0.0,0.8884462151394422,1,0.536232309983927,75.5003207159032,경계,0.10756915095176738,0.019487955651571895,1.0
2022-05-24,1260.989990234375,1271.489990234375,1260.0400390625,1260.989990234375,0.5860604222962763,0.0,0.900398406374502,0,0.5367608351116044,75.47481448475102,경계,0.113271008182215,0.019411855856064,1.0
2022-05-25,1266.5999755859375,1269.1400146484375,1260.9599609375,1266.5999755859375,0.5144423531367464,0.0,0.8605577689243028,0,0.49484596606497716,69.55709214515647,경계,0.11002434861474612,0.018975631395217858,1.0
2022-05-26,1258.8900146484375,1261.6099853515625,1248.219970703125,1258.8900146484375,0.49546454973490545,0.0,0.8406374501992032,1,0.4805804668292719,67.32693550484368,경계,0.10806003955877622,0.01887213936057359,1.0
2022-05-29,1251.5899658203125,1252.760009765625,1234.8499755859375,1251.5899658203125,0.4243902580638505,0.0,0.8685258964143426,1,0.4617301640446826,64.3740361574658,경계,0.1074245186665826,0.021170406436681572,1.0
2022-05-30,1236.1700439453125,1243.030029296875,1233.0,1236.1700439453125,0.4236113534266706,0.0,0.8047808764940239,0,0.4399161349989493,60.68634144321455,경계,0.10657868259261838,0.02012960609636676,1.0
2022-05-31,1241.739990234375,1247.27001953125,1239.010009765625,1241.739990234375,0.4252212613156768,0.0,0.9043824701195219,1,0.4741567564670355,66.1082142576387,경계,0.11402246434520302,0.019703330524126896,1.0
2022-06-01,1246.949951171875,1254.4300537109375,1238.22998046875,1246.949951171875,0.5072034205858897,0.0,0.8605577689243028,1,0.4919678362556005,68.70928081473481,경계,0.11192251153498263,0.021176364195171715,1.0
2022-06-02,1240.8399658203125,1251.030029296875,1238.260009765625,1240.8399658203125,0.5461184911957353,0.0,0.7808764940239044,1,0.4805596631581757,66.82467106821034,경계,0.1097274229991925,0.022029270599169128,1.0
2022-06-05,1250.530029296875,1253.8900146484375,1247.3199462890625,1250.530029296875,0.4792642990432011,0.0,0.545816733067729,1,0.37468181197978373,48.862032778629874,주의,0.10808566364843333,0.02068850881448156,1.0
2022-06-06,1254.47998046875,1259.75,1252.8399658203125,1254.47998046875,0.24930291680440025,0.0,0.6733067729083665,1,0.3262600710358972,40.5690244010598,주의,0.1090710811584296,0.020498490614900725,1.0
2022-06-07,1254.5799560546875,1257.5999755859375,1252.47998046875,1254.5799560546875,0.24237765289312016,0.0,0.6414342629482072,1,0.3127544808195514,38.40550701769079,정상,0.10645696867695899,0.02050722486793038,1.0
2022-06-08,1256.739990234375,1262.2099609375,1252.5999755859375,1256.739990234375,0.20085484918546737,0.0,0.6533864541832669,1,0.3002774787982156,36.46972882298674,정상,0.10321432571409346,0.020967660879357485,1.0
2022-06-09,1264.02001953125,1282.47998046875,1263.1300048828125,1264.02001953125,0.2569615639542103,0.0,0.6334661354581673,0,0.31586486028093524,39.16314204157547,정상,0.10029331297766646,0.02022299482562469,1.0
2022-06-12,1278.280029296875,1293.6099853515625,1278.280029296875,1278.280029296875,0.3895700694519355,0.0,0.4820717131474104,0,0.3175159067474863,39.48915850348262,정상,0.09979816093221881,0.019036042822827632,0.0
2022-06-13,1291.800048828125,1292.1500244140625,1284.0799560546875,1291.800048828125,0.43354801953930105,0.0,0.5099601593625498,1,0.34440926634877506,44.06766642874587,주의,0.1061364826084811,0.015947161542922857,0.0
2022-06-14,1289.47998046875,1293.239990234375,1280.969970703125,1289.47998046875,0.517148357400073,0.0,0.6254980079681275,0,0.416624578521807,56.690482018288634,주의,0.11073738879300478,0.01647828938644143,0.0
2022-06-15,1278.1600341796875,1296.030029296875,1274.949951171875,1278.1600341796875,0.7366743843331782,0.0,0.43824701195219123,0,0.4407370002127257,60.75112458001969,경계,0.10759117984685024,0.015802825738883742,0.0
2022-06-16,1288.1800537109375,1295.97998046875,1282.1099853515625,1288.1800537109375,0.6799235528635714,0.0,0.47410358565737054,0,0.43026961015547266,58.878106471538736,주의,0.10980369533307045,0.01749321087107398,0.0
2022-06-19,1290.5,1295.239990234375,1287.780029296875,1290.5,0.5704136560548551,0.0,0.450199203187251,1,0.37866540167534024,49.78078324228859,주의,0.11070423510695807,0.019099267448524956,0.0
2022-06-20,1292.3800048828125,1293.93994140625,1287.5400390625,1292.3800048828125,0.4916208624211345,0.0,0.3745019920318725,1,0.321801737792649,39.80474493097138,정상,0.10755953836781595,0.019119808432492637,0.0
2022-06-21,1291.5999755859375,1305.0999755859375,1290.81005859375,1291.5999755859375,0.5259172976667047,0.0,0.18725099601593626,1,0.2722686591740659,31.6662829854151,정상,0.10443635942564868,0.021553757567681985,1.0
2022-06-22,1297.6800537109375,1307.8399658203125,1296.72998046875,1297.6800537109375,0.2648592429041505,0.0,0.2948207171314741,1,0.20476307343997882,22.25493684797484,정상,0.10128201862292807,0.021236991842229727,1.0
2022-06-23,1299.81005859375,1301.9200439453125,1288.510009765625,1299.81005859375,0.25544489233721046,0.0,0.30278884462151395,1,0.20370806140397996,22.130568973145127,정상,0.0998801653190833,0.021884594006632434,1.0
2022-06-26,1288.2900390625,1292.97998046875,1279.7900390625,1288.2900390625,0.4257006338703874,0.0,0.199203187250996,0,0.2364555441054298,26.407645777488753,정상,0.09704717283020076,0.02021282043817755,0.0
2022-06-27,1286.199951171875,1291.0899658203125,1280.06005859375,1286.199951171875,0.4929042719251574,0.0,0.28286852589641437,0,0.29139951444132284,34.64928472822702,정상,0.10025644212705143,0.024035964729597976,1.0
2022-06-28,1292.030029296875,1299.4200439453125,1288.9100341796875,1292.030029296875,0.4540811091354578,0.0,0.06374501992031872,1,0.20204261637637386,22.025178997619403,정상,0.09740705773897042,0.023917669651996466,1.0
2022-06-29,1301.72998046875,1303.7900390625,1291.489990234375,1301.72998046875,0.5013726385442498,0.0,0.06374501992031872,1,0.22084527264733939,24.45121357228186,정상,0.09606301686317588,0.022730504305244578,1.0
2022-06-30,1287.7099609375,1303.4300537109375,1287.7099609375,1287.7099609375,0.6285771470724785,0.0,0.1553784860557769,0,0.3023330537705246,36.55387081160858,정상,0.09757187555958503,0.0217752286001605,1.0
2022-07-03,1297.8900146484375,1299.7900390625,1292.6700439453125,1297.8900146484375,0.5857850515591548,0.0,0.3745019920318725,1,0.3592405117872836,46.38183678416301,주의,0.10354729717512462,0.02035491689158582,1.0
2022-07-04,1295.6800537109375,1315.469970703125,1293.300048828125,1295.6800537109375,0.672754028526141,0.0,0.3745019920318725,1,0.3938185387741576,52.40144609564157,주의,0.10495841404513694,0.020292299583827614,1.0
2022-07-05,1308.6600341796875,1310.5699462890625,1301.68994140625,1308.6600341796875,0.6949917918166771,0.0,0.3386454183266932,1,0.39056386557949097,51.75495206152094,주의,0.10197649121352727,0.0204170228950794,0.0
2022-07-06,1304.8499755859375,1308.1400146484375,1296.0899658203125,1304.8499755859375,0.6650993859326157,0.0,0.5418326693227091,1,0.44722402984111054,61.524615473229424,경계,0.10619606555719914,0.020977240545693426,1.0
2022-07-07,1297.6500244140625,1304.6500244140625,1291.8399658203125,1297.6500244140625,0.529383762981227,0.0,0.5657370517928287,1,0.40132893528409275,53.50942140000915,주의,0.1035832266644841,0.02074974308820449,1.0
2022-07-10,1293.7900390625,1314.550048828125,1293.7900390625,1293.7900390625,0.651440360899026,0.0,0.5139442231075697,1,0.4323851826106001,58.853560212784764,주의,0.10270647736083743,0.020621412458351262,0.0
2022-07-11,1310.8599853515625,1316.219970703125,1302.0899658203125,1310.8599853515625,0.6520640047520437,0.0,0.27091633466135456,0,0.35064782563054664,44.38134402016251,주의,0.10024912702039239,0.015941038633699743,0.0
2022-07-12,1305.8299560546875,1311.010009765625,1299.3800048828125,1305.8299560546875,0.6036741365747539,0.0,0.42231075697211157,1,0.3824812976166988,49.9272263182835,주의,0.10974788779750407,0.01547518854021181,0.0
2022-07-13,1304.8499755859375,1327.010009765625,1304.1800537109375,1304.8499755859375,0.7347127929181136,0.0,0.41434262948207173,1,0.43189296134693683,58.51990599977511,주의,0.10744956232489493,0.015913224232768954,0.0
2022-07-14,1316.1800537109375,1329.1500244140625,1315.800048828125,1316.1800537109375,0.7481045580125494,0.0,0.2350597609561753,0,0.37673643037574744,48.53922051258512,주의,0.10421710941794396,0.01573035537273787,0.0
2022-07-17,1318.1199951171875,1321.469970703125,1311.0699462890625,1318.1199951171875,0.5942759556809103,0.0,0.3426294820717131,0,0.3518642413913013,43.94529349493187,주의,0.10648798588389646,0.01659564994767887,0.0
2022-07-18,1318.9100341796875,1319.25,1303.6800537109375,1318.9100341796875,0.5148376395171663,0.0,0.3545816733067729,0,0.3243123970681462,39.05111456237752,정상,0.10340265240566268,0.016935104316194532,0.0
2022-07-19,1305.5,1313.43994140625,1302.5,1305.5,0.5935980844203171,0.0,0.3386454183266932,1,0.35025070480744425,43.64662934600826,주의,0.100279661446747,0.014781883359240779,0.0
2022-07-20,1312.8699951171875,1316.4300537109375,1306.030029296875,1312.8699951171875,0.44969533566880926,0.0,0.5896414342629482,0,0.37770971369196693,48.694254151814285,주의,0.10503224288644429,0.014744335396494123,0.0
2022-07-21,1306.8499755859375,1316.510009765625,1304.22998046875,1306.8499755859375,0.3609574199565268,0.0,0.6294820717131474,1,0.35586858875341576,44.8662418620865,주의,0.10415868768684279,0.01458678076345407,0.0
2022-07-24,1309.3199462890625,1313.5799560546875,1306.989990234375,1309.3199462890625,0.3693043252059431,0.0,0.6414342629482072,1,0.3632193023415171,46.2692563354939,주의,0.10255468857942701,0.014472925335914075,0.0
2022-07-25,1310.4000244140625,1312.6099853515625,1305.949951171875,1310.4000244140625,0.27849512615333516,0.0,0.4900398406374502,0,0.276041622902514,31.424826824040192,정상,0.09970118157538146,0.014728164964048203,0.0
2022-07-26,1310.9000244140625,1315.530029296875,1308.56005859375,1310.9000244140625,0.1564914420130066,0.0,0.5179282868525896,0,0.23694228455785213,25.647579042232678,정상,0.09671704362886387,0.016112425952654767,0.0
2022-07-27,1305.949951171875,1309.050048828125,1297.5799560546875,1305.949951171875,0.15049096668326523,0.0,0.44621513944223107,1,0.21036416632446048,22.198810450548905,정상,0.09378238545267369,0.01774424430520897,0.0
2022-07-28,1295.1500244140625,1307.0699462890625,1295.06005859375,1295.1500244140625,0.22105652718178614,0.0,0.3426294820717131,1,0.20347579391574588,21.421196105590063,정상,0.09210775329197672,0.017505860402796173,0.0
2022-07-31,1302.280029296875,1309.1400146484375,1299.1500244140625,1302.280029296875,0.2860143446650647,0.0,0.28286852589641437,1,0.2091420734824908,22.204180831727445,정상,0.09496036933596584,0.01713998556005306,0.0
2022-08-01,1306.75,1312.739990234375,1304.4000244140625,1306.75,0.344712678968533,0.0,0.26693227091633465,1,0.2271038794170959,24.579127497359476,정상,0.0945100610119082,0.019066073180717704,0.0
2022-08-02,1314.6300048828125,1314.6300048828125,1306.7099609375,1314.6300048828125,0.4281032096748583,0.0,0.24302788844621515,0,0.25219502163571506,28.232296717077404,정상,0.09259454247354323,0.01816948420057472,0.0
2022-08-03,1307.3800048828125,1312.06005859375,1303.77001953125,1307.3800048828125,0.42846009026273885,0.0,0.1752988047808765,1,0.22948854834379429,25.193992401975706,정상,0.0927676993020072,0.017551570131754728,0.0
2022-08-04,1302.0799560546875,1304.4599609375,1292.68994140625,1302.0799560546875,0.32144675702793846,0.0,0.2788844621513944,1,0.22188563761639774,24.30959744716335,정상,0.0924764780419445,0.019370039918504937,0.0
2022-08-07,1302.739990234375,1306.760009765625,1298.3900146484375,1302.739990234375,0.3129645221165344,0.0,0.2788844621513944,1,0.21851318277210457,24.017623686211845,정상,0.09104002177481452,0.020263852644829803,0.0
2022-08-08,1299.030029296875,1307.4100341796875,1298.760009765625,1299.030029296875,0.36099385754545577,0.0,0.26294820717131473,1,0.23223309758791388,26.012666893272684,정상,0.08828857018998039,0.021042374984299044,0.0
2022-08-09,1307.56005859375,1312.8499755859375,1295.8800048828125,1307.56005859375,0.42945856025424817,0.0,0.01593625498007968,1,0.17612467021484843,19.15767427169684,정상,0.08631427060655873,0.02025161761732723,0.0
2022-08-10,1296.699951171875,1304.8900146484375,1295.949951171875,1296.699951171875,0.5528999418463058,0.0,0.03187250996015936,1,0.23057985975677775,26.148099674121283,정상,0.08746907436691294,0.018467240100109802,0.0
2022-08-11,1306.8299560546875,1306.8299560546875,1298.4100341796875,1306.8299560546875,0.646816667128637,0.0,0.199203187250996,1,0.32436914769003505,41.20337212565046,주의,0.09079398640601173,0.017256046657325653,0.0
2022-08-14,1301.3800048828125,1313.4000244140625,1301.3800048828125,1301.3800048828125,0.7122749027678684,0.0,0.1952191235059761,1,0.3490506897530962,45.66138030214874,주의,0.0930835360342992,0.017483983707645694,0.0
2022-08-15,1313.1800537109375,1313.1800537109375,1307.510009765625,1313.1800537109375,0.7514614257722739,0.0,0.2151394422310757,0,0.3713509811199417,49.754232165248354,주의,0.09169917347317319,0.015351952836722055,0.0
2022-08-16,1311.0,1317.3199462890625,1307.77001953125,1311.0,0.7166595628057273,0.0,0.44621513944223107,0,0.4354673430960418,61.22220525990808,경계,0.09558320888142889,0.015616311324028931,0.0
2022-08-17,1314.8299560546875,1327.219970703125,1312.2900390625,1314.8299560546875,0.6163791818301222,0.0,0.2549800796812749,0,0.3310837979695148,42.63077275427034,주의,0.09289629417479037,0.01643342928823227,0.0
2022-08-18,1326.9100341796875,1338.5899658203125,1323.5699462890625,1326.9100341796875,0.6540915498947504,0.0,0.21912350597609562,0,0.3339816784802101,43.25705847072651,주의,0.09077777848674237,0.016644959991495758,0.0
2022-08-21,1334.8599853515625,1346.1500244140625,1334.0,1334.8599853515625,0.5112601326702421,0.0,0.41832669322709165,0,0.34439435889730785,45.23403857758266,주의,0.09492543737770646,0.016237086395641826,0.0
2022-08-22,1343.3599853515625,1346.1300048828125,1334.1700439453125,1343.3599853515625,0.503471820638676,0.0,0.4940239043824701,1,0.36683420968416225,49.36928444068205,주의,0.09491944865936273,0.014946588580775088,0.0
2022-08-23,1339.0799560546875,1344.25,1337.1800537109375,1339.0799560546875,0.5159198808806501,0.0,0.6135458167330677,0,0.41210408358538975,57.57322148198046,주의,0.0952802175928223,0.018835745152584404,0.0
2022-08-24,1340.0,1340.949951171875,1332.8699951171875,1340.0,0.4711881373387325,0.0,0.6374501992031872,1,0.40238330252852306,55.820099019677336,주의,0.09320726460508143,0.01902465581706525,0.0
2022-08-25,1334.43994140625,1337.8199462890625,1327.3499755859375,1334.43994140625,0.44258218867870225,0.0,0.6095617529880478,0,0.38160170253087367,52.057553823201076,주의,0.0904072523895307,0.019605605594578634,0.0
2022-08-28,1341.1800537109375,1351.9599609375,1341.1800537109375,1341.1800537109375,0.40885311242200506,0.0,0.46613545816733065,1,0.31980657275435453,40.915507487380765,주의,0.08913171882859428,0.019160782174557543,0.0
2022-08-29,1345.72998046875,1352.6400146484375,1342.8900146484375,1345.72998046875,0.33131095158419166,0.0,0.47808764940239046,1,0.29300862151259344,36.35994630887476,정상,0.08860919954869131,0.01900612062249482,0.0
2022-08-30,1350.18994140625,1351.699951171875,1337.4000244140625,1350.18994140625,0.3994977076855847,0.0,0.47808764940239046,1,0.3201190185167617,41.017454684513034,주의,0.08691329711762713,0.022648578988445908,1.0
2022-08-31,1342.260009765625,1358.5799560546875,1340.550048828125,1342.260009765625,0.5800596691606345,0.0,0.350597609561753,1,0.3489000259039762,46.12711903395522,주의,0.08524206615448207,0.021930912925983138,1.0
2022-09-01,1355.0999755859375,1364.780029296875,1351.81005859375,1355.0999755859375,0.6265464814594778,0.0,0.3545816733067729,1,0.3687267559126796,49.67952948001867,주의,0.08576055636423273,0.02046583158922435,0.0
2022-09-04,1361.510009765625,1374.780029296875,1361.300048828125,1361.510009765625,0.6294590427870157,0.0,0.6334661354581673,0,0.4639662675277133,66.30639230977113,경계,0.09101673813211386,0.022119205560429622,1.0
2022-09-05,1361.81005859375,1381.0899658203125,1361.81005859375,1361.81005859375,0.7268328008082219,0.0,0.6454183266932271,0,0.5067131996877311,72.75132771348304,경계,0.09013174818798546,0.0223959333564137,1.0
2022-09-06,1378.1099853515625,1390.5400390625,1377.510009765625,1378.1099853515625,0.7651538975077957,0.0,0.5936254980079682,0,0.5044770188190406,72.28825187913026,경계,0.08739017268734735,0.019052172469257254,0.0
2022-09-07,1374.31005859375,1386.6400146484375,1373.7900390625,1374.31005859375,0.6927972141529812,0.0,0.7450199203187251,0,0.5267815160960565,75.29264010821349,경계,0.09653668318761235,0.0191954640925943,0.0
2022-09-08,1383.0,1385.0,1372.780029296875,1383.0,0.6698588255738229,0.0,0.6533864541832669,0,0.4867489392899714,69.38616602860323,경계,0.09420958475323372,0.01864680370716017,0.0
2022-09-11,1379.06005859375,1383.550048828125,1372.72998046875,1379.06005859375,0.679963209423396,0.0,0.5737051792828686,0,0.4638859148300287,65.65593246603522,경계,0.09457085226011885,0.022463869037709912,1.0
2022-09-12,1375.81005859375,1392.9300537109375,1370.3499755859375,1375.81005859375,0.6439503700328003,0.0,0.5258964143426295,0,0.43343929894790406,60.46881610767903,경계,0.0923584853236064,0.02302665098381524,1.0
2022-09-13,1393.469970703125,1396.1400146484375,1387.31005859375,1393.469970703125,0.5948806513216219,0.0,0.32270916334661354,1,0.3453845550279362,44.662758033815614,주의,0.09001365545193753,0.019328615900801847,0.0
2022-09-14,1391.1800537109375,1399.489990234375,1390.22998046875,1391.1800537109375,0.5528511415830005,0.0,0.7410358565737052,1,0.4697962850156959,66.46408823158613,경계,0.10037890353259366,0.01949487585650053,0.0
2022-09-15,1398.6300048828125,1398.800048828125,1381.010009765625,1398.6300048828125,0.6230824894177309,0.0,0.701195219123506,1,0.4842793769426902,68.66146402686923,경계,0.09753085452846397,0.019615089781202154,0.0
2022-09-18,1385.22998046875,1395.6700439453125,1383.75,1385.22998046875,0.709775456999929,0.0,0.5059760956175299,0,0.4528906115456445,63.51872267993956,경계,0.09681334389177261,0.018219499245043586,0.0
2022-09-19,1390.1099853515625,1394.219970703125,1387.0899658203125,1390.1099853515625,0.6080061662120809,0.0,0.6852589641434262,1,0.4729090901327061,66.70931984055137,경계,0.10105328450590056,0.018341215419202514,0.0
2022-09-20,1392.510009765625,1398.02001953125,1387.6500244140625,1392.510009765625,0.4474209641105562,0.0,0.6215139442231076,1,0.3875576175168116,51.90196403401016,주의,0.09892447309443382,0.021739286992138996,1.0
2022-09-21,1397.56005859375,1414.4000244140625,1396.75,1397.56005859375,0.5265959011611642,0.0,0.5776892430278885,1,0.4042525728084252,54.873281248842986,주의,0.09614510032580652,0.021436380545985696,1.0
2022-09-22,1403.6600341796875,1418.72998046875,1401.6099853515625,1403.6600341796875,0.47155200482480975,0.0,0.6254980079681275,1,0.39849590822079867,53.81414602365807,주의,0.0942729451386301,0.021798113728595647,1.0
2022-09-25,1421.81005859375,1434.6500244140625,1418.550048828125,1421.81005859375,0.3957231691648201,0.0,0.6374501992031872,0,0.3723791585557627,49.04835949543918,주의,0.09295666774608728,0.018399122061126105,0.0
2022-09-26,1429.77001953125,1430.0999755859375,1418.260009765625,1429.77001953125,0.42747147515685746,0.0,0.8286852589641435,0,0.44951501121894355,62.62286147631507,경계,0.10304470167473571,0.01957078463368328,0.0
2022-09-27,1426.260009765625,1446.4100341796875,1425.4599609375,1426.260009765625,0.5784242170204286,0.0,0.796812749003984,0,0.4987801943829602,70.39664415414929,경계,0.10223689380981323,0.019491313220855903,0.0
2022-09-28,1421.949951171875,1442.3299560546875,1420.9599609375,1421.949951171875,0.6583334447620315,0.0,0.7768924302788844,0,0.5238312256018771,73.88655389861528,경계,0.09958206871866394,0.019852472213028532,0.0
2022-09-29,1430.1700439453125,1437.4000244140625,1428.300048828125,1430.1700439453125,0.6210498517642896,0.0,0.7171314741035857,0,0.4888473058207464,68.59095412532487,경계,0.09726298539588067,0.019519388168030782,0.0
2022-10-02,1439.22998046875,1444.719970703125,1431.719970703125,1439.22998046875,0.5129449274447511,0.0,0.5896414342629482,0,0.4028571417474619,53.949305286527796,주의,0.09692709981449474,0.019855024407189004,0.0
2022-10-03,1433.3399658203125,1436.1500244140625,1417.2900390625,1433.3399658203125,0.5789794445244753,0.0,0.6294820717131474,0,0.4425520443045278,60.97038008289617,경계,0.09712941355687806,0.02078551762685163,0.0
2022-10-04,1416.530029296875,1423.489990234375,1409.2099609375,1416.530029296875,0.5840022692376658,0.0,0.6613545816733067,0,0.45530124303247665,63.08836652207097,경계,0.09551099990951253,0.017486532649889617,0.0
2022-10-05,1416.760009765625,1416.760009765625,1396.4000244140625,1416.760009765625,0.5652304328192751,0.0,0.5776892430278885,0,0.4196132902146621,56.845503182342895,주의,0.10334065931549095,0.01882966110738358,0.0
2022-10-06,1408.449951171875,1419.199951171875,1401.199951171875,1408.449951171875,0.5521339501040206,0.0,0.5179282868525896,1,0.3942459323530746,52.228389115647445,주의,0.10019447509903084,0.018185459066111607,0.0
2022-10-09,1415.97998046875,1430.0699462890625,1415.97998046875,1415.97998046875,0.5598109477828719,0.0,0.50199203187251,0,0.39192214661765123,51.83882996796785,주의,0.09979910342649731,0.017454210215347352,0.0
2022-10-10,1428.3499755859375,1438.1500244140625,1427.72998046875,1428.3499755859375,0.618776430516861,0.0,0.5537848605577689,0,0.4328385337671559,59.16077851488859,주의,0.09895528141855697,0.018730139403214094,0.0
2022-10-11,1430.800048828125,1435.5400390625,1422.489990234375,1430.800048828125,0.49076110547591284,0.0,0.7410358565737052,0,0.4451098851176972,61.280585565926835,경계,0.10172777757928263,0.022105092989048246,1.0
2022-10-12,1423.9000244140625,1445.739990234375,1423.1199951171875,1423.9000244140625,0.5053811779766301,0.0,0.35856573705179284,0,0.32189662061059027,39.349187457125126,정상,0.09885362850765347,0.02378782044331695,1.0
2022-10-13,1430.300048828125,1439.6600341796875,1424.510009765625,1430.300048828125,0.4476373530998018,0.0,0.40239043824701193,0,0.31372246895433487,38.03930400484845,정상,0.0976681025273357,0.024027488992019494,1.0
2022-10-16,1440.760009765625,1441.02001953125,1429.280029296875,1440.760009765625,0.45278297945672463,0.0,0.3904382470119522,1,0.31173625588441656,37.713336391162045,정상,0.09628503846333403,0.0229068133275226,1.0
2022-10-17,1430.1500244140625,1431.68994140625,1418.5,1430.1500244140625,0.48406482341979473,0.0,0.32270916334661354,0,0.301325249958535,36.040841198372796,정상,0.09755680513445172,0.021785139267296447,1.0
2022-10-18,1425.02001953125,1435.5999755859375,1413.06005859375,1425.02001953125,0.5251221188177082,0.0,0.40239043824701193,0,0.3445296649626591,43.57612670489057,주의,0.09885514675925078,0.022224954351924352,1.0
2022-10-19,1435.010009765625,1436.43994140625,1420.93994140625,1435.010009765625,0.4512448188943817,0.0,0.44223107569721115,0,0.32859697762694584,40.815826259917046,주의,0.09685683566397449,0.021589409743725575,0.0
2022-10-20,1430.31005859375,1444.8299560546875,1428.0,1430.31005859375,0.4855507125565828,0.0,0.4900398406374502,0,0.3583649283399498,46.12858088900618,주의,0.09775624419835646,0.021342205740127115,0.0
2022-10-23,1428.1099853515625,1445.699951171875,1427.9000244140625,1428.1099853515625,0.49883319165747003,0.0,0.4541832669322709,0,0.351549720467471,44.93214732058688,주의,0.09563279140673954,0.026183083904079033,1.0
2022-10-24,1443.9599609375,1443.9599609375,1422.9200439453125,1443.9599609375,0.6044637713661932,0.0,0.14342629482071714,1,0.2887137434947525,34.135587664342516,정상,0.0929124421117409,0.02467944953150489,1.0
2022-10-25,1426.9300537109375,1432.2099609375,1409.9300537109375,1426.9300537109375,0.6999206542330374,0.0,0.3705179282868526,0,0.4032757058038808,54.25288542683152,주의,0.09978351926306482,0.02545819101187098,1.0
2022-10-26,1412.68994140625,1424.510009765625,1412.030029296875,1412.68994140625,0.6946017008684509,0.0,0.6334661354581673,0,0.4898663604998501,69.09937203029055,경계,0.10717999116836999,0.023545836460281515,1.0
2022-10-27,1420.6500244140625,1428.1199951171875,1412.3199462890625,1420.6500244140625,0.7123513904037218,0.0,0.7370517928286853,0,0.5318680250906748,75.5920353805049,경계,0.11099227118782395,0.027665767179068115,1.0
2022-10-31,1421.6500244140625,1429.0699462890625,1418.4200439453125,1421.6500244140625,0.6754780954702984,0.0,0.7250996015936255,0,0.5131754939173658,73.37124610322343,경계,0.10980661933448577,0.03886140131824331,1.0
2022-11-01,1424.6700439453125,1428.510009765625,1410.47998046875,1424.6700439453125,0.49667913465053726,0.0,0.7290836653386454,0,0.4434307719632506,62.44322174190686,경계,0.1064966216013909,0.03969806251723587,1.0
2022-11-02,1416.5999755859375,1420.4000244140625,1412.3599853515625,1416.5999755859375,0.33317246253697175,0.0,0.7609561752988048,0,0.3891742671335735,52.728010605608866,주의,0.10358149245316557,0.03973353796048447,1.0
2022-11-03,1423.0999755859375,1427.949951171875,1417.0899658203125,1423.0999755859375,0.23403033042219934,0.0,0.46215139442231074,0,0.24895469816575033,27.73030809198206,정상,0.10282651565962286,0.042297344371217155,1.0
2022-11-04,1423.6500244140625,1428.93994140625,1404.010009765625,1423.6500244140625,0.3136393953200182,0.0,0.47808764940239046,0,0.28598258107021124,33.88431639785539,정상,0.10127080025493197,0.04255788910374287,1.0
2022-11-07,1402.1099853515625,1412.0699462890625,1389.4100341796875,1402.1099853515625,0.545474853517409,0.0,0.3944223107569721,1,0.3499336730996351,45.627530017566045,주의,0.09819718143604964,0.039830097268396925,1.0
2022-11-08,1392.699951171875,1393.800048828125,1369.8900146484375,1392.699951171875,0.5984751336373315,0.0,0.8047808764940239,1,0.509440288576682,73.98848941291249,경계,0.11215401891800196,0.042153027136972235,1.0
2022-11-09,1374.1500244140625,1380.1500244140625,1351.47998046875,1374.1500244140625,0.7126488062761838,0.0,0.6932270916334662,0,0.5172020382271219,75.01323717137781,경계,0.1118456410036693,0.04030109753807916,1.0
2022-11-10,1370.550048828125,1383.4599609375,1350.0999755859375,1370.550048828125,0.74753802669063,0.0,0.852589641434263,0,0.5848345161560259,83.2465993096221,심각,0.12032221165555256,0.04191357959738222,1.0
2022-11-11,1349.3699951171875,1349.81005859375,1314.1099853515625,1349.3699951171875,0.7783872428649031,0.0,0.8326693227091634,1,0.590379759643354,83.6251081907087,심각,0.11710180884118129,0.041441179553078085,1.0
2022-11-14,1313.030029296875,1331.8599853515625,1310.0400390625,1313.030029296875,0.8022911219340672,0.18465125258471218,0.896414342629482,0,0.6703317611363058,90.07308035162752,심각,0.12867623142541643,0.033616364906992414,1.0
2022-11-15,1324.0799560546875,1326.72998046875,1306.06005859375,1324.0799560546875,0.8540152428914168,0.15117965908547407,0.9203187250996016,0,0.690088913470916,91.17815568266103,심각,0.1638083935775653,0.03281941106735148,1.0
2022-11-16,1316.260009765625,1333.81005859375,1314.4200439453125,1316.260009765625,0.8312896625643141,0.12377543613312275,0.9163346613545816,0,0.6724456503310765,89.92329100921825,심각,0.16212676384803767,0.034125003843625566,1.0
2022-11-17,1336.4300537109375,1351.1400146484375,1329.3499755859375,1336.4300537109375,0.8743349770830325,0.10133875603782722,0.8884462151394422,0,0.6742048301262248,89.88623860513279,심각,0.15886630477908678,0.046447751520031826,1.0
2022-11-18,1342.75,1343.3599853515625,1334.52001953125,1342.75,0.7452331248550143,0.08296915604683616,0.9442231075697212,1,0.6368224284963622,86.99883414928915,심각,0.16498781686443006,0.0496469828914335,1.0
2022-11-21,1339.030029296875,1362.0,1339.030029296875,1339.030029296875,0.39816820095179434,0.06792939961247077,0.9920318725099602,0,0.5109745765441259,72.74610498854685,경계,0.16101012601499962,0.04966847938481628,1.0
2022-11-22,1359.75,1360.9599609375,1350.449951171875,1359.75,0.39711399401446384,0.05561588850085336,0.9880478087649402,1,0.5059475903001736,71.92183424408698,경계,0.15647739811571423,0.04740386940980888,1.0
2022-11-23,1352.68994140625,1355.43994140625,1339.530029296875,1352.68994140625,0.36968003392655424,0.04553443827540474,0.9840637450199203,1,0.4910238990625658,69.57698286502136,경계,0.16303732423970593,0.048546125182907095,1.0
2022-11-24,1336.81005859375,1339.3399658203125,1323.5699462890625,1336.81005859375,0.37877263546144385,0.037280444940205,0.9561752988047809,0,0.48304307380055445,68.27350946302293,경계,0.15936135222113623,0.04728025751993573,1.0
2022-11-25,1317.8900146484375,1335.300048828125,1317.8900146484375,1317.8900146484375,0.47423274760879985,0.030522646760976282,0.9362549800796812,0,0.5124857631573849,72.6332811426377,경계,0.16118553589422982,0.04512138144894776,1.0
2022-11-28,1334.56005859375,1342.1500244140625,1323.4100341796875,1334.56005859375,0.4851963224676642,0.024989829568547332,0.9362549800796812,0,0.5153782449900245,72.94885352638728,경계,0.16581333537100795,0.04453684465100045,1.0
2022-11-29,1340.1199951171875,1340.8699951171875,1323.1099853515625,1340.1199951171875,0.3880881882266671,0.02045994198194718,0.9721115537848606,1,0.48766448724167405,68.58552145796489,경계,0.16802780162120276,0.04439245143026317,1.0
2022-11-30,1325.3699951171875,1329.219970703125,1311.5799560546875,1325.3699951171875,0.4068050726382934,0.016751183706811428,0.9601593625498008,0,0.49009103120491515,68.86434047108577,경계,0.16370914292568736,0.04492967212510932,1.0
2022-12-01,1279.800048828125,1308.02001953125,1279.800048828125,1279.800048828125,0.6978932992188555,0.19836596183593752,0.8844621513944223,0,0.6284273526946588,86.14077233146318,심각,0.16445267825616974,0.028660212536199665,1.0
2022-12-02,1303.25,1307.93994140625,1294.9100341796875,1303.25,0.7643159228127135,0.16240831331897534,0.9322709163346613,1,0.6614336626892472,88.71875204193857,심각,0.20959747328350228,0.02757843816314489,1.0
2022-12-05,1299.1700439453125,1304.0999755859375,1288.7099609375,1299.1700439453125,0.7093414467940012,0.13296868066976952,0.9402390438247012,1,0.6344611077834772,86.38626627645003,심각,0.21512811382040545,0.02810915598665836,1.0
2022-12-06,1304.3699951171875,1322.43994140625,1301.0699462890625,1304.3699951171875,0.7153281544053172,0.10886554806054607,0.9203187250996016,1,0.6237324753674256,85.27994175502383,심각,0.20893049160377522,0.028415809212090658,1.0
2022-12-07,1319.7099609375,1325.8199462890625,1308.0899658203125,1319.7099609375,0.7564353988096839,0.08913157214785812,0.8924302788844621,0,0.6254374765871974,85.31768775841947,심각,0.20316026181844635,0.029293223025621425,1.0
2022-12-08,1314.0999755859375,1322.800048828125,1313.8399658203125,1314.0999755859375,0.17338215759615294,0.07297475918764036,0.9920318725099602,0,0.42293913654313275,55.03247466116205,주의,0.20214977505910378,0.02906811945559197,1.0
2022-12-09,1316.6300048828125,1316.6700439453125,1295.300048828125,1316.6300048828125,0.16941800969822307,0.05974667954538117,0.9880478087649402,0,0.4165127700657599,53.600082986804885,주의,0.19669023689188275,0.029917702199979267,1.0
2022-12-12,1303.1700439453125,1312.9599609375,1301.699951171875,1303.1700439453125,0.245573513795012,0.04553443827540474,0.9083665338645418,1,0.4161439342831502,53.32930197482478,주의,0.19084487104369371,0.02936424495651847,1.0
2022-12-13,1305.9200439453125,1309.06005859375,1285.6500244140625,1305.9200439453125,0.259452430707165,0.037280444940205,0.4900398406374502,1,0.27835199445625974,27.59961788806033,정상,0.18929597345868626,0.029464736808535057,1.0
2022-12-14,1288.97998046875,1300.3199462890625,1288.97998046875,1288.97998046875,0.20829592908725558,0.030522646760976282,0.4302788844621514,0,0.23606111630796567,21.228540533858503,정상,0.1837122119343075,0.026508530073652472,1.0
2022-12-15,1295.6800537109375,1319.5400390625,1295.010009765625,1295.6800537109375,0.3569583552746608,0.024989829568547332,0.5577689243027888,1,0.3367100223499992,37.31718023593354,정상,0.1852100180989061,0.02604591585517207,1.0
2022-12-16,1317.0999755859375,1317.699951171875,1303.8800048828125,1317.0999755859375,0.423800217026423,0.02045994198194718,0.3426294820717131,0,0.2895078479937683,28.71191145780902,정상,0.18069586946574293,0.023078784584403357,1.0
2022-12-19,1308.8599853515625,1308.8599853515625,1296.5400390625,1308.8599853515625,0.41204109868542427,0.016751183706811428,0.6055776892430279,1,0.3725549108069113,43.947786996105975,주의,0.18643214458539695,0.022215093130330533,0.0
2022-12-20,1301.3299560546875,1303.8199462890625,1280.260009765625,1301.3299560546875,0.4460225811115949,0.013714709251225343,0.6095617529880478,1,0.3866047935406618,46.6457210711716,주의,0.1823925482555772,0.02264852877862765,0.0
2022-12-21,1283.6400146484375,1289.2900390625,1281.1600341796875,1283.6400146484375,0.4283000036520148,0.011228654233501289,0.3346613545816733,0,0.2861620294209683,27.73568744687948,정상,0.1782536431892701,0.019371636552910063,0.0
2022-12-22,1280.77001953125,1287.06005859375,1271.989990234375,1280.77001953125,0.3144160386033318,0.009193244536646779,0.5577689243027888,0,0.31560856065294296,32.83160897342712,정상,0.18083246782554496,0.02023894714441908,0.0
2022-12-23,1290.199951171875,1291.8299560546875,1277.43994140625,1290.199951171875,0.1854926377306232,0.00752679202271886,0.3904382470119522,1,0.20745924561379564,16.933141736051326,정상,0.17553948695510313,0.019019358600275052,0.0
2022-12-26,1279.239990234375,1281.5400390625,1272.8699951171875,1279.239990234375,0.18537526740045973,0.006162416101021958,0.23107569721115537,0,0.15329007831746994,11.79594291202568,정상,0.17256568867543645,0.023940513038962528,1.0
2022-12-27,1275.1300048828125,1275.1300048828125,1255.780029296875,1275.1300048828125,0.17398444866990492,0.00504535957516959,0.1952191235059761,0,0.13636891777021595,10.673150233255075,정상,0.17056553285199216,0.026113500105893164,1.0
2022-12-28,1272.280029296875,1273.47998046875,1265.1500244140625,1272.280029296875,0.1341646670612629,0.004130791044527803,0.20717131474103587,0,0.12432660516566615,10.0393557524462,정상,0.16584215699691807,0.026027142362931036,1.0
2022-12-29,1274.3199462890625,1274.3199462890625,1259.3399658203125,1274.3199462890625,0.2679245802302379,0.0,0.0796812749003984,0,0.1334046607808314,10.975330200946214,정상,0.16102516548848744,0.026003693598966735,1.0
2022-12-30,1260.260009765625,1264.3499755859375,1250.52001953125,1260.260009765625,0.25147909899148463,0.0,0.00398406374501992,1,0.10132968736842832,9.015195078342723,정상,0.15624392842717877,0.023602271471892488,0.0
2023-01-02,1260.9100341796875,1273.9300537109375,1256.550048828125,1260.9100341796875,0.3000716338439136,0.0,0.00398406374501992,0,0.12064961086397237,10.60298412904506,정상,0.1575073323137123,0.023685688992603964,0.0
2023-01-03,1270.0999755859375,1278.969970703125,1264.3900146484375,1270.0999755859375,0.2775305542164,0.0,0.01593625498007968,0,0.11571955938052327,10.51725136672259,정상,0.15272218740703516,0.022789035943390122,0.0
2023-01-04,1279.0799560546875,1279.719970703125,1267.56005859375,1279.0799560546875,0.3671786289430085,0.0,0.0,0,0.14598668379661783,13.155873178610813,정상,0.1507381190685096,0.021878535557777,0.0
2023-01-05,1271.0799560546875,1278.22998046875,1265.739990234375,1271.0799560546875,0.34288246407666645,0.0,0.01195219123505976,0,0.14035882733869476,12.922846355666854,정상,0.1486915825905804,0.02097167751085407,0.0
2023-01-06,1274.1800537109375,1274.1800537109375,1253.010009765625,1274.1800537109375,0.34789195662575634,0.0,0.01593625498007968,0,0.14369457479629144,13.43132596819941,정상,0.14621159741337889,0.021334894348434795,0.0
2023-01-09,1252.8800048828125,1252.8900146484375,1233.93994140625,1252.8800048828125,0.6221233351464137,0.0,0.0,1,0.2473502416847187,25.366617009004123,정상,0.14207351366335422,0.01319228907961682,0.0
2023-01-10,1239.280029296875,1248.1199951171875,1236.1400146484375,1239.280029296875,0.6006279920101081,0.0,0.00398406374501992,0,0.24014792194209789,24.500728988919192,정상,0.15254757059918647,0.007435470189180726,0.0
2023-01-11,1240.1600341796875,1249.6600341796875,1238.199951171875,1240.1600341796875,0.5121377790012722,0.0,0.0398406374501992,1,0.21706125970659712,21.62576812404467,정상,0.1538689201010523,0.007894415858674378,0.0
2023-01-12,1241.5999755859375,1246.719970703125,1234.5799560546875,1241.5999755859375,0.6073982274569257,0.0,0.00796812749003984,1,0.24418372380481523,25.38429777006962,정상,0.1492069853972691,0.007808870550219907,0.0
2023-01-13,1239.1300048828125,1245.760009765625,1233.1400146484375,1239.1300048828125,0.49372439249858807,0.0,0.01195219123505976,0,0.20033212418114554,19.898112799651862,정상,0.1447318942663769,0.007574544203221509,0.0
2023-01-16,1236.5899658203125,1240.2099609375,1230.9200439453125,1236.5899658203125,0.16787227295688273,0.0,0.0796812749003984,0,0.09362482776853356,10.400947329430918,정상,0.14053625333523279,0.007662801262300029,0.0
2023-01-17,1240.7099609375,1242.22998046875,1235.3900146484375,1240.7099609375,0.09870245680632031,0.0,0.09163346613545817,1,0.07015564007712528,9.18562947973492,정상,0.13648837163959826,0.00720774179870048,0.0
2023-01-18,1237.0,1246.3299560546875,1224.9200439453125,1237.0,0.16654725306277704,0.0,0.08366533864541832,0,0.0944420341342573,11.01944379266309,정상,0.13296094502118955,0.006577381199783237,0.0
2023-01-19,1237.8800048828125,1241.699951171875,1231.06005859375,1237.8800048828125,0.16291398359703696,0.0,0.07569721115537849,0,0.09030943820545563,10.998630275924441,정상,0.1294352855878091,0.010576277489778999,0.0
2023-01-20,1232.1800537109375,1237.6300048828125,1229.199951171875,1232.1800537109375,0.17394246724254264,0.0,0.08764940239043825,0,0.09872632151730334,11.850144770035719,정상,0.12552262847588527,0.009816907941421484,0.0
2023-01-23,1230.030029296875,1232.280029296875,1224.010009765625,1230.030029296875,0.1784859034124075,0.0,0.09561752988047809,0,0.10322079095497391,12.431095354086434,정상,0.12301478466915268,0.020147884601251508,0.0
2023-01-24,1229.280029296875,1237.3299560546875,1228.3900146484375,1229.280029296875,0.19293741086756347,0.0,0.07171314741035857,0,0.10090244200144138,12.482055553074286,정상,0.11946043147395444,0.02321431294831358,0.0
2023-01-25,1232.6600341796875,1237.25,1229.6600341796875,1232.6600341796875,0.1047910950684175,0.0,0.10756972111553785,0,0.07795250998184142,11.027209553714806,정상,0.11584546523478151,0.023520246419150535,0.0
2023-01-26,1232.5899658203125,1234.969970703125,1228.219970703125,1232.5899658203125,0.09599655901700148,0.0,0.12749003984063745,0,0.0811759947361313,11.4177998451378,정상,0.11282268451692756,0.02386976449982717,0.0
2023-01-27,1231.8499755859375,1235.8599853515625,1227.1099853515625,1231.8499755859375,0.08909703404982532,0.0,0.13545816733067728,0,0.08112085311931566,11.59280012634337,정상,0.109385874366353,0.024080054911956007,0.0
2023-01-30,1228.949951171875,1230.4200439453125,1225.199951171875,1228.949951171875,0.08630107390380963,0.0,0.099601593625498,0,0.06791301277517664,10.848872533730944,정상,0.10607924508312674,0.02403441906027709,0.0
2023-01-31,1231.5,1238.719970703125,1227.52001953125,1231.5,0.09888228697191356,0.0,0.11553784860557768,0,0.07829126784372678,11.735696402073696,정상,0.1032551920750549,0.024417281838544514,1.0
2023-02-01,1232.1500244140625,1233.4000244140625,1225.8900146484375,1232.1500244140625,0.10855459466825457,0.0,0.09561752988047809,0,0.07541677663500948,11.746535474498362,정상,0.10043356856501758,0.02441759864165699,1.0
2023-02-02,1221.949951171875,1225.47998046875,1216.0,1221.949951171875,0.20779014554124736,0.0,0.055776892430278883,0,0.10143166013143338,13.867445513871568,정상,0.097395574302422,0.024650966979565595,1.0
2023-02-03,1224.9000244140625,1245.6199951171875,1223.489990234375,1224.9000244140625,0.5716938648366517,0.0,0.02390438247011952,0,0.23536409938280545,28.238863405105345,정상,0.09980760356476034,0.02486864832826883,1.0
2023-02-06,1246.75,1262.510009765625,1243.6199951171875,1246.75,0.9104585371092405,0.0,0.0,1,0.3619895388506619,47.67262899473902,주의,0.09722026174113264,0.017904899477124106,0.0
2023-02-07,1261.22998046875,1263.989990234375,1252.510009765625,1261.22998046875,0.9290046134008896,0.0,0.01593625498007968,0,0.37473936604423597,49.715972909642744,주의,0.11666798903435671,0.013787893609775734,0.0
2023-02-08,1255.3499755859375,1262.5,1251.5699462890625,1255.3499755859375,0.9434771384431253,0.0,0.02390438247011952,1,0.38318154551549977,51.04151212054189,주의,0.1216997182378084,0.014969639776539471,0.0
2023-02-09,1260.469970703125,1265.8800048828125,1253.1300048828125,1260.469970703125,0.8853586270590964,0.0,0.07171314741035857,0,0.37620244361976174,49.82078115280962,주의,0.1193832043393362,0.014588124199566526,0.0
2023-02-10,1264.550048828125,1268.9200439453125,1257.9200439453125,1264.550048828125,0.765835458193345,0.0,0.1593625498007968,0,0.35824965680485177,46.7889004343803,주의,0.11682337091602712,0.014687090276895545,0.0
2023-02-13,1266.8699951171875,1279.0400390625,1266.8699951171875,1266.8699951171875,0.47159775475550386,0.0,0.23107569721115537,0,0.2654559690222166,32.233182301219294,정상,0.11395943008623298,0.01885270399050293,0.0
2023-02-14,1272.93994140625,1274.0400390625,1258.06005859375,1272.93994140625,0.4132138922202197,0.0,0.23904382470119523,0,0.2449311510229002,29.457177548892606,정상,0.1107174049830117,0.018575852770163638,0.0
2023-02-15,1272.25,1288.1400146484375,1271.6199951171875,1272.25,0.4840695362848749,0.0,0.24701195219123506,0,0.27579071516572834,34.034006993880396,정상,0.10894167962944032,0.01873047391015786,0.0
2023-02-16,1283.719970703125,1294.77001953125,1278.6800537109375,1283.719970703125,0.5455575352464983,0.0,0.23107569721115537,0,0.29486166488008186,37.09745397906417,정상,0.10564391326379582,0.02040159498994999,0.0
2023-02-17,1288.9599609375,1303.4599609375,1288.93994140625,1288.9599609375,0.6178741369994204,0.0,0.3904382470119522,0,0.3773749088833197,50.86398478707774,주의,0.10820791008222021,0.020401632407316433,0.0
2023-02-20,1293.9200439453125,1297.6700439453125,1292.18994140625,1293.9200439453125,0.5417256726338231,0.0,0.398406374501992,1,0.34978705642134866,46.33669371291814,주의,0.10610049817434583,0.023613665904174925,0.0
2023-02-21,1296.1099853515625,1303.260009765625,1292.8499755859375,1296.1099853515625,0.4405520801475753,0.0,0.44223107569721115,1,0.32434564776375774,42.1850219560544,주의,0.10394670040360328,0.023776743580371282,0.0
2023-02-22,1305.8299560546875,1307.219970703125,1299.8599853515625,1305.8299560546875,0.26155562362617907,0.0,0.4820717131474104,1,0.26661859696134216,33.134101637275535,정상,0.10099435484662868,0.02679861471376915,1.0
2023-02-23,1302.8299560546875,1306.010009765625,1292.5899658203125,1302.8299560546875,0.254789822418474,0.0,0.601593625498008,1,0.3042492247440225,39.20611041172515,정상,0.10213660038303247,0.026722417071723445,1.0
2023-02-24,1298.0799560546875,1316.239990234375,1295.4599609375,1298.0799560546875,0.33981632579527693,0.0,0.5976095617529881,1,0.3367109214497326,44.828509685514426,주의,0.09942816045640585,0.027353284238944016,1.0
2023-02-27,1313.699951171875,1325.2099609375,1312.4100341796875,1313.699951171875,0.5098612471309342,0.0,0.5936254980079682,0,0.40297512168125227,56.561824323871065,주의,0.09743983644607973,0.025015580082345043,1.0
2023-02-28,1318.3499755859375,1326.5699462890625,1314.27001953125,1318.3499755859375,0.5195668216275225,0.0,0.7768924302788844,0,0.468658953753217,67.65633847678147,경계,0.1053001455339939,0.030444182697683415,1.0
2023-03-01,1321.5999755859375,1323.77001953125,1298.0699462890625,1321.5999755859375,0.6722418075538561,0.0,0.7569721115537849,0,0.5226409490696774,75.56016896231318,경계,0.10301264121251573,0.03099263447652914,1.0
2023-03-02,1305.72998046875,1317.0,1304.0799560546875,1305.72998046875,0.7738822888498142,0.0,0.7330677290836654,1,0.5549880957395963,79.57859792715068,경계,0.1003322959991122,0.02906121696464011,1.0
2023-03-03,1311.06005859375,1311.2900390625,1298.199951171875,1311.06005859375,0.7474327370387756,0.0,0.7768924302788844,0,0.5592562454227513,80.09668435427844,심각,0.10802450060996306,0.029798348693065215,1.0
2023-03-06,1294.780029296875,1301.1600341796875,1293.5899658203125,1294.780029296875,0.7386958537110064,0.0,0.7808764940239044,1,0.557126566326898,79.9359764081985,경계,0.10592478118600859,0.02744402795373836,1.0
2023-03-07,1299.0,1315.81005859375,1296.6600341796875,1299.0,0.7969141819474993,0.0,0.4541832669322709,1,0.4700638491370007,68.29742706510655,경계,0.11361135546077848,0.027329302787655944,1.0
2023-03-08,1317.9000244140625,1323.7900390625,1312.219970703125,1317.9000244140625,0.7986517755991654,0.0,0.22709163346613545,0,0.3941454738774006,55.694151493468546,주의,0.11087460497232289,0.023228434413257722,0.0
2023-03-09,1316.449951171875,1323.5999755859375,1314.68994140625,1316.449951171875,0.6539194470622941,0.0,0.6573705179282868,0,0.4817556175306956,70.43922808158416,경계,0.1212865509892249,0.023542848095423962,0.0
2023-03-10,1325.550048828125,1329.1099853515625,1308.9300537109375,1325.550048828125,0.6848525278453517,0.0,0.5816733067729084,0,0.46851790371732577,68.50825732338893,경계,0.11766956632248039,0.024340626641480803,0.0
2023-03-13,1319.5400390625,1319.5400390625,1297.469970703125,1319.5400390625,0.6350099140269811,0.0,0.6932270916334662,0,0.4863335629955112,71.22173732510504,경계,0.11718742221871807,0.02481135797465225,1.0
2023-03-14,1296.3800048828125,1314.469970703125,1295.25,1296.3800048828125,0.8058804262932966,0.0,0.6613545816733067,1,0.5435178596931491,78.82406495395898,경계,0.11498327796124164,0.017529949915714507,0.0
2023-03-15,1304.5799560546875,1322.02001953125,1295.510009765625,1304.5799560546875,0.7628914459915392,0.0,0.8406374501992032,1,0.5869068231722709,83.42243525364164,심각,0.1310298411730508,0.016368911827338076,0.0
2023-03-16,1311.739990234375,1315.97998046875,1303.0,1311.739990234375,0.803626831838535,0.0,0.8366533864541833,0,0.6017587984504673,84.66599573507874,심각,0.12938246456843236,0.017284447350578328,0.0
2023-03-17,1301.6199951171875,1309.010009765625,1298.3499755859375,1301.6199951171875,0.7296188615747081,0.0,0.8247011952191236,1,0.5683018782903715,81.16393122465186,심각,0.12723362568972,0.017477011222250885,0.0
2023-03-20,1307.6500244140625,1313.3599853515625,1299.6500244140625,1307.6500244140625,0.646430020934043,0.0,0.8565737051792829,1,0.5459789691065462,78.52072119676062,경계,0.12698043608325976,0.018213366217331297,0.0
2023-03-21,1304.93994140625,1310.8800048828125,1302.0,1304.93994140625,0.2746062476139484,0.0,0.952191235059761,1,0.4304019367823326,61.618344076466855,경계,0.12441703222690625,0.01820139213052041,0.0
2023-03-22,1303.43994140625,1309.800048828125,1302.02001953125,1303.43994140625,0.14166028106468453,0.0,0.9721115537848606,1,0.38426400941097205,53.67142680753367,주의,0.12089623699538596,0.018467298708066644,0.0
2023-03-23,1298.25,1299.1800537109375,1276.1300048828125,1298.25,0.23022575679474208,0.0,0.8685258964143426,1,0.38453222980515755,53.7482990782415,주의,0.11729853860398912,0.018261507017809948,0.0
2023-03-24,1286.2900390625,1307.050048828125,1283.47998046875,1286.2900390625,0.3633585390024366,0.0,0.8446215139442231,0,0.4294004117773331,61.45842767875198,경계,0.11477840822585217,0.015797203904654573,0.0
2023-03-26,1294.8299560546875,1303.3399658203125,1294.8199462890625,1294.8299560546875,0.4011214480745219,0.0,0.8685258964143426,1,0.4524787094706122,65.17357555958766,경계,0.11695623495618573,0.01446858611498779,0.0
2023-03-27,1297.800048828125,1300.550048828125,1292.239990234375,1297.800048828125,0.4159064236765612,0.0,0.7729083665338645,1,0.42610055715993644,60.65316101284856,경계,0.11627600017047483,0.01486808671353706,0.0
2023-03-28,1296.97998046875,1303.9300537109375,1295.1500244140625,1296.97998046875,0.4652006841201179,0.0,0.7370517928286853,1,0.4336032864477961,61.80712120132091,경계,0.11308525285875261,0.01488283575106695,0.0
2023-03-29,1307.1300048828125,1307.5899658203125,1295.8399658203125,1307.1300048828125,0.3603370653190141,0.0,0.7330677290836654,1,0.39056650084180833,54.180258010552485,주의,0.10966776635373061,0.012690280007642666,0.0
2023-03-30,1296.5,1306.52001953125,1288.27001953125,1296.5,0.2219683899423276,0.0,0.4900398406374502,1,0.2535671374210291,30.62511230623482,정상,0.1105631969670121,0.018983445845396147,0.0
2023-04-02,1305.47998046875,1320.550048828125,1305.47998046875,1305.47998046875,0.2871376414077017,0.0,0.5577689243027888,1,0.3023261692401475,38.58647492378366,정상,0.11179855516108764,0.01774736629496247,0.0
2023-04-03,1308.050048828125,1316.8299560546875,1304.949951171875,1308.050048828125,0.32291495495023476,0.0,0.36254980079681276,1,0.25069383055022293,30.225074202656504,정상,0.11166627091093287,0.02012409913462918,0.0
2023-04-04,1312.4100341796875,1315.8399658203125,1307.93994140625,1312.4100341796875,0.3459733517354846,0.0,0.3386454183266932,0,0.2517974978363663,30.3691475001019,정상,0.10853423402505334,0.019847487793895842,0.0
2023-04-05,1316.2099609375,1321.800048828125,1315.75,1316.2099609375,0.2648968188857418,0.0,0.18725099601593626,0,0.16848943267079147,19.366362026730062,정상,0.10602040817237186,0.021286525027675557,0.0
2023-04-06,1317.93994140625,1319.93994140625,1313.25,1317.93994140625,0.12071467822169055,0.0,0.22310756972111553,0,0.12326019678924123,14.875187898454126,정상,0.10340355765015025,0.0213793643125301,0.0
2023-04-09,1315.449951171875,1323.1300048828125,1315.449951171875,1315.449951171875,0.07866234632149359,0.0,0.20318725099601595,0,0.09982048742768354,12.99828245931844,정상,0.10038348639968708,0.021736786001768437,0.0
2023-04-10,1320.8800048828125,1323.56005859375,1315.6500244140625,1320.8800048828125,0.0883223194355709,0.0,0.199203187250996,0,0.10231717812532201,13.34104430684161,정상,0.0976027983710266,0.021496974843992184,0.0
2023-04-11,1322.0899658203125,1327.9599609375,1318.1300048828125,1322.0899658203125,0.10921310568459398,0.0,0.1593625498007968,0,0.09718293833751701,13.105419277444271,정상,0.09597555544931997,0.022336121781612286,0.0
2023-04-12,1322.8299560546875,1326.8699951171875,1300.2900390625,1322.8299560546875,0.38604873878244517,0.0,0.07171314741035857,0,0.17768164466639433,21.14275851770346,정상,0.09311983921103817,0.022454190835975895,0.0
2023-04-13,1301.4300537109375,1306.9000244140625,1294.050048828125,1301.4300537109375,0.6822022366247465,0.0,0.01195219123505976,1,0.27526909835178687,34.819713294107174,정상,0.09030924815082703,0.015477220175188643,0.0
2023-04-16,1303.3800048828125,1321.9100341796875,1303.3800048828125,1303.3800048828125,0.7711721735710491,0.0,0.07569721115537849,1,0.3321470318095809,44.32714424219208,주의,0.1081129216650713,0.015493690823819385,0.0
2023-04-17,1316.0699462890625,1320.8499755859375,1314.18994140625,1316.0699462890625,0.8120705066820239,0.0,0.06374501992031872,0,0.34437575034067125,46.46227241793654,주의,0.10498091440476308,0.012797126959586957,0.0
2023-04-18,1315.9000244140625,1335.510009765625,1313.72998046875,1315.9000244140625,0.8502265880774703,0.0,0.16334661354581673,0,0.39314677814264326,55.00004467375338,주의,0.10853190628550638,0.012801679187943607,0.0
2023-04-19,1326.760009765625,1332.1600341796875,1318.75,1326.760009765625,0.82798828319933,0.0,0.18326693227091634,0,0.39102514998992227,54.63814636764034,주의,0.10522678502605842,0.011145406240975264,0.0
2023-04-20,1323.5999755859375,1332.1700439453125,1322.780029296875,1323.5999755859375,0.6265905621652199,0.0,0.350597609561753,0,0.3674002604720643,50.503541449646235,주의,0.10690981226163053,0.015733453738942728,0.0
2023-04-23,1329.3800048828125,1336.9100341796875,1328.0999755859375,1329.3800048828125,0.46478223948766495,0.0,0.2749003984063745,0,0.27753042239122205,35.255674893372,정상,0.1040668209362026,0.015310389132284413,0.0
2023-04-24,1332.800048828125,1342.77001953125,1328.6099853515625,1332.800048828125,0.4467026572556008,0.0,0.24701195219123506,0,0.2609340042263784,32.77202205431169,정상,0.10230928883557637,0.015648065499284033,0.0
2023-04-25,1341.0,1341.0,1333.8599853515625,1341.0,0.23400429255421584,0.0,0.3107569721115538,1,0.19787152859533286,23.983650004072842,정상,0.09969440952139483,0.01465595441264358,0.0
2023-04-26,1337.8299560546875,1346.02001953125,1336.699951171875,1337.8299560546875,0.2234304179874013,0.0,0.38645418326693226,0,0.219203866566968,26.981133815670223,정상,0.09955632797062952,0.01567842116957631,0.0
2023-04-27,1339.3900146484375,1341.3399658203125,1335.699951171875,1339.3900146484375,0.18991939132900348,0.0,0.32669322709163345,0,0.1857198828002753,22.756943553040486,정상,0.09696117087076161,0.01800817538588722,0.0
2023-04-30,1337.1700439453125,1341.18994140625,1336.22998046875,1337.1700439453125,0.1924018561951428,0.0,0.2350597609561753,0,0.15579439230376652,19.45695774177498,정상,0.09411650757172468,0.019937073433029622,0.0
2023-05-01,1342.7900390625,1343.1600341796875,1337.1099853515625,1342.7900390625,0.15430011438412172,0.0,0.22709163346613545,1,0.1379574639967206,17.76439250512743,정상,0.0914770334238061,0.020020077933112532,0.0
2023-05-02,1342.300048828125,1342.300048828125,1330.5999755859375,1342.300048828125,0.1617260771553536,0.0,0.24701195219123506,1,0.14763006274073792,18.978503608009778,정상,0.0901772261047356,0.020693927411351582,0.0
2023-05-03,1335.22998046875,1335.22998046875,1319.8199462890625,1335.22998046875,0.28448223907211556,0.0,0.21115537848605578,0,0.1843405359878238,23.400219601464393,정상,0.08744158178636881,0.020943462556114657,0.0
2023-05-04,1320.1500244140625,1324.18994140625,1314.72998046875,1320.1500244140625,0.40992199241193455,0.0,0.2151394422310757,0,0.23555819436221637,30.537968455062714,정상,0.08722933832378676,0.017601597559310626,0.0
2023-05-07,1316.9599609375,1325.3199462890625,1316.9599609375,1316.9599609375,0.4405601056927888,0.0,0.549800796812749,0,0.3606374192604699,51.44446959972133,주의,0.09540974074223559,0.019149333361974392,0.0
2023-05-08,1322.4100341796875,1326.5699462890625,1318.719970703125,1322.4100341796875,0.43974638257692017,0.0,0.5577689243027888,0,0.363001933801403,51.97320502439873,주의,0.09298031927514218,0.02028720857588241,0.0
2023-05-09,1326.050048828125,1326.050048828125,1315.8299560546875,1326.050048828125,0.4511089860913307,0.0,0.5577689243027888,0,0.3675195954396626,52.89173514173468,주의,0.0915669103923181,0.02061176935224774,0.0
2023-05-10,1318.050048828125,1333.72998046875,1315.780029296875,1318.050048828125,0.49723050947963493,0.0,0.5657370517928287,0,0.3885451116027368,56.689971890967605,주의,0.08941852545346181,0.019728883770825212,0.0
2023-05-11,1329.8800048828125,1341.4599609375,1329.800048828125,1329.8800048828125,0.5752989101534743,0.0,0.7450199203187251,0,0.480065322939626,71.51479846599503,경계,0.08983087755799962,0.019914497978036808,0.0
2023-05-14,1341.52001953125,1341.77001953125,1333.5999755859375,1341.52001953125,0.619528504397923,0.0,0.19123505976095617,1,0.31083159419805095,43.15938752831726,주의,0.09376880058715666,0.019008102942436572,0.0
2023-05-15,1335.4000244140625,1341.4599609375,1331.489990234375,1335.4000244140625,0.7170103254075593,0.0,0.3346613545816733,0,0.3979742008040519,58.5861057457485,주의,0.09702220982461074,0.018521992582589963,0.0
2023-05-16,1342.4300537109375,1342.4300537109375,1334.02001953125,1342.4300537109375,0.7583084009367951,0.0,0.2350597609561753,1,0.3807933799721343,55.65412219929523,주의,0.09573204957209755,0.018129393078013485,0.0
2023-05-17,1334.1500244140625,1337.6099853515625,1329.4000244140625,1334.1500244140625,0.6523972238447728,0.0,0.33067729083665337,0,0.3709406328952265,53.966515129929824,주의,0.09503462906971968,0.017104827172476945,0.0
2023-05-18,1334.739990234375,1335.4300537109375,1321.989990234375,1334.739990234375,0.5637463689911325,0.0,0.3386454183266932,0,0.33838195048017805,48.263332036776845,주의,0.09522852310493908,0.01838273127236605,0.0
2023-05-21,1324.2099609375,1324.219970703125,1312.4300537109375,1324.2099609375,0.5038503589361198,0.0,0.3426294820717131,0,0.3159118956975894,44.386788301296356,주의,0.09234348181375172,0.01760349049554532,0.0
2023-05-22,1313.8299560546875,1321.72998046875,1308.260009765625,1313.8299560546875,0.5616111966658422,0.0,0.44621513944223107,0,0.3738216071609068,54.795655889380924,주의,0.09467955660280579,0.01627346663477553,0.0
2023-05-23,1319.8399658203125,1320.300048828125,1314.0899658203125,1319.8399658203125,0.5257651210511628,0.0,0.6135458167330677,0,0.41601845618330446,62.095904294551175,경계,0.0967612414263207,0.01562696128958555,0.0
2023-05-24,1318.52001953125,1330.1099853515625,1317.3499755859375,1318.52001953125,0.5725325338554856,0.0,0.5617529880478087,0,0.41714044918758636,62.218951234076314,경계,0.09547734336973475,0.01709817459471169,0.0
2023-05-25,1330.8900146484375,1330.8900146484375,1322.4000244140625,1330.8900146484375,0.6449962538319305,0.0,0.5179282868525896,0,0.43116708925694236,64.465601548865,경계,0.09265044675995616,0.017035087958491586,0.0
2023-05-28,1322.4300537109375,1326.6400146484375,1320.0799560546875,1322.4300537109375,0.5252841294866761,0.0,0.8605577689243028,0,0.49915655184266006,74.54646206574125,경계,0.09688908189428164,0.01747121074217105,0.0
2023-05-29,1324.5899658203125,1326.5799560546875,1316.239990234375,1324.5899658203125,0.382650296150421,0.0,0.900398406374502,0,0.4558869295355415,68.148821206435,경계,0.0971550243602139,0.017472076584617458,0.0
2023-05-30,1319.7900390625,1327.800048828125,1315.18994140625,1319.7900390625,0.434817817564643,0.0,0.8725099601593626,0,0.4672200826999442,69.76620155738699,경계,0.09440880109982552,0.021650314029035406,0.0
2023-05-31,1321.739990234375,1324.4000244140625,1315.1700439453125,1321.739990234375,0.405744045770808,0.0,0.8924302788844621,0,0.46238073878556146,68.94052888875393,경계,0.09261483084243563,0.022173911051633556,0.0
2023-06-01,1312.8499755859375,1313.6800537109375,1298.199951171875,1312.8499755859375,0.3716336866411955,0.0,0.8366533864541833,0,0.4300024877093564,63.79156474389829,경계,0.0899767388094443,0.021347857368315827,0.0
2023-06-04,1305.1400146484375,1310.510009765625,1299.219970703125,1305.1400146484375,0.3915711676974285,0.0,0.5179282868525896,1,0.33040771766129695,46.515512740634016,주의,0.09109724168561435,0.02110009961145626,0.0
2023-06-05,1299.7900390625,1303.3299560546875,1294.8199462890625,1299.7900390625,0.3247563109386593,0.0,0.6254980079681275,1,0.34013135522991955,48.304862925085786,주의,0.09124324586698089,0.02139308089769938,0.0
2023-06-06,1299.199951171875,1305.800048828125,1296.27001953125,1299.199951171875,0.3292835129920178,0.0,0.6215139442231076,1,0.34058730562630846,48.41280745936982,주의,0.08989392834040111,0.02164830109579548,0.0
2023-06-07,1308.3399658203125,1308.3800048828125,1295.6199951171875,1308.3399658203125,0.5665963440258686,0.0,0.5139442231075697,1,0.3986520192754893,58.61819716779959,주의,0.08717328124648088,0.02049213130351932,0.0
2023-06-08,1296.3299560546875,1297.2099609375,1286.22998046875,1296.3299560546875,0.5499900896038081,0.0,0.5657370517928287,1,0.4095218121340346,60.3939609346677,경계,0.08880501105055803,0.019815499045920643,0.0
2023-06-11,1286.68994140625,1294.0400390625,1282.1700439453125,1286.68994140625,0.6087894360351436,0.0,0.5537848605577689,0,0.42886780102141286,63.514490257775435,경계,0.09326857304539,0.019739715097743197,0.0
2023-06-12,1284.5799560546875,1285.02001953125,1266.1700439453125,1284.5799560546875,0.738781418806961,0.0,0.4541832669322709,0,0.446950822828112,66.3173658416215,경계,0.09497094270357741,0.020042397947416735,0.0
2023-06-13,1267.6199951171875,1280.02001953125,1267.6199951171875,1267.6199951171875,0.8236495133061192,0.0,0.4103585657370518,0,0.46590932264746243,69.13777024675983,경계,0.0922986322437718,0.015709834285710676,0.0
2023-06-14,1273.989990234375,1286.0799560546875,1271.9300537109375,1273.989990234375,0.7514986723697294,0.0,0.8167330677290837,0,0.5743130371640411,82.7291066591895,심각,0.1033378769413307,0.017675177484533903,0.0
2023-06-15,1270.050048828125,1280.1400146484375,1268.969970703125,1270.050048828125,0.7434939621673597,0.0,0.7689243027888446,0,0.5550021834892833,80.48273876984707,심각,0.10206810424920466,0.02041954421676857,0.0
2023-06-18,1276.31005859375,1283.9200439453125,1276.31005859375,1276.31005859375,0.7788548153060543,0.0,0.7888446215139442,0,0.5757814253914485,82.4878630445982,심각,0.09968893039654016,0.02067544099812161,0.0
2023-06-19,1283.239990234375,1289.3800048828125,1277.760009765625,1283.239990234375,0.6990903954005854,0.0,0.6414342629482072,0,0.4943390651899894,72.4286967962834,경계,0.0985248223384713,0.021152342001453075,0.0
2023-06-20,1287.5400390625,1295.6300048828125,1286.199951171875,1287.5400390625,0.3086486160039562,0.0,0.6095617529880478,0,0.3283510049613963,44.831949725423534,주의,0.09781646065953796,0.022419505550338083,0.0
2023-06-21,1288.3800048828125,1301.1700439453125,1287.719970703125,1288.3800048828125,0.31012919396618704,0.0,0.5896414342629482,0,0.322219560966828,43.81129318884479,주의,0.09572454096804918,0.023135816570818993,0.0
2023-06-22,1298.2099609375,1310.239990234375,1297.6800537109375,1298.2099609375,0.29869882621117444,0.0,0.5856573705179283,1,0.3163309354153102,42.840142194690195,주의,0.0928430253553787,0.022369476491695264,0.0
2023-06-25,1307.6700439453125,1308.8900146484375,1300.260009765625,1307.6700439453125,0.2969666308182177,0.0,0.4701195219123506,1,0.2766656075969518,36.256760127907384,정상,0.09474249198869787,0.023029299030851574,0.0
2023-06-26,1302.6600341796875,1307.27001953125,1294.260009765625,1302.6600341796875,0.40464549971258706,0.0,0.4860557768924303,1,0.3248537740181135,44.49185547373802,주의,0.09609704351110432,0.022768548241828737,0.0
2023-06-27,1296.5999755859375,1312.97998046875,1296.5999755859375,1296.5999755859375,0.5712801027970026,0.0,0.5179282868525896,1,0.4018582581225734,58.04330286949283,주의,0.09435759128212767,0.023131859391051838,0.0
2023-06-28,1309.010009765625,1321.8399658203125,1305.3599853515625,1309.010009765625,0.5916457334142302,0.0,0.5298804780876494,1,0.41398750107378046,60.0723822213163,경계,0.09326255993961538,0.024819088188680748,0.0
2023-06-29,1323.0699462890625,1323.760009765625,1314.3499755859375,1323.0699462890625,0.5980461915100437,0.0,0.8406374501992032,0,0.521365938860351,76.15576893852771,경계,0.09771388607720309,0.0232422535302866,0.0
2023-07-02,1315.300048828125,1316.0799560546875,1301.949951171875,1315.300048828125,0.6895560877801663,0.0,0.848605577689243,0,0.5604374346029433,80.66348926177908,심각,0.10344523161239767,0.022515106847017474,0.0
2023-07-03,1306.0999755859375,1306.7099609375,1292.4200439453125,1306.0999755859375,0.7334518417236404,0.0,0.8207171314741036,1,0.5684818127488558,81.35319924853628,심각,0.1028756277074735,0.021514278149955872,0.0
2023-07-04,1295.5,1305.77001953125,1295.5,1295.5,0.6916474465483777,0.0,0.852589641434263,1,0.5626129601958534,80.54041753264826,심각,0.10340864705802655,0.019915390410520668,0.0
2023-07-05,1302.969970703125,1313.800048828125,1299.56005859375,1302.969970703125,0.6209574084112908,0.0,0.900398406374502,1,0.5506355404344415,79.01954885228102,경계,0.1051464413510825,0.019067766992002536,0.0
2023-07-06,1309.219970703125,1310.1500244140625,1295.8199462890625,1309.219970703125,0.5561984876743874,0.0,0.8804780876494024,1,0.518167910210097,74.89902281015058,경계,0.10436594780839482,0.021218381628858547,0.0
2023-07-09,1297.3699951171875,1307.199951171875,1297.3699951171875,1297.3699951171875,0.5445330619288156,0.0,0.7808764940239044,1,0.4799293117628944,69.5132709911523,경계,0.10288316392329609,0.01998821639551221,0.0
2023-07-10,1299.5400390625,1300.3800048828125,1289.6300048828125,1299.5400390625,0.5151419869574616,0.0,0.8286852589641435,1,0.4843719616938825,70.06142290548993,경계,0.10582929986877428,0.02031400389617133,0.0
2023-07-11,1291.510009765625,1295.780029296875,1274.3299560546875,1291.510009765625,0.6146367451138357,0.0,0.7848605577689243,1,0.5091458820034513,73.40746665938902,경계,0.102810902360599,0.01998558275884978,0.0
2023-07-12,1274.699951171875,1279.43994140625,1264.6600341796875,1274.699951171875,0.6209634582456138,0.0,0.3466135458167331,0,0.3638189566864311,50.258940860290934,주의,0.10255131000973647,0.015114860293955899,0.0
2023-07-13,1266.8299560546875,1270.489990234375,1259.8900146484375,1266.8299560546875,0.431924689954334,0.0,0.7768924302788844,0,0.433813286943395,61.980231518714845,경계,0.11171843834141876,0.015376676005387353,0.0
2023-07-16,1268.3399658203125,1269.9200439453125,1263.3800048828125,1268.3399658203125,0.4457292480609794,0.0,0.8446215139442231,0,0.46215021176446464,66.34113639581356,경계,0.11095979229206451,0.01777183275033839,0.0
2023-07-17,1265.449951171875,1266.030029296875,1257.0899658203125,1265.449951171875,0.3875019025649807,0.0,0.7529880478087649,0,0.4080870858227684,57.43140004559124,주의,0.10767918737894634,0.018152402578879498,0.0
2023-07-18,1264.93994140625,1269.0799560546875,1261.1700439453125,1264.93994140625,0.25326374866424445,0.0,0.7051792828685259,0,0.3385870316414312,45.34916549619083,주의,0.10477499779396607,0.020109969227033283,0.0
2023-07-19,1265.0899658203125,1278.9200439453125,1261.280029296875,1265.0899658203125,0.17697887441225316,0.0,0.6852589641434262,0,0.30153679339301553,39.011135561623306,정상,0.10159522178342395,0.020695817434495667,0.0
2023-07-20,1278.4000244140625,1290.0,1276.1400146484375,1278.4000244140625,0.2912197304390812,0.0,0.6334661354581673,0,0.32948557707612486,43.667059843967955,주의,0.09850130153026435,0.017872042070319477,0.0
2023-07-23,1285.6500244140625,1288.6700439453125,1277.18994140625,1285.6500244140625,0.3374005664493004,0.0,0.7848605577689243,0,0.398919449522371,55.600264928401664,주의,0.103810317168438,0.017708978550475204,0.0
2023-07-24,1280.530029296875,1284.8299560546875,1273.1199951171875,1280.530029296875,0.36534133670921903,0.0,0.6772908366533864,0,0.37373984985179576,51.12584249057293,주의,0.10302199898822786,0.01762520151142438,0.0
2023-07-25,1274.1199951171875,1282.2099609375,1270.1800537109375,1274.1199951171875,0.47357108102004275,0.0,0.6175298804780877,0,0.3966106304463598,54.99629540158545,주의,0.10108153493383033,0.018211904134242347,0.0
2023-07-26,1275.1700439453125,1282.5699462890625,1266.9200439453125,1275.1700439453125,0.45579022350430415,0.0,0.6175298804780877,0,0.38954113287986136,53.66448217226512,주의,0.09992600148057815,0.01833856382771076,0.0
2023-07-27,1283.8800048828125,1284.02001953125,1273.1600341796875,1283.8800048828125,0.37335713554697353,0.0,0.32669322709163345,0,0.25865296182669717,31.50505729550308,정상,0.09693479503172105,0.01739729024029781,0.0
2023-07-30,1272.3900146484375,1279.030029296875,1270.1300048828125,1272.3900146484375,0.4082324458276454,0.0,0.24701195219123506,0,0.2456386189598419,29.546292932624972,정상,0.09763813422621165,0.017159240320504233,0.0
2023-07-31,1277.9300537109375,1290.280029296875,1274.5,1277.9300537109375,0.5075490898831382,0.0,0.2749003984063745,0,0.294534109897856,37.20108043390379,정상,0.10091152054734455,0.017040925446170085,0.0
2023-08-01,1289.050048828125,1302.0799560546875,1286.9599609375,1289.050048828125,0.5755431156566422,0.0,0.22709163346613545,0,0.30543962112916845,39.044559814922174,정상,0.09928516452644129,0.014976104316639087,0.0
2023-08-02,1295.3699951171875,1303.6199951171875,1294.699951171875,1295.3699951171875,0.5563112858200053,0.0,0.2589641434262948,1,0.3085454029879088,39.611562612041354,정상,0.10198555524509295,0.014562917447540258,0.0
2023-08-03,1296.4000244140625,1311.3499755859375,1296.3800048828125,1296.4000244140625,0.597238504338182,0.0,0.24701195219123506,1,0.320785606078489,41.76493269522267,주의,0.10069092115677493,0.014882474449840128,0.0
2023-08-06,1303.050048828125,1308.31005859375,1298.6500244140625,1303.050048828125,0.3922067221448735,0.0,0.2549800796812749,1,0.24195498869706655,29.24672409819139,정상,0.0976723831463021,0.013975479689166837,0.0
2023-08-07,1307.75,1321.75,1305.0999755859375,1307.75,0.39936938274807676,0.0,0.18725099601593626,1,0.2219544279413584,26.52517853444053,정상,0.09676425100603096,0.013510449323602791,0.0
2023-08-08,1316.6700439453125,1321.780029296875,1309.5400390625,1316.6700439453125,0.3453277330713988,0.0,0.2350597609561753,0,0.21659624696541047,25.911031534728213,정상,0.09485525448846877,0.011675795662366947,0.0
2023-08-09,1313.6400146484375,1319.5,1305.5999755859375,1313.6400146484375,0.49245937186080374,0.0,0.2350597609561753,0,0.2750943684118004,34.566613719672404,정상,0.09568884344808898,0.01451748879676669,0.0
2023-08-10,1318.3299560546875,1331.260009765625,1316.4300537109375,1318.3299560546875,0.44179793944619233,0.0,0.12749003984063745,0,0.21866329056942402,26.397265648024092,정상,0.09320532248545126,0.014100374313793101,0.0
2023-08-13,1329.6099853515625,1339.2099609375,1327.8299560546875,1329.6099853515625,0.4903411227388368,0.0,0.11553784860557768,0,0.23393152784744323,28.64290601975249,정상,0.09142229240513255,0.011462614887137184,0.0
2023-08-14,1334.739990234375,1339.510009765625,1332.0400390625,1334.739990234375,0.37190430237171473,0.0,0.18725099601593626,0,0.21103457670738313,25.631011959691346,정상,0.09462608320944284,0.010812906427190782,0.0
2023-08-15,1338.739990234375,1340.5799560546875,1333.02001953125,1338.739990234375,0.32472404933473525,0.0,0.23904382470119523,0,0.2097484424057799,25.561319663766103,정상,0.09295733166050768,0.010474598407071954,0.0
2023-08-16,1343.3299560546875,1343.3299560546875,1334.280029296875,1343.3299560546875,0.25530685565358785,0.0,0.28286852589641437,1,0.1969330718273253,24.000534150044256,정상,0.09087347836443758,0.010010015772662728,0.0
2023-08-17,1339.0799560546875,1344.1099853515625,1332.1099853515625,1339.0799560546875,0.28971755035514507,0.0,0.3107569721115538,0,0.22002258290172644,27.125023837800256,정상,0.08910465422312526,0.009572783369704949,0.0
2023-08-20,1339.1700439453125,1343.18994140625,1337.6400146484375,1339.1700439453125,0.17572884142593834,0.0,0.21115537848605578,0,0.1411012333092232,17.932142216159146,정상,0.08726445391730558,0.011007916966016442,0.0
2023-08-21,1339.739990234375,1340.989990234375,1333.550048828125,1339.739990234375,0.1809251891284327,0.0,0.1952191235059761,1,0.13779116505307962,17.796337906649562,정상,0.08460643150365604,0.011005973552284073,0.0
2023-08-22,1339.68994140625,1340.5400390625,1329.9000244140625,1339.68994140625,0.22725169356089236,0.0,0.1752988047808765,1,0.1494900291731806,19.20073759671358,정상,0.08204566359723854,0.015143269164306614,0.0
2023-08-23,1327.780029296875,1328.739990234375,1317.6700439453125,1327.780029296875,0.30642469037237546,0.0,0.14741035856573706,0,0.1715602990617955,21.828232986606647,정상,0.07954635479879678,0.012298883949027088,0.0
2023-08-24,1326.6199951171875,1328.949951171875,1319.780029296875,1326.6199951171875,0.3062791174313855,0.0,0.3147410358565737,0,0.2279513238460215,29.230913659919043,정상,0.08457928242363394,0.012274971234675042,0.0
2023-08-27,1323.6099853515625,1326.8399658203125,1319.1500244140625,1323.6099853515625,0.34542307432260283,0.0,0.22310756972111553,0,0.21260208921490514,27.267524213767995,정상,0.08207305735197187,0.01210222208203871,0.0
2023-08-28,1322.8199462890625,1328.6800537109375,1318.280029296875,1322.8199462890625,0.3725082004712051,0.0,0.14741035856573706,0,0.19783446572759525,25.478138105027664,정상,0.0800614952921754,0.016482739061040804,0.0
2023-08-29,1321.0699462890625,1325.699951171875,1318.18994140625,1321.0699462890625,0.33659217572350086,0.0,0.15139442231075698,0,0.1848986219708039,24.00990487500646,정상,0.07765721112000151,0.016661032898518047,0.0
2023-08-30,1323.030029296875,1326.3399658203125,1319.9300537109375,1323.030029296875,0.15361085970513735,0.0,0.1752988047808765,0,0.12021114342330211,17.120070707144144,정상,0.07546721918513487,0.017136242252808045,0.0
2023-08-31,1324.6400146484375,1324.6400146484375,1311.300048828125,1324.6400146484375,0.30727560644491425,0.0,0.14342629482071714,0,0.17055459358629216,22.662658500283666,정상,0.07339495094207268,0.017214335781040847,0.0
2023-09-03,1317.4599609375,1321.8900146484375,1315.1199951171875,1317.4599609375,0.3594442732136153,0.0,0.14342629482071714,0,0.19129635266300463,25.376045244480178,정상,0.0713160051382168,0.016365877240087128,0.0
2023-09-04,1317.949951171875,1335.02001953125,1317.949951171875,1317.949951171875,0.6123689060991778,0.0,0.08764940239043825,0,0.2730404478097005,37.24583903554819,정상,0.07230122963503335,0.016388231991935228,0.0
2023-09-05,1331.72998046875,1337.56005859375,1328.18994140625,1331.72998046875,0.7839857584876774,0.0,0.04780876494023904,0,0.3278334391375909,46.30303694027064,주의,0.07011355383561885,0.012692850577977484,0.0
2023-09-06,1333.4599609375,1338.300048828125,1330.25,1333.4599609375,0.8079519028995514,0.0,0.17928286852589642,0,0.38171485680012407,55.4550699138424,주의,0.07909972548648915,0.01294696026099691,0.0
2023-09-07,1334.02001953125,1335.530029296875,1331.260009765625,1334.02001953125,0.743349351994573,0.0,0.1952191235059761,0,0.3614055912528703,52.05442608212625,주의,0.07685598766216611,0.01452865482078527,0.0
2023-09-10,1335.3199462890625,1335.3199462890625,1326.030029296875,1335.3199462890625,0.7222418808999002,0.0,0.18725099601593626,0,0.3503254211824448,50.21537677296798,주의,0.07453253228539776,0.015290819909213773,0.0
2023-09-11,1320.43994140625,1328.780029296875,1320.43994140625,1320.43994140625,0.7815207648246186,0.0,0.09163346613545817,0,0.34163761796391856,48.78182331786133,주의,0.07236114653300474,0.010783150986241467,0.0
2023-09-12,1324.0999755859375,1330.02001953125,1322.4200439453125,1324.0999755859375,0.5517039046800656,0.0,0.4541832669322709,0,0.3725706063680211,54.01412310590419,주의,0.08258714810141901,0.015421023202475443,0.0
2023-09-13,1329.77001953125,1330.3399658203125,1322.4300537109375,1329.77001953125,0.6294449982280829,0.0,0.44223107569721115,0,0.39944765133793547,58.532214332343045,주의,0.08079136811920636,0.01483311723340211,0.0
2023-09-14,1327.06005859375,1330.300048828125,1323.7099609375,1327.06005859375,0.6574630081786627,0.0,0.4701195219123506,0,0.4199954925715865,61.93815684484578,경계,0.08007299912355312,0.015146162392391744,0.0
2023-09-17,1328.4200439453125,1328.4200439453125,1322.3800048828125,1328.4200439453125,0.6046958261032301,0.0,0.46215139442231074,0,0.39632772656905174,58.186864776213824,주의,0.07803785777625577,0.015412235994504753,0.0
2023-09-18,1329.6600341796875,1329.6600341796875,1317.77001953125,1329.6600341796875,0.29753897432114845,0.0,0.5298804780876494,0,0.2970534884223142,41.55446236954551,주의,0.075765269987819,0.015473582130832126,0.0
2023-09-19,1328.530029296875,1330.9200439453125,1323.219970703125,1328.530029296875,0.30652957344430876,0.0,0.545816733067729,0,0.30600414999468195,43.10807319482278,주의,0.07354668773119917,0.015888824078344604,0.0
2023-09-20,1332.3399658203125,1344.18994140625,1332.3399658203125,1332.3399658203125,0.40767808622665175,0.0,0.5338645418326693,0,0.3421877592384849,49.30341979847975,주의,0.07138275605970561,0.01672203769652442,0.0
2023-09-21,1341.1700439453125,1341.1700439453125,1330.0999755859375,1341.1700439453125,0.5377150708235199,0.0,0.2948207171314741,1,0.31324792068502927,44.47593449466369,주의,0.07009823075305953,0.015820654853169122,0.0
2023-09-24,1334.6600341796875,1341.010009765625,1330.5,1334.6600341796875,0.6381994267458754,0.0,0.4302788844621514,0,0.39889626322354366,59.007187249592555,주의,0.07265457841305456,0.015187129318356432,0.0
2023-09-25,1338.449951171875,1355.0,1337.4300537109375,1338.449951171875,0.6892277756636052,0.0,0.50199203187251,0,0.4433770299919187,66.07464151117111,경계,0.07293796872530853,0.01514910440684017,0.0
2023-09-26,1353.75,1357.2900390625,1347.25,1353.75,0.7512856669684193,0.0,0.5139442231075697,1,0.47208271393939505,70.25544548734096,경계,0.07157041090088305,0.010683357684044516,0.0
2023-09-27,1352.8199462890625,1356.6800537109375,1347.1800537109375,1352.8199462890625,0.7152766694974422,0.0,0.852589641434263,1,0.5720077114888549,82.2222093717355,심각,0.08227021703585868,0.01099997525652655,0.0
2023-09-28,1347.8499755859375,1350.6300048828125,1340.8399658203125,1347.8499755859375,0.7077257592023165,0.0,0.8326693227091634,1,0.5622854348136508,81.11216226239823,심각,0.07980868870768248,0.01279694026271884,0.0
2023-10-01,1351.93994140625,1358.699951171875,1343.4200439453125,1351.93994140625,0.6734933895484825,0.0,0.852589641434263,1,0.5553950821115576,80.20151622199374,심각,0.07868979326561983,0.012736298989174473,0.0
2023-10-02,1354.18994140625,1364.7099609375,1349.93994140625,1354.18994140625,0.6022281815656138,0.0,0.8247011952191236,1,0.5176525717807314,75.69398412354322,경계,0.07719688669961608,0.013024659361414783,0.0
2023-10-03,1359.219970703125,1363.6700439453125,1349.4300537109375,1359.219970703125,0.46609593981901665,0.0,0.8605577689243028,1,0.4756238981193738,70.00597082863457,경계,0.0751239490205501,0.013072717963797366,0.0
2023-10-04,1351.1600341796875,1353.3499755859375,1345.1500244140625,1351.1600341796875,0.5296513123783715,0.0,0.4820717131474104,1,0.37321085875438254,53.92288740330229,주의,0.07424842297563645,0.011699083288931694,0.0
2023-10-05,1346.06005859375,1356.81005859375,1338.989990234375,1346.06005859375,0.5799268364660961,0.0,0.6095617529880478,1,0.4362086106873073,64.05991258478966,경계,0.07561012107492068,0.011139370512227584,0.0
2023-10-08,1343.3599853515625,1354.43994140625,1343.3599853515625,1343.3599853515625,0.5472315749842189,0.0,0.6454183266932271,1,0.43530548339626,63.846501590666726,경계,0.07476701899431508,0.01208282649487995,0.0
2023-10-09,1346.8900146484375,1351.68994140625,1341.93994140625,1346.8900146484375,0.5654145584634005,0.0,0.649402390438247,1,0.44387888387425456,65.10178915131957,경계,0.07290857859176243,0.016198879441336446,0.0
2023-10-10,1341.8900146484375,1342.300048828125,1336.5400390625,1341.8900146484375,0.4113369849169168,0.0,0.3346613545816733,1,0.2764414268740374,37.80850436583747,정상,0.07142025651752512,0.017198189013931192,0.0
2023-10-11,1338.260009765625,1347.6500244140625,1333.06005859375,1338.260009765625,0.44184761162054637,0.0,0.3705179282868526,0,0.30066835151216753,41.688624920322845,주의,0.07073856327599615,0.018259344156469962,0.0
2023-10-12,1348.3399658203125,1353.18994140625,1345.81005859375,1348.3399658203125,0.4411238272927991,0.0,0.3705179282868526,1,0.30038058183968963,41.70808042365767,주의,0.06938769974256404,0.016735977183113294,0.0
2023-10-15,1352.0699462890625,1356.219970703125,1348.8199462890625,1352.0699462890625,0.34231711731735565,0.0,0.545816733067729,1,0.32023293249842344,45.08024589468831,주의,0.07332912733119874,0.01689599497452717,0.0
2023-10-16,1347.760009765625,1357.3800048828125,1347.1600341796875,1347.760009765625,0.4184377156608583,0.0,0.5737051792828686,1,0.35990589923769445,51.847212814004806,주의,0.0719021606049335,0.017414472127760636,0.0
2023-10-17,1352.989990234375,1357.8199462890625,1346.8900146484375,1352.989990234375,0.41123198229067043,0.0,0.6135458167330677,1,0.37048118414600023,53.72711311216263,주의,0.07080856885156764,0.017048868281954684,0.0
2023-10-18,1354.56005859375,1360.1099853515625,1354.3599853515625,1354.56005859375,0.2948442266660155,0.0,0.7091633466135459,1,0.3564630504235879,51.425790853829156,주의,0.07028387322118232,0.017096101998237724,0.0
2023-10-19,1356.22998046875,1359.1099853515625,1348.449951171875,1356.22998046875,0.270343204423309,0.0,0.6892430278884463,1,0.34000157261259867,48.67706218801586,주의,0.06829180691940023,0.020057363519864507,0.0
2023-10-22,1349.3399658203125,1354.8599853515625,1343.8699951171875,1349.3399658203125,0.3667661164823083,0.0,0.47808764940239046,1,0.30710525333955546,43.11587526458929,주의,0.06638445759988061,0.02755273794153987,1.0
2023-10-23,1334.43994140625,1347.1300048828125,1334.43994140625,1334.43994140625,0.6278044179372327,0.0,0.44621513944223107,0,0.4001393939314596,58.64642268408898,주의,0.06734024408811676,0.02652781892595606,1.0
2023-10-24,1343.6400146484375,1352.4300537109375,1343.1300048828125,1343.6400146484375,0.7514370104464865,0.0,0.7689243027888446,1,0.5581602629255626,80.33773026602661,심각,0.07827427348586587,0.02625321987420144,1.0
2023-10-25,1352.6800537109375,1360.1500244140625,1352.199951171875,1352.6800537109375,0.8110649330800912,0.0,0.50199203187251,1,0.4918183094466661,72.33821673044287,경계,0.08045500411052268,0.025529123453345032,1.0
2023-10-26,1350.3399658203125,1357.449951171875,1348.0400390625,1350.3399658203125,0.8070783418802442,0.0,0.6414342629482072,1,0.5372740318626248,78.01400954795994,경계,0.08224643879667082,0.02603600514638095,1.0
2023-10-30,1355.219970703125,1355.239990234375,1345.9100341796875,1355.219970703125,0.8077666246795456,0.0,0.6095617529880478,1,0.5267955144348234,76.85289507802942,경계,0.08002460414087831,0.02600224989131192,1.0
2023-10-31,1348.0699462890625,1355.260009765625,1345.52001953125,1348.0699462890625,0.5393556825947676,0.0,0.701195219123506,1,0.45099040555524694,66.70347552697308,경계,0.07884454315609843,0.02546189254590962,1.0
2023-11-01,1350.1600341796875,1359.1500244140625,1347.72998046875,1350.1600341796875,0.48981028026695106,0.0,0.7689243027888446,1,0.4541399967096028,67.44090570738686,경계,0.07916170055228683,0.027816233704094143,1.0
2023-11-02,1347.8399658203125,1347.8399658203125,1328.1199951171875,1347.8399658203125,0.6356023186003312,0.0,0.701195219123506,1,0.48925714035263973,72.76789695520377,경계,0.07698616774025545,0.027823031020438753,1.0
2023-11-03,1333.6800537109375,1335.9200439453125,1303.56005859375,1333.6800537109375,0.9032505212363031,0.0,0.4940239043824701,0,0.5257823677530984,77.69373903590325,경계,0.07493984715901046,0.02674337718859792,1.0
2023-11-06,1307.8399658203125,1311.6500244140625,1290.9599609375,1307.8399658203125,0.9175202445899818,0.18465125258471218,0.7848605577689243,1,0.6785131475405175,90.96391446075351,심각,0.08345952836904436,0.018300922661856744,0.0
2023-11-07,1297.1099853515625,1312.43994140625,1297.1099853515625,1297.1099853515625,0.9200140417193402,0.15117965908547407,0.9203187250996016,1,0.7163293997518976,92.8046025998154,심각,0.11106504874949406,0.017065666153355617,0.0
2023-11-08,1304.550048828125,1314.18994140625,1298.68994140625,1304.550048828125,0.9309205741574667,0.12377543613312275,0.9243027888446215,1,0.7147459834912591,92.51644343331029,심각,0.11234536049740532,0.01697732930078706,0.0
2023-11-09,1308.1199951171875,1313.8900146484375,1302.8199462890625,1308.1199951171875,0.9145380447018955,0.10133875603782722,0.9322709163346613,1,0.7049734188598225,91.82875127889041,심각,0.11117016304288271,0.01698429371121569,0.0
2023-11-10,1315.199951171875,1321.219970703125,1312.68994140625,1315.199951171875,0.800670853623485,0.08296915604683616,0.9402390438247012,0,0.6575199136108076,88.88174097076161,심각,0.1083060280883592,0.01613923904403252,0.0
2023-11-13,1319.6199951171875,1325.780029296875,1318.8499755859375,1319.6199951171875,0.3402264180848345,0.06792939961247077,0.9920318725099602,0,0.48793748215123833,71.83253207002686,경계,0.1070836632618146,0.01770852514316424,0.0
2023-11-14,1319.0699462890625,1329.8599853515625,1302.6199951171875,1319.0699462890625,0.26213336767534084,0.05561588850085336,0.9920318725099602,0,0.45362461579016755,66.98819524377764,경계,0.10463793756878303,0.02024918144893566,0.0
2023-11-15,1304.239990234375,1307.9599609375,1292.9200439453125,1304.239990234375,0.4270809231577558,0.04553443827540474,0.9721115537848606,1,0.5098138748462764,74.78098778370834,경계,0.10146319615381076,0.020404834917708493,0.0
2023-11-16,1301.8599853515625,1309.47998046875,1286.8900146484375,1301.8599853515625,0.49538688372390344,0.037280444940205,0.9721115537848606,1,0.5347838609343303,77.771726191933,경계,0.10774951744930407,0.0203331375893554,0.0
2023-11-17,1292.449951171875,1300.2900390625,1288.6099853515625,1292.449951171875,0.4721911664550626,0.030522646760976282,0.9840637450199203,1,0.5278023082206784,76.90689119867761,경계,0.10470817646766699,0.02005113758013226,0.0
2023-11-20,1294.5,1298.3499755859375,1285.5400390625,1294.5,0.4711368323190095,0.024989829568547332,0.9840637450199203,1,0.5259165852722063,76.82008493761583,경계,0.1053645248432212,0.02008321482954562,0.0
2023-11-21,1288.1500244140625,1293.31005859375,1283.75,1288.1500244140625,0.32741905003841315,0.02045994198194718,0.9880478087649402,0,0.46891910867817826,69.51804659611828,경계,0.10234042665713364,0.020561763877214957,0.0
2023-11-22,1295.18994140625,1305.280029296875,1291.4200439453125,1295.18994140625,0.32207862632353623,0.016751183706811428,0.952191235059761,1,0.453716569781926,67.49417832050607,경계,0.10104833633022467,0.02027666437277947,0.0
2023-11-23,1298.7900390625,1302.199951171875,1295.3699951171875,1298.7900390625,0.2268085040891373,0.013714709251225343,0.9482071713147411,1,0.41368921729254504,61.42250091507782,경계,0.10023604436340099,0.02008754349660349,0.0
2023-11-24,1300.1800537109375,1308.1300048828125,1296.800048828125,1300.1800537109375,0.16735500054161503,0.011228654233501289,0.9243027888446215,1,0.3813279939597557,56.224453522633,주의,0.09777997655728157,0.020072358114103912,0.0
2023-11-27,1289.7900390625,1308.0799560546875,1289.7900390625,1289.7900390625,0.3273324040460048,0.009193244536646779,0.8804780876494024,1,0.42960972490973076,64.23826547020121,경계,0.09489240467171096,0.01861888265924004,0.0
2023-11-28,1302.530029296875,1302.530029296875,1285.0899658203125,1302.530029296875,0.45156625456235394,0.00752679202271886,0.9482071713147411,1,0.50141056170928,74.6595322082011,경계,0.0971474264215677,0.015964993987613012,0.0
2023-11-29,1287.530029296875,1293.6500244140625,1285.3900146484375,1287.530029296875,0.5275622793833339,0.006162416101021958,0.9561752988047809,0,0.533952249884414,78.57199674154973,경계,0.10164707562941117,0.01130286454777537,0.0
2023-11-30,1288.3599853515625,1318.280029296875,1285.9300537109375,1288.3599853515625,0.7343211840637355,0.00504535957516959,0.952191235059761,0,0.6145174887521724,86.24546529494093,심각,0.10835471325628544,0.017930973674306416,0.0
2023-12-01,1296.6600341796875,1307.8199462890625,1294.75,1296.6600341796875,0.827422050832817,0.004130791044527803,0.9402390438247012,1,0.6472590157536651,88.44290150649832,심각,0.10508367103264085,0.01674176736962638,0.0
2023-12-04,1299.18994140625,1311.0,1293.010009765625,1299.18994140625,0.8299010642506197,0.0,0.8406374501992032,1,0.6135492015162427,85.64332323694195,심각,0.10489776050311478,0.020523996401644776,0.0
2023-12-05,1307.800048828125,1317.739990234375,1307.760009765625,1307.800048828125,0.7723341017211175,0.0,0.14741035856573706,1,0.35680139032093394,51.06981149291395,주의,0.1019841852943266,0.02825876121631235,1.0
2023-12-06,1313.3699951171875,1315.469970703125,1309.5699462890625,1313.3699951171875,0.6211030867407306,0.0,0.19123505976095617,0,0.311457632960854,43.458299130622706,주의,0.10215888625702035,0.028218843462995823,1.0
2023-12-07,1313.719970703125,1327.050048828125,1311.93994140625,1313.719970703125,0.25956781974037785,0.0,0.32270916334661354,0,0.21206740512214034,28.267224311289755,정상,0.10041590338736943,0.02822399026548692,1.0
2023-12-08,1312.760009765625,1318.5799560546875,1290.4599609375,1312.760009765625,0.42587750509760947,0.0,0.2549800796812749,0,0.25534216746140737,34.59187242788693,정상,0.09736234269015123,0.028506789266099362,1.0
2023-12-11,1316.510009765625,1320.6199951171875,1315.4000244140625,1316.510009765625,0.35261321597623807,0.0,0.2749003984063745,0,0.23293309979029328,31.310773979721734,정상,0.09443907809913615,0.028697549560570846,1.0
2023-12-12,1313.6199951171875,1318.6700439453125,1299.4599609375,1313.6199951171875,0.41705207542121714,0.0,0.24701195219123506,0,0.249145218677768,33.676655503511554,정상,0.09223146569208725,0.028693577884179325,1.0
2023-12-13,1310.1400146484375,1320.77001953125,1308.5799560546875,1310.1400146484375,0.48190647091097655,0.0,0.2589641434262948,1,0.27896276573492146,38.20727213296854,정상,0.08982910080458587,0.028575246984399498,1.0
2023-12-14,1292.010009765625,1298.530029296875,1287.8900146484375,1292.010009765625,0.565028112400401,0.0,0.099601593625498,1,0.2582502690449057,34.823248576397035,정상,0.08770122829953962,0.02495567179250283,1.0
2023-12-15,1291.9200439453125,1304.219970703125,1287.31005859375,1291.9200439453125,0.3986018435996827,0.0,0.5059760956175299,1,0.3291709821214502,46.2597671436791,주의,0.10082669111752668,0.02821018458116669,1.0
2023-12-18,1276.469970703125,1304.1199951171875,1276.469970703125,1276.469970703125,0.6193273949071642,0.0,0.42231075697211157,0,0.38870488225488603,56.26137699692554,주의,0.09775547892737858,0.028284280672484292,1.0
2023-12-19,1302.9300537109375,1310.030029296875,1296.5999755859375,1302.9300537109375,0.838712847631088,0.18465125258471218,0.6334661354581673,1,0.5961072689339549,84.08807446407002,심각,0.10569456213434861,0.019469098422527028,0.0
2023-12-20,1297.760009765625,1302.8499755859375,1296.739990234375,1297.760009765625,0.832246910817878,0.15117965908547407,0.9442231075697212,1,0.6894981634797903,90.7157444692892,심각,0.12986876686744694,0.02191895234851396,0.0
2023-12-21,1296.97998046875,1307.27001953125,1294.8399658203125,1296.97998046875,0.7606119359908842,0.12377543613312275,0.9402390438247012,1,0.6524089965026447,88.14006285779348,심각,0.12685802018024225,0.02195926915278356,0.0
2023-12-22,1291.7099609375,1303.25,1291.7099609375,1291.7099609375,0.7539694263001763,0.10133875603782722,0.9362549800796812,1,0.642476905336977,87.19614001219118,심각,0.12301563131967977,0.0216183851625136,0.0
2023-12-25,1297.3599853515625,1298.3599853515625,1295.030029296875,1297.3599853515625,0.4350862553182979,0.08296915604683616,0.9681274900398407,1,0.5215751515620454,74.8037438887373,경계,0.12031429834334277,0.021221643987739812,0.0
2023-12-26,1294.5799560546875,1299.300048828125,1284.760009765625,1294.5799560546875,0.1399482488697647,0.06792939961247077,0.9880478087649402,1,0.40696479095897486,57.47358538831171,주의,0.11787714345158411,0.021137251511404418,0.0
2023-12-27,1293.9200439453125,1295.760009765625,1290.0,1293.9200439453125,0.14086312501889223,0.05561588850085336,0.9402390438247012,1,0.3879364566232994,54.1737470163661,주의,0.11459012146521096,0.021986297776735858,0.0
2023-12-28,1294.760009765625,1294.760009765625,1281.3499755859375,1294.760009765625,0.19671256068528878,0.04553443827540474,0.6055776892430279,1,0.29457165594552065,38.356995809596945,정상,0.11111693409155342,0.02204522946212988,0.0
2023-12-29,1277.8399658203125,1301.9200439453125,1259.52001953125,1277.8399658203125,0.5829319111095532,0.037280444940205,0.5139442231075697,0,0.4150284470158039,58.59125516741127,주의,0.10776141376314197,0.01818027267195394,0.0
2024-01-01,1293.530029296875,1293.5400390625,1293.530029296875,1293.530029296875,0.6795755390915472,0.030522646760976282,0.7131474103585658,1,0.5188628736000286,74.1205796253914,경계,0.11632730609378007,0.013491429053853084,0.0
2024-01-02,1292.8900146484375,1313.489990234375,1291.1700439453125,1293.5400390625,0.7318085802969723,0.024989829568547332,0.8565737051792829,1,0.5865484716304584,81.80966405788726,심각,0.12236007129229698,0.014463055554425109,0.0
2024-01-03,1307.6199951171875,1312.8299560546875,1304.280029296875,1307.6199951171875,0.7648995690473271,0.02045994198194718,0.7768924302788844,1,0.5716240066261855,80.10164637323248,심각,0.11863249440714936,0.016647193589018307,0.0
2024-01-04,1309.530029296875,1314.7099609375,1305.0799560546875,1309.530029296875,0.7442509249774024,0.016751183706811428,0.8685258964143426,1,0.5933437550048881,82.25176135416302,심각,0.12248000089746282,0.01722768070523048,0.0
2024-01-05,1311.25,1321.8299560546875,1306.0400390625,1311.25,0.2974806657563253,0.013714709251225343,0.9601593625498008,0,0.4458198521069894,62.46535104030401,경계,0.11888432618811978,0.01782642538746503,0.0
2024-01-08,1313.1300048828125,1321.0999755859375,1311.52001953125,1313.1300048828125,0.26383503263438546,0.011228654233501289,0.9601593625498008,0,0.4317837183309177,59.99866630179731,주의,0.11537557428205737,0.018078523330734505,0.0
2024-01-09,1311.800048828125,1320.8199462890625,1308.8399658203125,1311.800048828125,0.1591721155237728,0.009193244536646779,0.9601593625498008,0,0.3896312451022308,52.573903254297704,주의,0.11199941302194333,0.018518644706319698,0.0
2024-01-10,1319.7900390625,1323.219970703125,1316.010009765625,1319.7900390625,0.11494756989856442,0.00752679202271886,0.9641434262948207,0,0.37295030322177614,49.44259397640691,주의,0.10865892553439248,0.017555992528577532,0.0
2024-01-11,1317.5,1320.219970703125,1308.199951171875,1317.5,0.14783176294581485,0.006162416101021958,0.9800796812749004,0,0.39103918562809137,52.46768586481797,주의,0.10796244359410988,0.01821812565961095,0.0
2024-01-12,1311.989990234375,1317.1500244140625,1301.2900390625,1311.989990234375,0.1671872152256943,0.00504535957516959,0.5179282868525896,0,0.24253214512017052,27.364367495806658,정상,0.10489107528266975,0.01831813862257852,0.0
2024-01-15,1312.8499755859375,1321.8900146484375,1312.530029296875,1312.8499755859375,0.21686857586271666,0.004130791044527803,0.5657370517928287,0,0.2781708175499815,32.50241707221911,정상,0.10299309105280981,0.01831456240982638,0.0
2024-01-16,1319.7099609375,1339.6700439453125,1319.1500244140625,1319.7099609375,0.4378922431137599,0.0,0.14741035856573706,0,0.22383053087463511,24.272785036780935,정상,0.09988800900050389,0.01775762927329461,0.0
2024-01-17,1337.7900390625,1350.030029296875,1336.4000244140625,1337.7900390625,0.5938629167176032,0.0,0.00398406374501992,0,0.23745819321134293,25.891566879361395,정상,0.09894259707507436,0.012439280410558485,0.0
2024-01-18,1344.050048828125,1346.050048828125,1334.989990234375,1344.050048828125,0.5626967630936485,0.0,0.035856573705179286,1,0.23581900296187253,25.41545638057042,정상,0.10955250496929383,0.01276610122077925,0.0
2024-01-19,1337.6600341796875,1339.1500244140625,1331.5799560546875,1337.6600341796875,0.5320453282485198,0.0,0.06374501992031872,0,0.23304043843337444,24.77440283164069,정상,0.10775517754443797,0.012415335125875625,0.0
2024-01-22,1333.2099609375,1340.9200439453125,1330.3399658203125,1333.2099609375,0.5571670430433147,0.0,0.0796812749003984,0,0.24840467611615108,26.76228471839956,정상,0.10610326200562707,0.013652790295052142,0.0
2024-01-23,1338.739990234375,1340.3199462890625,1331.06005859375,1338.739990234375,0.3920539092311032,0.0,0.11952191235059761,0,0.19619750060774865,19.819130664288732,정상,0.1036837715559367,0.013409855844783734,0.0
2024-01-24,1336.780029296875,1340.8299560546875,1324.2099609375,1336.780029296875,0.2127936954311418,0.0,0.23107569721115537,0,0.16255796953180757,16.294121280556805,정상,0.1018055573614809,0.014223211829712715,0.0
2024-01-25,1329.8900146484375,1339.6700439453125,1329.8900146484375,1329.8900146484375,0.1979096032879457,0.0,0.2350597609561753,0,0.157984219461146,16.04055629409899,정상,0.09886842201996528,0.013266031262886637,0.0
2024-01-26,1336.030029296875,1339.06005859375,1331.4599609375,1336.030029296875,0.3445740809263544,0.0,0.28286852589641437,0,0.23242486018878672,25.105352209422765,정상,0.09793987789384759,0.012773200373741026,0.0
2024-01-29,1336.760009765625,1337.3499755859375,1332.8800048828125,1336.760009765625,0.31046416776154495,0.0,0.03187250996015936,0,0.13418973271102946,14.126667786929398,정상,0.09663076055144161,0.012805419424643645,0.0
2024-01-30,1333.2099609375,1334.0,1326.4300537109375,1333.2099609375,0.3241888798429804,0.0,0.01195219123505976,0,0.13292643842650634,14.23485144998513,정상,0.09371107182006613,0.012581118880948622,0.0
2024-01-31,1326.6199951171875,1335.8900146484375,1325.52001953125,1326.6199951171875,0.29006201429827566,0.0,0.01593625498007968,0,0.12070194712391961,13.345046206154453,정상,0.09144277641491967,0.014782685283562677,0.0
2024-02-01,1333.9100341796875,1335.47998046875,1327.06005859375,1333.9100341796875,0.27339198128812203,0.0,0.0199203187250996,0,0.11541812417844356,13.063001448189556,정상,0.090726673745063,0.0176502419151981,0.0
2024-02-02,1328.949951171875,1338.3499755859375,1312.27001953125,1328.949951171875,0.49885838988461245,0.0,0.00796812749003984,0,0.2010293305531726,21.947254254674377,정상,0.09050709783376831,0.01729791522629245,0.0
2024-02-05,1337.72998046875,1338.5699462890625,1330.02001953125,1337.72998046875,0.6108712886509673,0.0,0.00796812749003984,0,0.24556457946027754,28.018308779986327,정상,0.08893753675468843,0.016264903557648525,0.0
2024-02-06,1333.3900146484375,1333.3900146484375,1324.8499755859375,1333.3900146484375,0.6327940582621636,0.0,0.02390438247011952,0,0.259656947371262,30.217071120684807,정상,0.0899496067270694,0.01599162950224904,0.0
2024-02-07,1326.7900390625,1329.489990234375,1321.8800048828125,1326.7900390625,0.5944649839342337,0.0,0.06374501992031872,0,0.2578578918987788,30.023180234832815,정상,0.08812001288110287,0.015205416706721623,0.0
2024-02-08,1327.6199951171875,1332.47998046875,1324.1500244140625,1327.6199951171875,0.5343860281410705,0.0,0.0796812749003984,0,0.23934716416706603,27.372854756379102,정상,0.08758717943120936,0.015206882179615229,0.0
2024-02-09,1331.469970703125,1333.449951171875,1291.8399658203125,1331.469970703125,0.8523328358588481,0.0,0.01593625498007968,0,0.344255406298605,44.46862711411479,주의,0.08495372777335766,0.015531601911154373,0.0
2024-02-12,1330.06005859375,1332.25,1327.1099853515625,1330.06005859375,0.8188243337043781,0.0,0.027888446215139442,0,0.3349648133285347,42.79598091162264,주의,0.0831317693599175,0.015641141212678927,0.0
2024-02-13,1328.5,1340.5899658203125,1316.6099853515625,1328.5,0.8732331278366505,0.0,0.04780876494023904,0,0.36331733297513447,47.8435403613358,주의,0.08070445848500797,0.01565050057770011,0.0
2024-02-14,1340.7900390625,1340.7900390625,1329.6199951171875,1340.7900390625,0.9165627354783978,0.0,0.00796812749003984,1,0.36710455229528005,48.55166717093536,주의,0.07837884151358507,0.012654794044224862,0.0
2024-02-15,1326.0,1334.699951171875,1325.8599853515625,1326.0,0.941432769547805,0.0,0.0,0,0.37430459512141645,49.9182474410131,주의,0.08400464717707752,0.006207419796909797,0.0
2024-02-16,1327.6600341796875,1336.56005859375,1318.969970703125,1327.6600341796875,0.562983113766291,0.0,0.3147410358565737,0,0.33001435853339356,42.10542354721792,주의,0.09216109978956599,0.006231146269888376,0.0
2024-02-19,1331.5799560546875,1335.93994140625,1330.3499755859375,1331.5799560546875,0.5851818943045065,0.0,0.2589641434262948,0,0.3200240786504213,40.486204148516244,주의,0.08948584178070187,0.006367125046860849,0.0
2024-02-20,1333.3399658203125,1338.8599853515625,1331.0999755859375,1333.3399658203125,0.4541300556862335,0.0,0.32270916334661354,0,0.2894234748355528,35.39966395425553,정상,0.08751382812957555,0.006400606835325803,0.0
2024-02-21,1333.75,1337.3299560546875,1332.0400390625,1333.75,0.27746246073738684,0.0,0.35856573705179284,0,0.2312783354431803,26.55528313222448,정상,0.08500311666652874,0.007228451057183137,0.0
2024-02-22,1332.8699951171875,1333.5999755859375,1323.4599609375,1332.8699951171875,0.12794311166887423,0.0,0.40239043824701193,0,0.1866151199516769,20.888616865308947,정상,0.0824222514099767,0.008633088597330122,0.0
2024-02-23,1327.1700439453125,1333.77001953125,1326.489990234375,1327.1700439453125,0.10604173115640751,0.0,0.3705179282868526,0,0.1671551701228111,18.838197346955727,정상,0.07995253874618705,0.008722621407279385,0.0
2024-02-26,1330.0,1332.5799560546875,1327.7099609375,1330.0,0.10050961048549191,0.0,0.3904382470119522,0,0.1716757597874204,19.54334283721891,정상,0.07928786768808581,0.009332724256123486,0.0
2024-02-27,1331.719970703125,1332.5999755859375,1329.050048828125,1331.719970703125,0.09328933449513423,0.0,0.41434262948207173,0,0.1768691766727402,20.33445129925338,정상,0.07731735494907549,0.010128591220957842,0.0
2024-02-28,1331.7900390625,1337.22998046875,1330.1199951171875,1331.7900390625,0.10543609739008404,0.0,0.4103585657370518,0,0.18035459101819545,20.93379274054053,정상,0.07513021310637287,0.010139138569593304,0.0
2024-02-29,1333.3800048828125,1336.8599853515625,1328.6600341796875,1333.3800048828125,0.08771084457677115,0.0,0.3745019920318725,0,0.16121100780633588,18.933071069692772,정상,0.07284173145314721,0.01024730261528183,0.0
2024-03-01,1335.199951171875,1336.43994140625,1326.4300537109375,1335.199951171875,0.08613010572752886,0.0,0.2749003984063745,0,0.1269819836673125,15.625439687038467,정상,0.07077490724707751,0.011938651379407809,0.0
2024-03-04,1330.9000244140625,1332.780029296875,1328.1500244140625,1330.9000244140625,0.10700159316796934,0.0,0.24302788844621515,0,0.12452811386791579,15.567310495206538,정상,0.06882348562843671,0.012785006436903461,0.0
2024-03-05,1328.93994140625,1336.8599853515625,1328.8699951171875,1328.93994140625,0.13965267726838487,0.0,0.14741035856573706,0,0.10525335409273902,14.036525826244453,정상,0.06789544215657087,0.013672490736276358,0.0
2024-03-06,1333.4300537109375,1337.3299560546875,1328.22998046875,1333.4300537109375,0.16667459211863203,0.0,0.15139442231075698,0,0.11734102848935003,15.321966487057917,정상,0.06607607080867385,0.013268155251583605,0.0
2024-03-07,1327.0899658203125,1331.8499755859375,1320.22998046875,1327.0899658203125,0.21281608401473034,0.0,0.14342629482071714,0,0.1329983979212793,17.05093627945805,정상,0.06539196251339763,0.01342303880295102,0.0
2024-03-08,1321.1800537109375,1326.52001953125,1300.6800537109375,1321.1800537109375,0.6976549762781624,0.0,0.1593625498007968,0,0.3311417543566466,45.77885358525434,주의,0.06605299454322237,0.013115723884741796,0.0
2024-03-11,1315.97998046875,1316.9000244140625,1305.469970703125,1315.97998046875,0.7387748361479021,0.0,0.23904382470119523,0,0.37437104439173774,53.46829835240501,주의,0.0663506991030143,0.014171726202800229,0.0
2024-03-12,1310.5400390625,1313.7099609375,1216.9599609375,1310.5400390625,0.9821659321770579,0.0,0.3147410358565737,0,0.4966774068171925,73.23878780753775,경계,0.06613189750983475,0.013956500672660509,0.0
2024-03-13,1311.1500244140625,1319.18994140625,1308.3299560546875,1311.1500244140625,0.9809270728286468,0.0,0.398406374501992,0,0.5244092998723027,76.84667828874106,경계,0.06610948531942482,0.014253248895968516,0.0
2024-03-14,1313.6500244140625,1324.3699951171875,1306.010009765625,1313.6500244140625,0.9800722316133326,0.0,0.02390438247011952,0,0.3977314018361846,57.475845885369125,주의,0.06412105953503074,0.014986153527659378,0.0
2024-03-15,1321.9200439453125,1333.0,1321.5799560546875,1321.9200439453125,0.9751739248739191,0.0,0.0,0,0.38771975326312447,55.764479949752264,주의,0.06260738928814802,0.013608826794160587,0.0
2024-03-18,1329.3399658203125,1335.25,1329.3399658203125,1329.3399658203125,0.971027874325179,0.0,0.00796812749003984,0,0.38875936653556653,55.94793432281584,주의,0.06542170664379446,0.012844158026537907,0.0
2024-03-19,1336.0899658203125,1340.6500244140625,1335.6700439453125,1336.0899658203125,0.10510227898885104,0.0,0.4063745019920319,0,0.1788778465350479,22.314296931418642,정상,0.06705896533526524,0.01402122212061133,0.0
2024-03-20,1337.02001953125,1341.47998046875,1336.0400390625,1337.02001953125,0.09887440876050921,0.0,0.5219123505976095,0,0.21537832898590206,27.19876567232574,정상,0.0679335038656954,0.014446255211746532,0.0
2024-03-21,1330.1099853515625,1334.6400146484375,1321.530029296875,1330.1099853515625,0.11431221208507757,0.0,0.5338645418326693,0,0.2255483153026783,28.67265056581233,정상,0.0659195319467132,0.014175441772790412,0.0
2024-03-22,1334.6800537109375,1346.75,1328.97998046875,1334.6800537109375,0.11807675221642353,0.0,0.6215139442231076,0,0.25661353326974684,33.36384135338435,정상,0.06701211793486307,0.01457977420824282,0.0
2024-03-25,1343.5999755859375,1343.6099853515625,1332.4100341796875,1343.5999755859375,0.13555478701978535,0.0,0.601593625498008,1,0.2568425239228571,33.30609118441444,정상,0.06632547418251246,0.012994327200496548,0.0
2024-03-26,1339.1300048828125,1344.2099609375,1333.800048828125,1339.1300048828125,0.14357570972835856,0.0,0.7370517928286853,0,0.3057282966293858,41.22660285383957,주의,0.06932513222882358,0.012894961824776644,0.0
2024-03-27,1343.06005859375,1353.0400390625,1341.3299560546875,1343.06005859375,0.15702942152369562,0.0,0.7609561752988048,1,0.31914149179094564,43.36625633671113,주의,0.06845087447543616,0.013242283649288089,0.0
2024-03-28,1349.800048828125,1352.760009765625,1342.0,1349.800048828125,0.13655958040423732,0.0,0.8047808764940239,1,0.32578711680930716,44.347087702861174,주의,0.0673367462255715,0.016620962998821088,0.0
2024-03-29,1349.800048828125,1349.800048828125,1340.699951171875,1349.800048828125,0.12526528495005185,0.0,0.8725099601593626,1,0.3441449793712513,47.445294797563285,주의,0.0681253671404903,0.01688727200562568,0.0
2024-03-31,1345.31005859375,1356.010009765625,1342.8800048828125,1345.31005859375,0.12274700102955981,0.0,0.8605577689243028,1,0.3391116694440476,46.4050363932974,주의,0.06604999401320942,0.018641052725121062,0.0
2024-04-01,1355.530029296875,1355.9200439453125,1347.530029296875,1355.530029296875,0.1322646451783864,0.0,0.8446215139442231,1,0.33751970700391565,46.068601122170264,주의,0.06533534126457899,0.01800409892373729,0.0
2024-04-02,1350.72998046875,1352.8900146484375,1346.3199462890625,1350.72998046875,0.13333169853023133,0.0,0.952191235059761,1,0.37423253774904747,52.7321341583624,주의,0.06984685821644233,0.017652771219037522,0.0
2024-04-03,1344.8399658203125,1348.3900146484375,1343.31005859375,1344.8399658203125,0.12712940823170432,0.0,0.9402390438247012,1,0.36773450239443223,51.5306971263614,주의,0.06910959586551087,0.01800861108732632,0.0
2024-04-04,1351.3599853515625,1355.18994140625,1343.0,1351.3599853515625,0.14264142265770097,0.0,0.9282868525896414,1,0.3698698653037842,51.93728987710134,주의,0.06912548854192226,0.017347305999606148,0.0
2024-04-07,1350.27001953125,1356.77001953125,1350.27001953125,1350.27001953125,0.1281851164737271,0.0,0.9123505976095617,1,0.35874609128555085,49.92978699470662,주의,0.06960826377838102,0.017778230788817313,0.0
2024-04-08,1354.219970703125,1356.52001953125,1350.22998046875,1354.219970703125,0.37029937923275186,0.0,0.7689243027888446,1,0.4066236143707044,58.560428878759275,주의,0.06756061046106701,0.01789576380595338,0.0
2024-04-09,1348.5400390625,1364.4599609375,1326.9300537109375,1348.5400390625,0.7164425176001566,0.0,0.6573705179282868,1,0.5066141877445446,74.42124880928264,경계,0.06647992503231252,0.018427625525608386,0.0
2024-04-10,1363.760009765625,1370.8299560546875,1357.8800048828125,1363.760009765625,0.786313389898843,0.0,0.6812749003984063,0,0.5424583021423759,78.8859001345687,경계,0.06649445101831146,0.015360353898628736,0.0
2024-04-11,1367.8399658203125,1385.8900146484375,1366.9599609375,1367.8399658203125,0.8240379577801068,0.0,0.8725099601593626,0,0.6219702589301889,86.71928501458916,심각,0.07785041179170653,0.01554738211633993,0.0
2024-04-14,1379.6099853515625,1389.010009765625,1379.5999755859375,1379.6099853515625,0.8243087580738013,0.0,0.8167330677290837,0,0.6032616254560215,84.85420789297542,심각,0.07636733212769171,0.013553240317085049,0.0
2024-04-15,1387.6700439453125,1399.9599609375,1387.1500244140625,1387.6700439453125,0.8333202013736835,0.0,0.8406374501992032,0,0.6149086174808343,85.68566186654421,심각,0.08119127350538463,0.012366376726945773,0.0
2024-04-16,1387.3399658203125,1390.7900390625,1378.3299560546875,1387.3399658203125,0.5595915290146649,0.0,0.9123505976095617,0,0.530269122777731,76.34838508122169,경계,0.08191203044453337,0.01464038716869811,0.0
2024-04-17,1379.5400390625,1381.3499755859375,1370.3599853515625,1379.5400390625,0.6071449716908623,0.0,0.8685258964143426,0,0.5343916766915668,76.73528626423439,경계,0.07942204717256054,0.015491480122634307,0.0
2024-04-18,1379.4000244140625,1392.6199951171875,1374.5699462890625,1379.4000244140625,0.5502644484720867,0.0,0.8645418326693227,0,0.5104325074014445,73.36026575771332,경계,0.08006262470776107,0.017238781082763676,0.0
2024-04-21,1373.9300537109375,1382.9300537109375,1373.4100341796875,1373.9300537109375,0.49005818823181324,0.0,0.8406374501992032,0,0.4784309496051509,68.44709983836226,경계,0.07762459796443243,0.018196776030777365,0.0
2024-04-22,1378.8399658203125,1379.6099853515625,1371.2099609375,1378.8399658203125,0.4085427136413886,0.0,0.7131474103585658,0,0.4030124944603092,55.52257140326628,주의,0.07682936406862138,0.01797009269000492,0.0
2024-04-23,1370.47998046875,1377.4300537109375,1366.7900390625,1370.47998046875,0.40755844712394085,0.0,0.6852589641434262,0,0.39321300904946965,53.73060632780714,주의,0.07576933978672425,0.017400505503332414,0.0
2024-04-24,1376.969970703125,1379.0899658203125,1370.56005859375,1376.969970703125,0.41714067825330325,0.0,0.8047808764940239,0,0.43734345691797194,61.50290323108938,경계,0.077173462262732,0.017030638021561125,0.0
2024-04-25,1371.699951171875,1378.6500244140625,1370.3399658203125,1371.699951171875,0.34874062007020856,0.0,0.7609561752988048,0,0.395364016514258,54.04451604084118,주의,0.07704462287049631,0.016786200483359083,0.0
2024-04-28,1377.0899658203125,1383.9599609375,1373.530029296875,1377.0899658203125,0.35235987159713916,0.0,0.8167330677290837,0,0.4156192970978306,57.65742742849523,주의,0.07617117848341284,0.01668096739830088,0.0
2024-04-29,1374.6400146484375,1384.760009765625,1372.7900390625,1374.6400146484375,0.36822749881456057,0.0,0.8047808764940239,0,0.4178960482254598,58.11304329117568,주의,0.07540869951119711,0.01721800645151543,0.0
2024-04-30,1385.4599609375,1387.6500244140625,1362.530029296875,1385.4599609375,0.5500496823972442,0.0,0.5657370517928287,0,0.40954550565431636,56.55714567825881,주의,0.07343858348245753,0.015356331914604069,0.0
2024-05-01,1375.0,1381.9599609375,1368.989990234375,1375.0,0.6091118332297618,0.0,0.6414342629482072,0,0.4585644561341198,64.99426396157911,경계,0.07745361377446144,0.014893483310433973,0.0
2024-05-02,1364.6400146484375,1370.3399658203125,1344.510009765625,1364.6400146484375,0.7140534079326455,0.0,0.7131474103585658,0,0.5244806018291222,74.87539785395812,경계,0.08066910960003214,0.013999425970370056,0.0
2024-05-05,1355.050048828125,1360.7900390625,1352.3499755859375,1355.050048828125,0.6891934833173653,0.0,0.7689243027888446,1,0.5334128364766351,75.93522608473093,경계,0.0835578703776831,0.013262870800562014,0.0
2024-05-06,1352.1700439453125,1360.8499755859375,1352.1700439453125,1352.1700439453125,0.676133501005833,0.0,0.896414342629482,1,0.5712290015279275,80.39155810936762,심각,0.0855277161340906,0.01400981588530982,0.0
2024-05-07,1357.72998046875,1366.5999755859375,1356.27001953125,1357.72998046875,0.5219329228866851,0.0,0.9163346613545816,1,0.5166404454601071,73.29340312233646,경계,0.0833338907192421,0.013607631225638793,0.0
2024-05-08,1361.93994140625,1371.8299560546875,1361.93994140625,1361.93994140625,0.5730719154452023,0.0,0.8366533864541833,0,0.5100923859085398,72.24669049966553,경계,0.08235567927827747,0.013366011837394536,0.0
2024-05-09,1365.4000244140625,1370.3299560546875,1363.0,1365.4000244140625,0.35279672238992,0.0,0.4860557768924303,0,0.30423919990187237,37.27868746506375,정상,0.08074919855098966,0.01318961623840285,0.0
2024-05-12,1370.1099853515625,1372.9100341796875,1364.6300048828125,1370.1099853515625,0.270491851848529,0.0,0.5059760956175299,0,0.2782356841962927,33.12194431954723,정상,0.07890849467478532,0.012808630940801246,0.0
2024-05-13,1363.7900390625,1370.3900146484375,1362.5999755859375,1363.7900390625,0.3079759838168783,0.0,0.38645418326693226,0,0.252818368643748,29.336945767737188,정상,0.07766758341790511,0.012449008240357752,0.0
2024-05-14,1362.550048828125,1365.550048828125,1342.8299560546875,1362.550048828125,0.46299015139255273,0.0,0.36254980079681276,0,0.3063863785333132,37.993421068799385,정상,0.07741783324179244,0.01248823386064556,0.0
2024-05-15,1353.5999755859375,1353.93994140625,1342.0899658203125,1353.5999755859375,0.5140799389555187,0.0,0.350597609561753,1,0.32266712112362894,40.87210826029568,주의,0.07514266792390091,0.012042223316516918,0.0
2024-05-16,1346.0400390625,1359.3900146484375,1346.0400390625,1346.0400390625,0.5715887520882653,0.0,0.3784860557768924,1,0.3549402214538041,46.64775469620096,주의,0.07722904636747906,0.011281879863689134,0.0
2024-05-19,1353.3900146484375,1361.699951171875,1353.3800048828125,1353.3900146484375,0.6098853601488154,0.0,0.4342629482071713,1,0.38898288475556275,52.814392252018685,주의,0.07797916545644148,0.010941295274825196,0.0
2024-05-20,1360.1600341796875,1367.3199462890625,1360.1600341796875,1360.1600341796875,0.6426131780733787,0.0,0.49800796812749004,1,0.4234994937830267,58.93583328899613,주의,0.0785129314894167,0.01274087825260272,0.0
2024-05-21,1363.4200439453125,1367.8399658203125,1359.949951171875,1363.4200439453125,0.49316977923927324,0.0,0.5697211155378487,0,0.38827462590308165,52.65141635298384,주의,0.07855496577714409,0.012694797845358798,0.0
2024-05-22,1365.81005859375,1367.1300048828125,1358.1199951171875,1365.81005859375,0.3767074836676734,0.0,0.47410358565737054,0,0.309713823607706,38.73767986046607,정상,0.07672861210617668,0.013087403832195347,0.0
2024-05-23,1367.6199951171875,1371.4300537109375,1363.6300048828125,1367.6199951171875,0.1995207165572513,0.0,0.46215139442231074,0,0.23523400831583124,27.10132487488284,정상,0.07470223117785135,0.013268171936425821,0.0
2024-05-26,1365.7099609375,1366.9200439453125,1360.050048828125,1365.7099609375,0.19342072953159584,0.0,0.43824701195219123,0,0.2247445832434219,25.777326403027512,정상,0.07260933023556487,0.016590389222518456,0.0
2024-05-27,1360.9300537109375,1362.81005859375,1354.8499755859375,1360.9300537109375,0.19694444975797368,0.0,0.4262948207171315,0,0.22211351592882905,25.563055289868153,정상,0.070606806456573,0.016631969630164282,0.0
2024-05-28,1362.760009765625,1370.27001953125,1362.72998046875,1362.760009765625,0.24156808894892742,0.0,0.44223107569721115,0,0.24523153078116283,28.964534299862876,정상,0.0698001873854586,0.0167608294465645,0.0
2024-05-29,1370.550048828125,1380.9300537109375,1369.739990234375,1370.550048828125,0.3273821107542125,0.0,0.27091633466135456,0,0.22155743404104747,25.767850750811565,정상,0.06787520273193502,0.01655367067891943,0.0
2024-05-30,1375.6199951171875,1387.489990234375,1375.3599853515625,1375.6199951171875,0.4771364773218309,0.0,0.1952191235059761,0,0.25556191819021384,30.803415455548596,정상,0.06943979630163834,0.016318101237769396,0.0
2024-06-02,1382.0999755859375,1382.1099853515625,1369.969970703125,1382.0999755859375,0.5556980089212586,0.0,0.09163346613545817,0,0.25185266682161883,30.384297260618865,정상,0.06883831283319723,0.016810785439746664,0.0
2024-06-03,1370.7900390625,1378.43994140625,1368.510009765625,1370.7900390625,0.6606290957905646,0.0,0.05976095617529881,0,0.2828200835421325,35.39611917576653,정상,0.06919771937253741,0.014850099390581992,0.0
2024-06-04,1373.719970703125,1376.050048828125,1367.449951171875,1373.719970703125,0.6654462885514186,0.0,0.3386454183266932,0,0.3788168582571593,52.31401121113697,주의,0.07430927718624884,0.014699430270650059,0.0
2024-06-05,1368.739990234375,1369.010009765625,1355.4000244140625,1368.739990234375,0.6761308150786606,0.0,0.3107569721115538,0,0.37365677249059404,51.47488933189067,주의,0.07252230578738231,0.0143621710602699,0.0
2024-06-06,1365.25,1378.5999755859375,1354.3399658203125,1365.25,0.6844942097478222,0.0,0.3466135458167331,0,0.38907817113911636,54.20368440659813,주의,0.0717171132942711,0.016092786218116873,0.0
2024-06-09,1379.050048828125,1381.3699951171875,1373.6400146484375,1379.050048828125,0.7072837813909651,0.0,0.3705179282868526,0,0.40620321419197253,57.19244328094939,주의,0.07023742588892827,0.012802964875505711,0.0
2024-06-10,1373.9599609375,1380.72998046875,1373.8699951171875,1373.9599609375,0.6406405835718183,0.0,0.601593625498008,0,0.45765976833511113,65.84816738369773,경계,0.07852823964925298,0.012367020244392768,0.0
2024-06-11,1377.3599853515625,1380.1700439453125,1364.0799560546875,1377.3599853515625,0.7311283378872414,0.0,0.5617529880478087,0,0.4801966122363568,69.27124416711868,경계,0.07748183284785183,0.012597062989842048,0.0
2024-06-12,1370.4100341796875,1377.0899658203125,1366.260009765625,1370.4100341796875,0.7149376653594621,0.0,0.5617529880478087,0,0.4737593568939866,68.16652461953447,경계,0.07573368154751411,0.011674565020923407,0.0
2024-06-13,1373.739990234375,1386.8599853515625,1373.739990234375,1373.739990234375,0.6613387340326634,0.0,0.5338645418326693,0,0.4430407878842486,63.153855020054216,경계,0.07601559586036409,0.012320701294691172,0.0
2024-06-16,1382.280029296875,1383.0799560546875,1377.3499755859375,1382.280029296875,0.576931175152751,0.0,0.49800796812749004,0,0.3973849625013314,55.24896713672602,주의,0.07430159273397526,0.011685927763611353,0.0
2024-06-17,1379.06005859375,1385.25,1377.97998046875,1379.06005859375,0.5611692225955596,0.0,0.5258964143426295,0,0.4005263126174348,55.906047410086025,주의,0.07596187707803037,0.011672720684478298,0.0
2024-06-18,1378.6099853515625,1382.6300048828125,1377.6300048828125,1378.6099853515625,0.442967683689272,0.0,0.50199203187251,0,0.34546639101417176,46.14933807836963,주의,0.07420399625451606,0.011668155854330125,0.0
2024-06-19,1381.1500244140625,1391.0799560546875,1381.1500244140625,1381.1500244140625,0.39664588281862767,0.0,0.5059760956175299,0,0.32839331096753677,43.23650523885556,주의,0.07195463896957503,0.011646373749068607,0.0
2024-06-20,1391.8199462890625,1392.4300537109375,1385.75,1391.8199462890625,0.34628249910567804,0.0,0.5378486055776892,1,0.31912148706822496,41.72901496063151,주의,0.07012884507783096,0.009609619443426354,0.0
2024-06-23,1388.3900146484375,1391.06005859375,1383.9599609375,1388.3900146484375,0.3438206620024254,0.0,0.6852589641434262,0,0.36787148002525266,50.685145590516164,주의,0.07428617496934166,0.00966356596655636,0.0
2024-06-24,1386.1099853515625,1391.93994140625,1383.760009765625,1386.1099853515625,0.3398792322528221,0.0,0.6932270916334662,0,0.36899244855518293,51.001412372778255,주의,0.07265934577052946,0.010523703610401447,0.0
2024-06-25,1390.8900146484375,1394.510009765625,1387.760009765625,1390.8900146484375,0.34955502936251315,0.0,0.6573705179282868,1,0.3607432586862044,49.572705049373596,주의,0.07073514851876173,0.009947556344586635,0.0
2024-06-26,1393.3800048828125,1394.2099609375,1383.1300048828125,1393.3800048828125,0.3617208923048164,0.0,0.6892430278884463,1,0.3763324605654872,52.52078075422152,주의,0.06987450863369542,0.009794112848175583,0.0
2024-06-27,1386.949951171875,1388.27001953125,1370.8499755859375,1386.949951171875,0.45563579241765556,0.0,0.5976095617529881,0,0.3827596250465819,53.800722232098664,주의,0.06810191691474932,0.012122651013536934,0.0
2024-06-30,1380.2900390625,1384.6800537109375,1376.8299560546875,1380.2900390625,0.497562966264793,0.0,0.6175298804780877,0,0.4061495727725858,58.02426825166496,주의,0.06843303752406202,0.01131680881718533,0.0
2024-07-01,1383.4200439453125,1390.219970703125,1382.6199951171875,1383.4200439453125,0.54490165040079,0.0,0.6095617529880478,0,0.4222829342998965,60.904859993903706,경계,0.06893771994699688,0.013084656202556175,0.0
2024-07-02,1383.4200439453125,1391.8699951171875,1381.3299560546875,1383.4200439453125,0.5454380510981978,0.0,0.41434262948207173,0,0.3566391483341992,49.0388573637414,주의,0.06741542006067304,0.013106655703513687,0.0
2024-07-03,1385.77001953125,1386.7099609375,1378.530029296875,1385.77001953125,0.5365299177479094,0.0,0.41434262948207173,0,0.3530973603756508,48.42457621091082,주의,0.06536167478147707,0.013313738641331351,0.0
2024-07-04,1380.25,1383.3699951171875,1371.510009765625,1380.25,0.4188089899560426,0.0,0.41832669322709165,0,0.3076366756494936,40.17401456311367,주의,0.0637132178709766,0.013567049830604774,0.0
2024-07-07,1376.5699462890625,1384.9100341796875,1376.2099609375,1376.5699462890625,0.4505473584032901,0.0,0.4541832669322709,0,0.3323517385712308,44.60948772295859,주의,0.06369208847900108,0.013548508557513859,0.0
2024-07-08,1382.75,1385.9100341796875,1380.4200439453125,1382.75,0.4661759429009278,0.0,0.10756972111553785,0,0.22163564225259852,26.307875992562757,정상,0.06261830944018588,0.01284581655866856,0.0
2024-07-09,1382.4200439453125,1387.760009765625,1382.4200439453125,1382.4200439453125,0.45364864552470047,0.0,0.19123505976095617,0,0.24487936115207093,29.883520911933818,정상,0.06315990954203993,0.0129727019077642,0.0
2024-07-10,1382.989990234375,1382.989990234375,1361.6199951171875,1382.989990234375,0.6945339039254281,0.0,0.13147410358565736,0,0.3204926955414161,42.705029218062,주의,0.061242835302814456,0.013040190665613694,0.0
2024-07-11,1371.27001953125,1379.449951171875,1368.77001953125,1371.27001953125,0.7420271835197112,0.0,0.043824701195219126,0,0.3098070926459832,40.85262292974321,주의,0.059398760614718514,0.009919549784067528,0.0
2024-07-14,1374.1099853515625,1383.6700439453125,1374.010009765625,1374.1099853515625,0.7596407184520548,0.0,0.44223107569721115,0,0.4512122148004786,66.14154686543496,경계,0.0664201490407584,0.009713144985384116,0.0
2024-07-15,1383.68994140625,1387.1400146484375,1381.050048828125,1383.68994140625,0.7773109838667944,0.0,0.2948207171314741,0,0.40850894635283724,58.68867008473006,주의,0.06489728240322253,0.006808499403201345,0.0
2024-07-16,1382.6400146484375,1384.0899658203125,1375.0799560546875,1382.6400146484375,0.7809506421358128,0.0,0.4940239043824701,0,0.4771571146167588,70.06172767296172,경계,0.06847466372193226,0.0069408790831877315,0.0
2024-07-17,1378.6500244140625,1383.8599853515625,1374.969970703125,1378.6500244140625,0.5779004376744868,0.0,0.5537848605577689,0,0.4165866329985011,59.8775465997769,주의,0.06645423145208366,0.012964683808330124,0.0
2024-07-18,1385.239990234375,1389.6400146484375,1383.97998046875,1385.239990234375,0.4099668827474085,0.0,0.6095617529880478,0,0.3686341712569858,51.1270079132931,주의,0.06540240237940188,0.012080227430103192,0.0
2024-07-21,1388.81005859375,1389.989990234375,1386.0,1388.81005859375,0.339593883631999,0.0,0.5059760956175299,0,0.30570998598972055,39.68103621199737,정상,0.06606550844422737,0.014637258312952069,0.0
2024-07-22,1387.0999755859375,1387.5799560546875,1381.6600341796875,1387.0999755859375,0.2894136280017586,0.0,0.5378486055776892,0,0.296510972051004,38.08952188394459,정상,0.06483010185570075,0.01640497845283219,0.0
2024-07-23,1384.5699462890625,1387.4599609375,1377.8699951171875,1384.5699462890625,0.2925125389809673,0.0,0.545816733067729,0,0.30043111219600405,38.720017844606815,정상,0.06303743626785656,0.01644110033232145,0.0
2024-07-24,1382.6500244140625,1388.06005859375,1376.5999755859375,1382.6500244140625,0.3023552086175868,0.0,0.49800796812749004,0,0.28821620472229015,36.53930982760276,정상,0.06152795638455559,0.016785567702736398,0.0
2024-07-25,1381.4300537109375,1387.0400390625,1381.4300537109375,1381.4300537109375,0.28723118282518345,0.0,0.5139442231075697,0,0.2875791238583495,36.359770316756176,정상,0.059897089808232856,0.016801208011437883,0.0
2024-07-28,1382.0899658203125,1385.1099853515625,1379.260009765625,1382.0899658203125,0.27683805646198323,0.0,0.4302788844621514,0,0.2552224653998275,31.036429030742802,정상,0.0581737348338224,0.01829141000005938,1.0
2024-07-29,1381.3599853515625,1386.1700439453125,1381.3599853515625,1381.3599853515625,0.2748526999031887,0.0,0.3545816733067729,0,0.22889669818548036,27.01522313850263,정상,0.05643209322385514,0.018753438983165824,1.0
2024-07-30,1383.5,1384.199951171875,1368.3900146484375,1383.5,0.4445510058045635,0.0,0.2788844621513944,0,0.2708307003830077,33.51201357236898,정상,0.054751497311710966,0.019452784969047083,1.0
2024-07-31,1367.9200439453125,1369.3699951171875,1360.8599853515625,1367.9200439453125,0.6093485201042032,0.18465125258471218,0.29880478087649404,0,0.39201641668487,55.181074236936425,주의,0.05342373482101959,0.016515150461805232,0.0
2024-08-01,1368.969970703125,1376.969970703125,1350.989990234375,1368.969970703125,0.7553247695754901,0.15117965908547407,0.7171314741035857,0,0.5823054357924338,83.28987051119638,심각,0.06798622059925681,0.017466384911245168,0.0
2024-08-04,1357.1700439453125,1374.3299560546875,1353.97998046875,1357.1700439453125,0.8140033247883531,0.12377543613312275,0.6812749003984063,1,0.5862755002903581,83.49034376486605,심각,0.06598256690234662,0.01857180268481587,1.0
2024-08-05,1367.4000244140625,1379.6600341796875,1364.0799560546875,1367.4000244140625,0.8699600518253822,0.10133875603782722,0.7569721115537849,0,0.628112692368383,87.08615312558189,심각,0.07228835733783175,0.02170243067268848,1.0
2024-08-06,1370.31005859375,1378.949951171875,1370.31005859375,1370.31005859375,0.8362254180102455,0.08296915604683616,0.8247011952191236,0,0.6326794420904092,87.26200101666464,심각,0.07592573797091405,0.02174028014099522,1.0
2024-08-07,1375.3299560546875,1379.530029296875,1372.1300048828125,1375.3299560546875,0.8105000269900098,0.06792939961247077,0.8167330677290837,0,0.6157767901031208,85.6353522633259,심각,0.07407542156543491,0.021912277201627473,1.0
2024-08-08,1373.760009765625,1377.06005859375,1360.6500244140625,1373.760009765625,0.7551316057168035,0.05561588850085336,0.8725099601593626,0,0.6093153183148847,84.85790785904469,심각,0.07321275377814711,0.022320318455631823,1.0
2024-08-11,1363.8399658203125,1372.0899658203125,1362.97998046875,1363.8399658203125,0.6100533462076119,0.04553443827540474,0.6812749003984063,0,0.4844483768441623,69.02063374553612,경계,0.07112120124066121,0.02416523863193362,1.0
2024-08-12,1369.5400390625,1372.18994140625,1360.0999755859375,1369.5400390625,0.5216202440948047,0.037280444940205,0.7808764940239044,0,0.4807009599576191,68.28806877963548,경계,0.07449081973262421,0.02389353784527505,1.0
2024-08-13,1362.1700439453125,1364.31005859375,1334.56005859375,1362.1700439453125,0.7367616340485,0.030522646760976282,0.649402390438247,0,0.5200951696941313,74.05835622328738,경계,0.07401999916105352,0.023277242365452883,1.0
2024-08-14,1355.7099609375,1366.1400146484375,1341.449951171875,1355.7099609375,0.7609045516092909,0.024989829568547332,0.6812749003984063,1,0.5389798031900003,76.47884009201047,경계,0.07476932590141305,0.02407111612962753,1.0
2024-08-15,1363.510009765625,1363.8800048828125,1353.5400390625,1363.510009765625,0.767433770940232,0.02045994198194718,0.6932270916334662,0,0.5444071292815367,77.03101243145002,경계,0.07481117860154664,0.02355106922041173,1.0
2024-08-18,1348.97998046875,1349.510009765625,1330.0899658203125,1348.97998046875,0.801658787727968,0.016751183706811428,0.6892430278884463,1,0.5556876002102323,78.34559644401303,경계,0.07588514510421693,0.02115555508942764,1.0
2024-08-19,1330.8800048828125,1335.6199951171875,1313.4100341796875,1330.8800048828125,0.8019144710301649,0.013714709251225343,0.852589641434263,0,0.6100892904539972,84.22820073698558,심각,0.08454886527405599,0.016297492046468166,0.0
2024-08-20,1327.5799560546875,1339.6400146484375,1324.4000244140625,1327.5799560546875,0.6807731492820763,0.011228654233501289,0.9402390438247012,0,0.5908341873076769,82.05413938791037,심각,0.09735826686701055,0.01624828643424773,0.0
2024-08-21,1333.6600341796875,1343.699951171875,1330.27001953125,1333.6600341796875,0.6687543514038599,0.009193244536646779,0.9322709163346613,0,0.5828280799217365,80.96177189584188,심각,0.09488471542442486,0.01710713773128279,0.0
2024-08-22,1339.5400390625,1342.5999755859375,1323.27001953125,1339.5400390625,0.6707764018907633,0.00752679202271886,0.9282868525896414,0,0.5818462958964453,80.65148849632638,심각,0.09369426148414092,0.016585747999448522,0.0
2024-08-25,1323.8800048828125,1328.699951171875,1317.0999755859375,1323.8800048828125,0.5928508968809434,0.006162416101021958,0.9641434262948207,0,0.5625984179222722,78.18389316587856,경계,0.09243656662755646,0.01227644968644296,0.0
2024-08-26,1326.6400146484375,1334.8499755859375,1326.6400146484375,1326.6400146484375,0.43202023272958795,0.00504535957516959,1.0,0,0.5104538022979535,70.85284815449106,경계,0.1006117377998178,0.012377441083002256,0.0
2024-08-27,1326.3599853515625,1339.47998046875,1326.3599853515625,1326.3599853515625,0.4387034539823836,0.004130791044527803,0.9960159362549801,0,0.5115245493920206,70.89181765573487,경계,0.09788226824833046,0.012471347367727556,0.0
2024-08-28,1336.68994140625,1338.1600341796875,1326.7099609375,1336.68994140625,0.4644660984026758,0.0,0.9880478087649402,0,0.5179845770205618,71.72536344286935,경계,0.09490393011725673,0.01024533056982722,0.0
2024-08-29,1332.8800048828125,1336.1300048828125,1316.68994140625,1332.8800048828125,0.45975734000286445,0.0,0.9043824701195219,0,0.48788796847519444,66.9751071917229,경계,0.09683169933696814,0.0101798475717853,0.0
2024-09-01,1336.5799560546875,1341.1400146484375,1335.52001953125,1336.5799560546875,0.3426957184881586,0.0,0.9362549800796812,0,0.4520975681004856,60.92688162685429,경계,0.09453561455927381,0.010837502017515582,0.0
2024-09-02,1337.550048828125,1344.1800537109375,1336.81005859375,1337.550048828125,0.3502339075376623,0.0,0.7609561752988048,0,0.3959577332181854,50.887563426455664,주의,0.09228732559300386,0.013364051464199264,0.0
2024-09-03,1340.4100341796875,1343.7099609375,1332.52001953125,1340.4100341796875,0.30885562315249554,0.0,0.6374501992031872,1,0.3378414595388144,40.454342229146256,주의,0.08952034801549193,0.013505476018330345,0.0
2024-09-04,1331.010009765625,1337.9000244140625,1331.010009765625,1331.010009765625,0.2941573795913742,0.0,0.6215139442231076,0,0.3266214935513537,38.47420754994811,정상,0.08718968099051728,0.011538114735217176,0.0
2024-09-05,1332.7900390625,1336.219970703125,1322.9100341796875,1332.7900390625,0.23036206375923704,0.0,0.6852589641434262,0,0.3227614349406115,37.79522695088761,정상,0.0888524503412379,0.012150998948376334,0.0
2024-09-08,1337.77001953125,1347.5999755859375,1336.8499755859375,1337.77001953125,0.26579014236682696,0.0,0.6772908366533864,0,0.33415925451084466,39.7759926061562,정상,0.08630225155743337,0.011928855898807777,0.0
2024-09-09,1341.27001953125,1345.469970703125,1339.8199462890625,1341.27001953125,0.2665915587224473,0.0,0.5657370517928287,1,0.2968452878077104,33.483697385714166,정상,0.08492058393177847,0.01174740387204547,0.0
2024-09-10,1343.3399658203125,1344.5699462890625,1335.449951171875,1343.3399658203125,0.2970885463446053,0.0,0.5418326693227091,1,0.30090646711334734,34.222953571593365,정상,0.0829580704013461,0.013369996724579588,0.0
2024-09-11,1339.1800537109375,1342.550048828125,1337.2900390625,1339.1800537109375,0.24294977141610472,0.0,0.4541832669322709,0,0.24981293892572337,26.53515929874083,정상,0.08065404301384727,0.015083001231426254,0.0
2024-09-12,1335.68994140625,1336.300048828125,1324.0899658203125,1335.68994140625,0.2743394905863881,0.0,0.40239043824701193,0,0.24482090915984506,25.98890472907378,정상,0.07912151320641282,0.02214701850716844,1.0
2024-09-15,1329.510009765625,1329.6099853515625,1315.3399658203125,1329.510009765625,0.3557480135832052,0.0,0.3346613545816733,0,0.25433978766906773,27.490954512365644,정상,0.0773793583303717,0.021869818318127062,1.0
2024-09-16,1319.1099853515625,1324.8800048828125,1313.9300537109375,1319.1099853515625,0.4415991762061975,0.0,0.13147410358565736,0,0.2199282857253364,22.957210892405122,정상,0.07715885651970752,0.020921973190380628,1.0
2024-09-17,1322.9300537109375,1327.27001953125,1320.27001953125,1322.9300537109375,0.4563914683218276,0.0,0.027888446215139442,0,0.19086499938125562,19.61714683755629,정상,0.08080082274725903,0.021937776640540384,1.0
2024-09-18,1322.260009765625,1335.949951171875,1321.3900146484375,1322.260009765625,0.5610070847757741,0.0,0.02390438247011952,0,0.23111513863570954,24.809872944259542,정상,0.07914217630094854,0.02194045032562881,1.0
2024-09-19,1327.6099853515625,1337.22998046875,1327.0,1327.6099853515625,0.6114292045784098,0.0,0.01593625498007968,0,0.24847444446421388,27.38685371952267,정상,0.07675646993367082,0.022936022577809256,1.0
2024-09-22,1331.5,1339.6600341796875,1331.489990234375,1331.5,0.5695921526811958,0.0,0.035856573705179286,0,0.23856054340029495,26.097125890299743,정상,0.07605649875769228,0.024305430581622538,1.0
2024-09-23,1333.6199951171875,1336.6099853515625,1328.9599609375,1333.6199951171875,0.40928768890540873,0.0,0.03187250996015936,0,0.17348101220196327,18.264611235821317,정상,0.07461198111179124,0.024393486840536875,1.0
2024-09-24,1324.8900146484375,1335.8399658203125,1323.5,1324.8900146484375,0.5714792769199787,0.0,0.01195219123505976,0,0.2312467167824213,25.468102418038974,정상,0.07260302991857753,0.023506016793506616,1.0
2024-09-25,1335.050048828125,1335.5699462890625,1313.1500244140625,1335.050048828125,0.7068536685966327,0.0,0.01593625498007968,0,0.2864142916039893,33.80953639897582,정상,0.07488059835899272,0.02226649003385009,1.0
2024-09-26,1313.300048828125,1322.219970703125,1305.8699951171875,1313.300048828125,0.8377276047359918,0.18465125258471218,0.0199203187250996,0,0.3887362341861951,51.53407437448679,주의,0.07844151940428887,0.01583997668954626,0.0
2024-09-29,1309.300048828125,1315.0999755859375,1302.800048828125,1309.300048828125,0.8185073116754176,0.15117965908547407,0.5697211155378487,1,0.5576974098822767,78.0394335829217,경계,0.09931421591391676,0.015578585862608813,0.0
2024-09-30,1315.3299560546875,1326.530029296875,1314.239990234375,1315.3299560546875,0.8380916082478612,0.12377543613312275,0.5418326693227091,0,0.5488120169655901,76.75310763890512,경계,0.09701652598291156,0.016286587070055723,0.0
2024-10-01,1324.8399658203125,1325.449951171875,1317.18994140625,1324.8399658203125,0.8357469981589757,0.10133875603782722,0.5776892430278885,0,0.5540289442995093,77.24141440487726,경계,0.09574288503733526,0.015239151410920809,0.0
2024-10-02,1324.030029296875,1337.6300048828125,1322.3199462890625,1324.030029296875,0.7242008579968061,0.08296915604683616,0.6693227091633466,0,0.5357227181144422,74.71744785261363,경계,0.0969609003652977,0.0152452323661758,0.0
2024-10-03,1334.4100341796875,1350.4100341796875,1320.1600341796875,1334.4100341796875,0.5740710868578116,0.06792939961247077,0.5776892430278885,0,0.44113363207907247,60.02724269632049,경계,0.0940371506654784,0.01377481369642143,0.0
2024-10-06,1345.8800048828125,1349.6300048828125,1342.68994140625,1345.8800048828125,0.5120297172311951,0.05561588850085336,0.7051792828685259,1,0.4562114474212884,62.50626209150377,경계,0.09609611402489533,0.010819845059606693,0.0
2024-10-07,1342.3699951171875,1351.0999755859375,1341.449951171875,1342.3699951171875,0.5380873231856599,0.04553443827540474,0.7569721115537849,1,0.4813717883215862,66.50681674072928,경계,0.09893423585949082,0.011832994592874239,0.0
2024-10-08,1341.31005859375,1347.280029296875,1337.280029296875,1341.31005859375,0.5367499907394027,0.037280444940205,0.7250996015936255,1,0.467900100333811,64.23097615228058,경계,0.09645626673063182,0.011806977515148824,0.0
2024-10-09,1343.02001953125,1353.6300048828125,1341.9100341796875,1343.02001953125,0.4914836030369035,0.030522646760976282,0.7290836653386454,1,0.449455418776402,61.12194077823994,경계,0.09356824790732662,0.011749357198492426,0.0
2024-10-10,1349.739990234375,1351.77001953125,1344.8499755859375,1349.739990234375,0.2892764507308432,0.024989829568547332,0.7808764940239044,1,0.3850655537023516,49.97046716633937,주의,0.09085294786777409,0.010662301300681363,0.0
2024-10-13,1348.3299560546875,1360.4000244140625,1348.3299560546875,1348.3299560546875,0.29694067013021835,0.02045994198194718,0.796812749003984,1,0.39228816638568187,51.33187554802967,주의,0.09019792526803234,0.01341361932746591,0.0
2024-10-14,1357.27001953125,1365.1700439453125,1356.5400390625,1357.27001953125,0.31335186216743643,0.016751183706811428,0.6932270916334662,1,0.3628854946844856,46.19818902558253,주의,0.08754452613307545,0.012374766858929947,0.0
2024-10-15,1363.1800537109375,1366.8900146484375,1359.0699462890625,1363.1800537109375,0.29130041557546266,0.013714709251225343,0.6095617529880478,0,0.3250887518214767,39.693303547275335,정상,0.08868226145180756,0.01161992816390672,0.0
2024-10-16,1364.199951171875,1372.989990234375,1363.4300537109375,1364.199951171875,0.28371420777620543,0.011228654233501289,0.6334661354581673,0,0.32947772340458426,40.53180497802969,주의,0.08762481823675625,0.012066866115219942,0.0
2024-10-17,1370.050048828125,1372.8900146484375,1367.4000244140625,1370.050048828125,0.27947879107578044,0.009193244536646779,0.6254980079681275,0,0.3245662133543922,39.77121458132736,정상,0.08500517384184011,0.012004344128779952,0.0
2024-10-20,1369.010009765625,1381.1600341796875,1366.0699462890625,1369.010009765625,0.2761612495991831,0.00752679202271886,0.601593625498008,0,0.3147413515086395,38.20291484596277,정상,0.08407846642150625,0.012853939764364051,0.0
2024-10-21,1376.5,1382.6800537109375,1376.449951171875,1376.5,0.25411817758964583,0.006162416101021958,0.5617529880478087,0,0.2921753816869812,34.58507728731052,정상,0.08157056475722352,0.012555000550748362,0.0
2024-10-22,1376.6300048828125,1385.56005859375,1376.6300048828125,1376.6300048828125,0.2908692847433718,0.00504535957516959,0.6573705179282868,0,0.3387476964961088,42.67540981353391,주의,0.08188195011860755,0.013099026650208815,0.0
2024-10-23,1377.3399658203125,1382.1099853515625,1377.0,1377.3399658203125,0.2980178535720848,0.004130791044527803,0.5099601593625498,0,0.29161868714469646,34.69932213179787,정상,0.07938834541801415,0.020437474171237858,1.0
2024-10-24,1376.3199462890625,1390.489990234375,1376.3199462890625,1376.3199462890625,0.48063523743569037,0.0,0.36254980079681276,0,0.31340189467094626,38.553488740026964,정상,0.07699596245858528,0.0285868060700531,1.0
2024-10-28,1387.6600341796875,1388.7099609375,1382.1400146484375,1387.6600341796875,0.46763584964737037,0.0,0.035856573705179286,0,0.1980237000254005,21.07820984151781,정상,0.0747059181394782,0.03284842404809454,1.0
2024-10-29,1381.969970703125,1389.3499755859375,1376.56005859375,1381.969970703125,0.5283395828008006,0.0,0.07171314741035857,0,0.23425511277007782,26.054193181110737,정상,0.07914663990083484,0.03267829847530246,1.0
2024-10-30,1383.1800537109375,1384.4200439453125,1373.4000244140625,1383.1800537109375,0.540511007543366,0.0,0.08764940239043825,0,0.24447043995016085,27.719392571008015,정상,0.07838119344366622,0.032954400153072806,1.0
2024-10-31,1378.5699462890625,1381.3900146484375,1371.969970703125,1378.5699462890625,0.5970228985960078,0.0,0.043824701195219126,0,0.2521547865919806,29.035837514306984,정상,0.07606955607871813,0.033235301011765556,1.0
2024-11-01,1372.9300537109375,1380.22998046875,1372.52001953125,1372.9300537109375,0.6095639504869266,0.0,0.06374501992031872,0,0.2638610954679217,31.02956166347921,정상,0.07488596896823975,0.033007393140539194,1.0
2024-11-04,1379.3399658203125,1379.3399658203125,1367.780029296875,1379.3399658203125,0.5814408792126169,0.0,0.05179282868525897,0,0.24864756888197118,28.774829143235138,정상,0.07433397784542758,0.03300438418746512,1.0
2024-11-05,1372.8599853515625,1380.5699462890625,1372.6400146484375,1372.8599853515625,0.5665854171507511,0.0,0.043824701195219126,0,0.2400531373426617,27.61387857068231,정상,0.07431052656151055,0.03285203113454969,1.0
2024-11-06,1378.0,1403.969970703125,1345.760009765625,1378.0,0.8718623432383701,0.0,0.01195219123505976,0,0.3506761286921432,46.96415702495544,주의,0.07433710931893305,0.032694776738481424,1.0
2024-11-07,1399.800048828125,1404.030029296875,1381.02001953125,1399.800048828125,0.9060124676863043,0.18465125258471218,0.02390438247011952,1,0.4172296590322296,59.51852196325752,주의,0.07352279926271123,0.02894647135864101,1.0
2024-11-08,1372.0799560546875,1397.3699951171875,1372.0799560546875,1372.0799560546875,0.9312366967210896,0.33583091167018625,0.5577689243027888,0,0.6474291678194957,89.1980116039097,심각,0.09384245186833645,0.020972323735955208,1.0
2024-11-11,1397.199951171875,1402.0,1391.9300537109375,1397.199951171875,0.9358199213260393,0.2749550952185968,0.8804780876494024,1,0.7419813970211047,94.10836526947047,심각,0.11969540036288753,0.010884612419354346,0.0
2024-11-12,1400.550048828125,1409.550048828125,1398.56005859375,1400.550048828125,0.9292157217185415,0.22511419217094997,0.9163346613545816,1,0.7382409826795308,93.65990684181853,심각,0.13580892542786618,0.01204187898719398,0.0
2024-11-13,1406.6500244140625,1410.5400390625,1391.4100341796875,1406.6500244140625,0.8382313169046163,0.18430791208466338,0.9282868525896414,1,0.6952824023641553,91.25844985179265,심각,0.132000524189317,0.011232217540410804,0.0
2024-11-14,1399.0,1411.27001953125,1386.1600341796875,1399.0,0.7817849121820564,0.15089855565930696,0.9282868525896414,1,0.6639843638436453,89.08590806839685,심각,0.12909014942078856,0.010967806273289617,0.0
2024-11-15,1400.8299560546875,1408.3800048828125,1389.239990234375,1400.8299560546875,0.4904612772398136,0.12354528811332414,0.9840637450199203,1,0.5597229319031898,79.39144700236523,경계,0.12694116193152988,0.011429936773021513,0.0
2024-11-18,1394.3499755859375,1400.3299560546875,1389.260009765625,1394.3499755859375,0.35337382586063343,0.1011503267762581,0.9920318725099602,1,0.5019703117199694,71.9407016353505,경계,0.12317894037938901,0.011454654940696194,0.0
2024-11-19,1389.5,1397.1500244140625,1388.25,1389.5,0.3450035612185871,0.08281488321560974,0.9920318725099602,0,0.49378237808717673,70.94209062319563,경계,0.12077959907537392,0.010945437059212727,0.0
2024-11-20,1392.1600341796875,1400.9100341796875,1388.0,1392.1600341796875,0.2914167732140603,0.06780309170118129,0.9840637450199203,1,0.4658097155909367,66.76550068837983,경계,0.11788137335949016,0.013155270965684022,0.0
2024-11-21,1397.6199951171875,1402.1300048828125,1393.8299560546875,1397.6199951171875,0.22616464754619953,0.055512476329523615,0.9960159362549801,1,0.4406404104025728,62.51322595688039,경계,0.1145319338644008,0.01257456701712515,0.0
2024-11-22,1399.5999755859375,1408.18994140625,1398.300048828125,1399.5999755859375,0.20071714290245882,0.04544977155049451,1.0,1,0.4291995263842412,60.45855407885189,경계,0.1120810892595026,0.014672437224075324,0.0
2024-11-25,1403.510009765625,1404.3299560546875,1395.0899658203125,1403.510009765625,0.18960576359562786,0.03721112568875861,0.9840637450199203,1,0.4172219255947732,58.22950007849628,주의,0.1088059877844042,0.02240391152657448,1.0
2024-11-26,1395.56005859375,1407.5699462890625,1393.47998046875,1395.56005859375,0.23027948272472581,0.030465892958036773,0.952191235059761,1,0.42085333923694057,58.76740810596418,주의,0.10604761114452828,0.02173604760843029,1.0
2024-11-27,1395.27001953125,1398.449951171875,1389.3699951171875,1395.27001953125,0.21919012853674447,0.02494336348472663,0.9482071713147411,1,0.4136364943998711,57.368214532745064,주의,0.10516279223856262,0.022334290002273396,1.0
2024-11-28,1388.469970703125,1397.5699462890625,1388.469970703125,1388.469970703125,0.2326873237803948,0.020421898770148068,0.9442231075697212,0,0.41646036710419854,57.7660283203937,주의,0.10196231321857119,0.022049811221978365,1.0
2024-11-29,1393.300048828125,1398.5,1389.6500244140625,1393.300048828125,0.23668397764870536,0.01672003655936564,0.9362549800796812,1,0.41438013866198065,57.30236976024769,주의,0.10066493428593513,0.021793354047878178,1.0
2024-12-02,1399.8599853515625,1407.050048828125,1397.949951171875,1399.8599853515625,0.2480047379311734,0.013689208123740818,0.8884462151394422,1,0.4019495536669325,54.95810010902119,주의,0.09852797478657131,0.02177360577124785,1.0
2024-12-03,1401.06005859375,1442.2099609375,1375.0400390625,1401.06005859375,0.5883657661225036,0.011207775676191549,0.7330677290836654,1,0.4841992501356802,68.96730353016316,경계,0.09725683649521605,0.02186403509597698,1.0
2024-12-04,1411.6700439453125,1418.280029296875,1403.510009765625,1411.6700439453125,0.6810613185941536,0.009176150619697393,0.6573705179282868,0,0.49497919673774027,70.5448683760015,경계,0.09435285550341377,0.020823597193123065,1.0
2024-12-05,1410.800048828125,1419.0699462890625,1410.800048828125,1410.800048828125,0.7037566965013471,0.004130791044527803,0.701195219123506,0,0.5174495725660511,73.95667191498369,경계,0.09606711141550295,0.02328755558432792,1.0
2024-12-06,1399.989990234375,1427.969970703125,1399.989990234375,1399.989990234375,0.8490168277639673,0.0,0.1952191235059761,1,0.40341796113708733,55.3591729634336,주의,0.09317136245342969,0.02403656810193521,1.0
2024-12-09,1424.219970703125,1438.239990234375,1424.219970703125,1424.219970703125,0.8927653651108247,0.0,0.00398406374501992,0,0.35629892570503346,46.81336827475738,주의,0.09515577079014617,0.01771699537081154,0.0
2024-12-10,1426.5999755859375,1433.1700439453125,1425.2900390625,1426.5999755859375,0.6495667247237661,0.0,0.0796812749003984,0,0.28514189895295705,34.171651092985556,정상,0.11385623411401813,0.017738436846518848,0.0
2024-12-11,1433.949951171875,1435.949951171875,1418.6199951171875,1433.949951171875,0.6636754681269177,0.0,0.09163346613545817,0,0.2947834638551941,35.960506355017735,정상,0.11057848111816433,0.018521613711979284,0.0
2024-12-12,1429.1500244140625,1434.5899658203125,1427.81005859375,1429.1500244140625,0.6898764735544739,0.0,0.11553784860557768,0,0.31326486009944354,39.31191426987418,정상,0.10905609844630283,0.018441652740935323,0.0
2024-12-13,1427.8599853515625,1436.0,1427.8599853515625,1427.8599853515625,0.4771253392940487,0.0,0.16334661354581673,0,0.24480531778296957,27.958526325859427,정상,0.10653460913638942,0.01950450793794659,1.0
2024-12-16,1434.449951171875,1438.8599853515625,1432.969970703125,1434.449951171875,0.2580323979508375,0.0,0.20318725099601595,0,0.1711362910875432,18.335084329308494,정상,0.10334880960276609,0.01936096247740645,1.0
2024-12-17,1431.3499755859375,1439.5,1431.3499755859375,1431.3499755859375,0.27562996661535805,0.0,0.22310756972111553,0,0.1848530222951572,20.121429769760965,정상,0.10178754917805577,0.019588499127720323,1.0
2024-12-18,1436.4200439453125,1438.6400146484375,1433.7900390625,1436.4200439453125,0.19540178537364628,0.0,0.24302788844621515,0,0.15967517823884758,17.460802441434655,정상,0.09904459025884473,0.019712572032107058,1.0
2024-12-19,1451.5,1453.06005859375,1436.219970703125,1451.5,0.29490135950183943,0.0,0.24701195219123506,1,0.20057927138452147,22.46763921032427,정상,0.09700659835091273,0.016766931220964454,0.0
2024-12-20,1437.449951171875,1452.0,1437.449951171875,1437.449951171875,0.4234275779241119,0.0,0.3904382470119522,0,0.30006483117867894,38.07571345342156,정상,0.10244399853837616,0.014278826932538567,0.0
2024-12-23,1445.4200439453125,1453.52001953125,1445.4200439453125,1445.4200439453125,0.438710404932397,0.0,0.5298804780876494,1,0.3531818885448588,48.015023056742315,주의,0.10628079574962421,0.01380563021889075,0.0
2024-12-24,1442.699951171875,1459.9200439453125,1442.699951171875,1442.699951171875,0.48889692612701413,0.0,0.5378486055776892,1,0.3758236086550213,52.35675218179243,주의,0.10526222346274129,0.01463184629515924,0.0
2024-12-25,1453.4200439453125,1458.0799560546875,1448.449951171875,1453.4200439453125,0.5106148077317716,0.0,0.4900398406374502,1,0.3683301709999647,50.985729535321965,주의,0.10231800910609967,0.013296825898325225,0.0
2024-12-26,1457.6099853515625,1470.2900390625,1454.77001953125,1457.6099853515625,0.4434928146498188,0.0,0.601593625498008,1,0.3792757156311837,53.06657795586713,주의,0.10329328581422602,0.013117062856664098,0.0
2024-12-27,1466.989990234375,1487.0400390625,1462.800048828125,1466.989990234375,0.37696232085264086,0.0,0.5976095617529881,0,0.3514798110508532,47.81420811828184,주의,0.10077017444777685,0.01631313624965958,0.0
2024-12-30,1472.800048828125,1475.25,1466.3599853515625,1472.800048828125,0.3703373658380328,0.0,0.6414342629482072,0,0.3636300293398178,50.13874695605014,주의,0.10083397303483631,0.018264589849899666,0.0
2024-12-31,1467.3900146484375,1478.06005859375,1464.8900146484375,1467.3900146484375,0.44691817128610317,0.0,0.601593625498008,0,0.3806376044142847,53.26263380191547,주의,0.09896299366877169,0.017921492339415774,0.0
2025-01-02,1473.3800048828125,1476.0799560546875,1462.739990234375,1473.52001953125,0.45647263517037756,0.0,0.6215139442231076,0,0.39115647468517434,55.1666856575243,주의,0.09700938930248175,0.023678415930645662,1.0
2025-01-03,1471.6500244140625,1472.4200439453125,1464.1400146484375,1471.6500244140625,0.4329349221835287,0.0,0.5298804780876494,0,0.3508856122712124,47.42610277860034,주의,0.0954407645932565,0.026137173853262263,1.0
2025-01-06,1465.530029296875,1471.010009765625,1453.1300048828125,1465.530029296875,0.3948537141978398,0.0,0.5378486055776892,0,0.33843293403257846,44.98146564220173,주의,0.09266490883174688,0.02595319745989296,1.0
2025-01-07,1459.449951171875,1464.989990234375,1443.9100341796875,1459.449951171875,0.5047516353673188,0.0,0.41832669322709165,1,0.3418066431021697,45.53201599961348,주의,0.09129158569022237,0.0297402279465723,1.0
2025-01-08,1451.8800048828125,1464.030029296875,1448.760009765625,1451.8800048828125,0.5103528666580686,0.0,0.08764940239043825,1,0.23247985381504258,26.58294780305088,정상,0.08997461957381772,0.030063055546581008,1.0
2025-01-09,1457.969970703125,1465.4599609375,1454.0400390625,1457.969970703125,0.5109772863912814,0.0,0.14342629482071714,1,0.2515444181432815,29.52233883371897,정상,0.08954666739649786,0.0303646458766671,1.0
2025-01-10,1455.22998046875,1474.800048828125,1441.050048828125,1455.22998046875,0.6366617369435741,0.0,0.11952191235059761,1,0.2934512152404178,36.49672457966039,정상,0.0883312020876737,0.030307671102254078,1.0
2025-01-13,1472.25,1473.1300048828125,1464.7900390625,1472.25,0.686268747266914,0.0,0.11155378486055777,0,0.31048644139643106,39.423060361508085,정상,0.08595207455567086,0.02833258743820836,1.0
2025-01-14,1458.8900146484375,1466.3499755859375,1453.1400146484375,1458.8900146484375,0.6657878707739505,0.0,0.3705179282868526,1,0.3897048400912318,54.3636047247155,주의,0.09480947626856162,0.027680519781805583,1.0
2025-01-15,1460.43994140625,1462.6700439453125,1437.4100341796875,1460.43994140625,0.6906489018539373,0.0,0.4342629482071713,0,0.4210936904937437,60.18520849833175,경계,0.09851898105705917,0.032845830598668545,1.0
2025-01-16,1437.219970703125,1459.5,1437.219970703125,1437.219970703125,0.772989123464945,0.0,0.40239043824701193,0,0.4430791969308375,64.05586351454735,경계,0.09560689322142392,0.028670263931398945,1.0
2025-01-17,1453.3199462890625,1460.22998046875,1451.22998046875,1453.3199462890625,0.7742178269805311,0.0,0.8326693227091634,1,0.5887220400748687,84.59074353993026,심각,0.11169626438933514,0.026442601124665274,1.0
2025-01-20,1457.3800048828125,1457.3900146484375,1433.1300048828125,1457.3800048828125,0.7764676490606195,0.0,0.7649402390438247,1,0.5667681820750305,82.08373129332797,심각,0.11663549881202874,0.02828925566553269,1.0
2025-01-21,1435.530029296875,1443.6300048828125,1361.25,1435.530029296875,0.8983140796471212,0.0,0.5856573705179283,0,0.5547321807573131,80.53176502210617,심각,0.11360142441633722,0.023968939308489316,1.0
2025-01-22,1425.7900390625,1438.75,1425.7900390625,1425.7900390625,0.8853724954632961,0.0,0.7888446215139442,0,0.6181318283455326,86.98197988919313,심각,0.12482505518189276,0.02378050884532492,1.0
2025-01-23,1434.3399658203125,1440.8699951171875,1431.239990234375,1434.3399658203125,0.8607387815594095,0.0,0.8127490039840638,0,0.6164018301567988,86.58874780440303,심각,0.1238839179910159,0.02342099199445514,1.0
2025-01-24,1433.9300537109375,1437.27001953125,1425.8499755859375,1433.9300537109375,0.8452845190884835,0.0,0.7649402390438247,0,0.5941291063029764,84.21334875489521,심각,0.12233910524876743,0.023450269046512744,1.0
2025-01-27,1427.6300048828125,1438.7900390625,1427.6300048828125,1427.6300048828125,0.8293836604566037,0.0,0.7450199203187251,0,0.5810869706505087,82.60565621123764,심각,0.11861737022041337,0.023765923023701757,1.0
2025-01-28,1417.9200439453125,1450.4300537109375,1407.5899658203125,1417.9200439453125,0.35350541797740315,0.0,0.848605577689243,0,0.42682692733196514,58.82790063264453,주의,0.11627136071949472,0.022834726718687998,1.0
2025-01-29,1443.260009765625,1448.43994140625,1422.050048828125,1443.260009765625,0.45841826598094426,0.0,0.8366533864541833,1,0.4645071999769673,65.59947368065389,경계,0.11581071909029943,0.014509658393094125,0.0
2025-01-30,1443.3199462890625,1444.0,1438.9300537109375,1443.3199462890625,0.4549636591831668,0.0,0.952191235059761,1,0.502110305237564,71.72692245603656,경계,0.1317251712917616,0.014540267905951889,0.0
2025-01-31,1441.6600341796875,1455.77001953125,1441.6600341796875,1441.6600341796875,0.4669645846811382,0.0,0.9123505976095617,1,0.4934415425005456,70.23486844715681,경계,0.1277123940028382,0.0171983757566914,0.0
2025-02-03,1456.780029296875,1471.75,1456.780029296875,1456.780029296875,0.4750916896895209,0.0,0.9043824701195219,1,0.4939847581096482,70.2153805064467,경계,0.12390258165148377,0.01432554784437975,0.0
2025-02-04,1459.050048828125,1466.18994140625,1448.4100341796875,1459.050048828125,0.3210158647330519,0.0,0.9641434262948207,1,0.4528860177403095,63.11413418520152,경계,0.1267935493417815,0.0154716068510428,0.0
2025-02-05,1450.1600341796875,1454.3900146484375,1440.6400146484375,1450.1600341796875,0.23265051751364818,0.0,0.9601593625498008,1,0.4164087858957206,56.283309918343015,주의,0.12307990918395605,0.014238110817408795,0.0
2025-02-06,1443.8900146484375,1451.02001953125,1442.93994140625,1443.8900146484375,0.24724698189335403,0.0,0.952191235059761,1,0.41952415643559027,56.80219414942903,주의,0.12167378989828156,0.013562938912307915,0.0
2025-02-07,1442.1500244140625,1454.72998046875,1436.469970703125,1442.1500244140625,0.2516959244638071,0.0,0.9482071713147411,1,0.4199489916158841,56.79071858163758,주의,0.11916426952541083,0.014688571865814189,0.0
2025-02-10,1450.6199951171875,1456.6199951171875,1448.6099853515625,1450.6199951171875,0.20096400624319827,0.0,0.952191235059761,1,0.40112249141805845,53.06519384581934,주의,0.1156291461720595,0.013591490980985369,0.0
2025-02-11,1453.2099609375,1455.3800048828125,1450.5,1453.2099609375,0.1831077635721141,0.0,0.7848605577689243,1,0.33757411825794753,40.692290693853934,주의,0.11439578346305161,0.014038174746488798,0.0
2025-02-12,1450.75,1459.0899658203125,1446.6800537109375,1450.75,0.16975791122173473,0.0,0.5537848605577689,1,0.2543130983847563,26.265321533901275,정상,0.11112751250085892,0.013948252651761481,0.0
2025-02-13,1452.1199951171875,1454.949951171875,1444.6099853515625,1452.1199951171875,0.16791174923590263,0.0,0.5418326693227091,1,0.24954701766048965,25.435349280738826,정상,0.10794333854456309,0.014334159322785362,0.0
2025-02-14,1438.739990234375,1445.010009765625,1434.6500244140625,1438.739990234375,0.1899925272521924,0.0,0.1952191235059761,0,0.14139625129505637,12.790493422245738,정상,0.10471928818063989,0.015310311402901889,0.0
2025-02-17,1432.5999755859375,1444.75,1432.5999755859375,1432.5999755859375,0.18939301687382576,0.0,0.199203187250996,0,0.14250191325137515,12.945249032669432,정상,0.10772083311893907,0.016211037675533623,0.0
2025-02-18,1441.2900390625,1445.8900146484375,1437.510009765625,1441.2900390625,0.3557597096152163,0.0,0.18725099601593626,1,0.20461564223793194,19.394150023921238,정상,0.10575493824134212,0.015095269038057394,0.0
2025-02-19,1440.0799560546875,1443.949951171875,1436.8499755859375,1440.0799560546875,0.3477050291621464,0.0,0.11155378486055777,1,0.1758767703427283,16.030568856759324,정상,0.10519531388034968,0.01547079372172367,0.0
2025-02-20,1439.97998046875,1442.199951171875,1433.300048828125,1439.97998046875,0.34154219959382237,0.0,0.10756972111553785,1,0.17208246720278553,15.551616160366072,정상,0.10204292167010641,0.016891911557425976,0.0
2025-02-21,1431.699951171875,1436.1099853515625,1429.699951171875,1431.699951171875,0.28333207625694934,0.0,0.12350597609561753,0,0.1543147692428508,13.713950530981203,정상,0.09893465150909973,0.01605771857171552,0.0
2025-02-24,1434.2900390625,1434.2900390625,1423.9000244140625,1434.2900390625,0.2602493282650398,0.0,0.13147410358565736,0,0.14782533413427373,13.06565985404457,정상,0.09850682020284017,0.01595653240132471,0.0
2025-02-25,1428.6500244140625,1435.0899658203125,1427.449951171875,1428.6500244140625,0.26528682939094966,0.0,0.13147410358565736,0,0.14982819602770778,13.218465753808323,정상,0.09576415821000893,0.017150275131340847,0.0
2025-02-26,1429.5,1436.3699951171875,1427.8499755859375,1429.5,0.3686983342078497,0.0,0.11553784860557768,0,0.1855675275881351,16.988243943553694,정상,0.09410232137645946,0.01763130455880562,0.0
2025-02-27,1434.4200439453125,1448.5899658203125,1433.530029296875,1434.4200439453125,0.472127366854089,0.0,0.03187250996015936,0,0.19846546247071567,18.65208453615891,정상,0.09126489387663052,0.017364010957507208,0.0
2025-02-28,1449.8599853515625,1463.800048828125,1449.8599853515625,1449.8599853515625,0.595523526431863,0.0,0.01593625498007968,1,0.24215050014088807,24.591636264544988,정상,0.08948754181736793,0.01401482548799247,0.0
2025-03-03,1459.800048828125,1461.52001953125,1454.949951171875,1459.800048828125,0.6244847384681156,0.0,0.043824701195219126,1,0.26307334943269817,27.914094100304727,정상,0.09623248120951838,0.012570977984491612,0.0
2025-03-04,1457.9300537109375,1462.030029296875,1453.199951171875,1457.9300537109375,0.5961209398198619,0.0,0.0398406374501992,1,0.2504521549718195,26.095405421881495,정상,0.0970097594216466,0.013303181686314773,0.0
2025-03-05,1452.8499755859375,1460.0400390625,1441.989990234375,1452.8499755859375,0.7081127058023566,0.0,0.01593625498007968,1,0.28691487266168675,32.05389261104177,정상,0.09418642543460347,0.013590262422659977,0.0
2025-03-06,1443.030029296875,1450.75,1436.5,1443.030029296875,0.7442694503817026,0.0,0.00796812749003984,1,0.29860240279900363,34.153820715741986,정상,0.09232029505675468,0.012386567857201918,0.0
2025-03-07,1446.5,1449.4100341796875,1437.800048828125,1446.5,0.5801111559501272,0.0,0.14741035856573706,1,0.2803753998336727,30.89136319260668,정상,0.09331192183219034,0.019632697751162848,0.0
2025-03-10,1446.260009765625,1457.18994140625,1445.4000244140625,1446.260009765625,0.5266425794371802,0.0,0.17131474103585656,1,0.267180938197963,28.658089343627214,정상,0.0909500221384501,0.019644820128753914,0.0
2025-03-11,1457.030029296875,1459.1800537109375,1450.5699462890625,1457.030029296875,0.6170540652234064,0.0,0.10358565737051793,1,0.28027930793670985,30.74285550983365,정상,0.08818167839414298,0.018218338242883936,0.0
2025-03-12,1451.02001953125,1454.050048828125,1437.6800537109375,1451.02001953125,0.6115041682698653,0.0,0.18326693227091634,1,0.30495315248784594,34.97715806551877,정상,0.09023150732510181,0.017971462466879716,0.0
2025-03-13,1448.75,1457.4200439453125,1447.8499755859375,1448.75,0.5257536723674672,0.0,0.20717131474103587,1,0.27892371085392076,30.436677039582133,정상,0.08894685134710852,0.01807032505008788,0.0
2025-03-14,1453.530029296875,1456.5,1450.9200439453125,1453.22998046875,0.5244674340424242,0.0,0.21912350597609562,1,0.28244437940639366,31.052689919331794,정상,0.08645179650295619,0.017991880290734487,0.0
2025-03-17,1449.050048828125,1450.030029296875,1443.5799560546875,1449.050048828125,0.5123998240749301,0.0,0.18326693227091634,1,0.2655502204585343,28.330223702225783,정상,0.08467358187685961,0.018486114572213636,0.0
2025-03-18,1442.489990234375,1455.1300048828125,1440.6800537109375,1442.489990234375,0.470605603973978,0.0,0.199203187250996,1,0.25430932739962847,26.642950697727365,정상,0.08285462544948434,0.01800428880819266,0.0
2025-03-19,1448.93994140625,1462.050048828125,1448.6199951171875,1448.93994140625,0.4732238407366275,0.0,0.20318725099601595,1,0.25669433460478497,27.099828050594294,정상,0.08224529950340029,0.01749514839468351,0.0
2025-03-20,1443.3900146484375,1470.780029296875,1443.3900146484375,1443.3900146484375,0.6887905738633378,0.0,0.19123505976095617,1,0.3383695254312882,41.38308398810898,주의,0.08160506330614695,0.017277702006933068,0.0
2025-03-21,1465.8199462890625,1469.1700439453125,1459.1600341796875,1465.8199462890625,0.8031384983656326,0.18465125258471218,0.1952191235059761,0,0.43412088507345625,59.88630302300092,주의,0.08051402699724465,0.013102199646615147,0.0
2025-03-24,1464.780029296875,1469.75,1461.800048828125,1464.780029296875,0.799298616568465,0.15117965908547407,0.5179282868525896,0,0.5325879382953287,76.23879842173872,경계,0.09843198130475497,0.014149691684326792,0.0
2025-03-25,1466.27001953125,1470.949951171875,1463.699951171875,1466.27001953125,0.7450845606426793,0.12377543613312275,0.5099601593625498,0,0.501081139256488,71.37043574546189,경계,0.09547323764267368,0.01612809882243774,0.0
2025-03-26,1462.0899658203125,1467.3699951171875,1461.9300537109375,1462.0899658203125,0.7248468941501095,0.10133875603782722,0.46215139442231074,0,0.4709595082362713,66.24463891557535,경계,0.09264912194457486,0.019282212037978655,0.0
2025-03-27,1465.6800537109375,1470.06005859375,1462.4599609375,1465.6800537109375,0.4349909025881525,0.08296915604683616,0.5697211155378487,0,0.38713508980119504,50.464089823449164,주의,0.0905100063601148,0.0345662972628005,1.0
2025-03-28,1461.8900146484375,1469.2099609375,1461.8900146484375,1461.8900146484375,0.17203985477659497,0.06792939961247077,0.6135458167330677,0,0.29338608274250466,32.96857283912247,정상,0.0882693390566279,0.0349190596770639,1.0
2025-03-30,1469.4100341796875,1477.0400390625,1468.0699462890625,1469.4100341796875,0.22938367605024038,0.05561588850085336,0.350597609561753,0,0.22421619186031072,22.458595726279864,정상,0.08617048188684014,0.041487097514397865,1.0
2025-03-31,1471.9599609375,1476.469970703125,1466.699951171875,1471.9599609375,0.24281793159162246,0.04553443827540474,0.33067729083665337,0,0.22016522322902093,22.086649787382363,정상,0.08589455643441675,0.04145167108440675,1.0
2025-04-01,1469.969970703125,1472.4000244140625,1460.2900390625,1469.969970703125,0.27522980721263546,0.037280444940205,0.33067729083665337,0,0.23086406710997318,23.682458733675087,정상,0.08355031966301431,0.04177231655961773,1.0
2025-04-02,1466.0400390625,1470.199951171875,1448.75,1466.0400390625,0.43996656669597844,0.030522646760976282,0.2948207171314741,0,0.2824743977034945,31.86486001616789,정상,0.08117566820936065,0.042647588750307774,1.0
2025-04-03,1450.6800537109375,1461.6300048828125,1430.300048828125,1450.6800537109375,0.6708054454615331,0.024989829568547332,0.23904382470119523,1,0.3539708800285795,45.24646383377175,주의,0.07938815605534098,0.04165566583869013,1.0
2025-04-06,1458.52001953125,1470.6700439453125,1453.8199462890625,1458.52001953125,0.6929527816066069,0.02045994198194718,0.398406374501992,1,0.41533661449007997,57.438673742050725,주의,0.08718735600638425,0.04164639672706913,1.0
2025-04-07,1469.949951171875,1482.25,1465.9000244140625,1469.949951171875,0.7576042528237641,0.016751183706811428,0.46613545816733065,0,0.4629067375110762,66.4035371753175,경계,0.08709058518564747,0.04095424950962053,1.0
2025-04-08,1486.1300048828125,1486.9000244140625,1470.3900146484375,1486.1300048828125,0.8124400617206904,0.013714709251225343,0.44621513944223107,0,0.47718397041797844,68.92900680038156,경계,0.08972752104221132,0.03954492427310869,1.0
2025-04-09,1443.949951171875,1465.2900390625,1443.949951171875,1443.949951171875,0.9012831821417439,0.19587990681821346,0.6454183266932271,1,0.6279929651576939,87.87371361620133,심각,0.09685000727813049,0.027580540590080298,1.0
2025-04-10,1452.0400390625,1455.9000244140625,1417.4300537109375,1452.0400390625,0.8874142487973316,0.16037290362212084,0.8804780876494024,1,0.692364584869661,92.06452543461194,심각,0.1461239481462181,0.027028349641211476,1.0
2025-04-13,1419.050048828125,1431.5899658203125,1414.719970703125,1419.050048828125,0.8908091781495923,0.1313022281558416,0.8725099601593626,0,0.6833208528051471,91.25558687210767,심각,0.1433284995575464,0.014601662744141994,0.0
2025-04-14,1419.4200439453125,1431.1800537109375,1419.18994140625,1419.4200439453125,0.868613312054826,0.10750117213884916,0.8804780876494024,0,0.6708753197475568,90.20742121868207,심각,0.16521597334101468,0.015494774280221222,0.0
2025-04-15,1427.02001953125,1430.6099853515625,1413.6199951171875,1427.02001953125,0.8340228615169987,0.08801451562200575,0.8844621513944223,0,0.6533013736480591,88.69903046576243,심각,0.16018603685184638,0.016571677429066428,0.0
2025-04-16,1414.22998046875,1422.469970703125,1413.8299560546875,1414.22998046875,0.688276853612663,0.07206019065699858,0.9163346613545816,0,0.6018774805012064,83.96002218674212,심각,0.1566880599789562,0.029090863480474044,1.0
2025-04-21,1421.6400146484375,1427.0400390625,1417.9599609375,1421.6400146484375,0.5371650980139981,0.05561588850085336,0.952191235059761,0,0.5495343658211328,77.76687885262638,경계,0.15589631679448995,0.03364419547969145,1.0
2025-04-22,1429.219970703125,1431.0,1414.8599853515625,1429.219970703125,0.28660548230165755,0.04553443827540474,0.9721115537848606,0,0.45396219354204453,62.96562419811761,경계,0.1525069728034755,0.033222566274731205,1.0
2025-04-23,1426.449951171875,1439.7099609375,1425.8499755859375,1426.449951171875,0.297318937592871,0.037280444940205,0.9721115537848606,0,0.4560339546412692,63.33085495638571,경계,0.14929980754783345,0.03693209674028315,1.0
2025-04-24,1430.06005859375,1443.510009765625,1429.8499755859375,1430.06005859375,0.27998185489688204,0.030522646760976282,0.9561752988047809,0,0.44197358803460784,60.918312270162446,경계,0.14494796673011523,0.03714200492917095,1.0
2025-04-27,1437.3599853515625,1446.0400390625,1434.3199462890625,1437.3599853515625,0.21895152374667226,0.024989829568547332,0.9760956175298805,0,0.4229620942769262,57.554790391738685,주의,0.14087554484710346,0.037310457558398236,1.0
2025-04-28,1435.8800048828125,1441.22998046875,1431.25,1435.8800048828125,0.22601490264400123,0.02045994198194718,0.9601593625498008,0,0.4191936465331241,56.996209753820374,주의,0.138011404270103,0.04014051882505554,1.0
2025-04-29,1431.1600341796875,1433.199951171875,1409.780029296875,1431.1600341796875,0.2730532116833568,0.016751183706811428,0.9163346613545816,0,0.42212834391601095,57.62508677942052,주의,0.1338669687977088,0.04000525763365758,1.0
2025-04-30,1423.75,1437.8199462890625,1408.3199462890625,1423.75,0.32804643036854403,0.013714709251225343,0.8645418326693227,0,0.42571598940277044,58.365538240480085,주의,0.13041878808924398,0.040139682343157145,1.0
2025-05-01,1435.0999755859375,1437.699951171875,1388.1199951171875,1435.0999755859375,0.5888312691280192,0.011228654233501289,0.8207171314741036,0,0.5139583368148983,73.15098863491538,경계,0.1280467178771198,0.040027621154544814,1.0
2025-05-04,1398.9000244140625,1399.0,1357.2099609375,1398.9000244140625,0.7595917078557919,0.19384449712135896,0.796812749003984,1,0.6221911116629226,85.88348201964502,심각,0.12792767801055033,0.03082411987954783,1.0
2025-05-05,1374.3699951171875,1389.6700439453125,1374.3699951171875,1374.3699951171875,0.7772992576738174,0.15870645110819293,0.848605577689243,0,0.6373900434086147,86.97793280765605,심각,0.15891069917234438,0.026161720928909695,1.0
2025-05-06,1374.77001953125,1401.9000244140625,1374.77001953125,1374.77001953125,0.7872217267525764,0.1299378522341447,0.8366533864541833,0,0.6296776452132932,86.06144835782263,심각,0.168728984615768,0.026332215324188342,1.0
2025-05-07,1397.2900390625,1404.18994140625,1391.8399658203125,1397.2900390625,0.8194681568989142,0.10638411561299681,0.8127490039840638,1,0.6281912269000468,85.68607622245473,심각,0.16359273384951276,0.024808727013412475,1.0
2025-05-08,1403.8499755859375,1414.719970703125,1397.4100341796875,1403.8499755859375,0.7111784162666899,0.08709994709136397,0.848605577689243,1,0.5921209969651757,81.86859080731132,심각,0.17072954018315412,0.024960312912401403,1.0
2025-05-11,1395.1700439453125,1424.02001953125,1376.25,1395.1700439453125,0.5663579585065146,0.06792939961247077,0.8764940239043825,1,0.5388685794158078,75.13916965386761,경계,0.16652735348027473,0.0270351318744637,1.0
2025-05-12,1416.030029296875,1428.199951171875,1407.4300537109375,1416.030029296875,0.4953597419472687,0.05561588850085336,0.38247011952191234,0,0.3407178840709902,41.21534555596037,주의,0.16324549706486707,0.022731668095716997,0.0
2025-05-13,1416.0,1421.5400390625,1387.0,1416.0,0.5240698283347688,0.04553443827540474,0.5418326693227091,0,0.4032214062426763,52.64997885031746,주의,0.16846471828887144,0.023250708616574238,0.0
2025-05-14,1407.3299560546875,1410.800048828125,1389.280029296875,1407.3299560546875,0.5251211917180544,0.037280444940205,0.26294820717131473,1,0.3073701074238207,35.395811037111905,정상,0.1633326251231534,0.022441862316466724,0.0
2025-05-15,1397.02001953125,1401.800048828125,1387.4100341796875,1397.02001953125,0.5323518022164344,0.030522646760976282,0.2788844621513944,1,0.3138297908689501,36.41548733553307,정상,0.16014753714255334,0.021330225161292432,0.0
2025-05-18,1398.1300048828125,1401.02001953125,1386.4100341796875,1398.1300048828125,0.39603414830762446,0.024989829568547332,0.3107569721115538,1,0.26891684775642355,29.06510627453614,정상,0.1578792370969196,0.02291618197966406,0.0
2025-05-19,1388.550048828125,1396.43994140625,1388.550048828125,1388.550048828125,0.2827579810931285,0.02045994198194718,0.3107569721115538,0,0.2226786423951757,22.53303903154804,정상,0.1531007505842182,0.022277952071730858,0.0
2025-05-20,1392.72998046875,1392.72998046875,1367.2099609375,1392.72998046875,0.26128787226079114,0.016751183706811428,0.3187250996015936,1,0.21584733271085038,21.698663899860374,정상,0.15082513797000197,0.022106755011852438,0.0
2025-05-21,1373.8599853515625,1385.780029296875,1373.199951171875,1373.8599853515625,0.26356681282323385,0.013714709251225343,0.3107569721115538,0,0.21326052585321903,21.386002700546214,정상,0.14669673569066402,0.0212154712487932,0.0
2025-05-22,1381.3399658203125,1382.449951171875,1363.31005859375,1381.3399658203125,0.3117147548848649,0.011228654233501289,0.40239043824701193,0,0.26265722379823975,28.15707364388387,정상,0.15179738360825107,0.02106686563280042,0.0
2025-05-25,1364.72998046875,1370.43994140625,1360.02001953125,1364.72998046875,0.31873907460103384,0.009193244536646779,0.4302788844621514,0,0.2743186699588022,29.910563234501016,정상,0.1486797452028949,0.017582904046995727,0.0
2025-05-26,1368.0999755859375,1376.010009765625,1364.1800537109375,1368.0999755859375,0.33148066003687926,0.00752679202271886,0.5378486055776892,0,0.31523147183002564,36.58947837459178,정상,0.15163147369779673,0.0178485873142968,0.0
2025-05-27,1374.800048828125,1377.7900390625,1368.3299560546875,1374.800048828125,0.26896716397883624,0.006162416101021958,0.5617529880478087,0,0.2980791955525629,33.76019286633995,정상,0.14732463287368658,0.01868655237125289,0.0
2025-05-28,1373.5999755859375,1385.22998046875,1368.6700439453125,1373.5999755859375,0.2226043108730998,0.00504535957516959,0.5936254980079682,0,0.2901018567914353,32.52279118435792,정상,0.14409422667699534,0.01871318607497009,0.0
2025-05-29,1370.4100341796875,1382.3299560546875,1368.010009765625,1370.4100341796875,0.21056552014304458,0.004130791044527803,0.5298804780876494,0,0.26356858980908754,28.478530579581694,정상,0.13974579923836053,0.021952632378176243,0.0
2025-06-01,1381.989990234375,1381.989990234375,1370.6700439453125,1381.989990234375,0.21976915955036844,0.0,0.44621513944223107,0,0.23790850806680275,24.922864170675332,정상,0.1357898735166884,0.023216028864925194,0.0
2025-06-02,1376.0699462890625,1380.1800537109375,1372.8199462890625,1376.0699462890625,0.24918360164037945,0.0,0.16334661354581673,0,0.15417787992066734,15.425740085666838,정상,0.13565805546136006,0.02344737411216104,0.0
2025-06-03,1377.719970703125,1377.719970703125,1361.489990234375,1377.719970703125,0.30268343703562633,0.0,0.11155378486055777,0,0.15797661925628054,16.01930060611417,정상,0.13258042579833298,0.028700660755505536,1.0
2025-06-04,1361.0899658203125,1363.1099853515625,1350.5400390625,1361.0899658203125,0.3905475599413604,0.0,0.09561752988047809,0,0.18753446162311183,19.337014696858184,정상,0.12862592548049942,0.02695337029623455,1.0
2025-06-05,1354.550048828125,1361.18994140625,1352.449951171875,1354.550048828125,0.3792744473024262,0.0,0.10358565737051793,1,0.18574042370306706,19.33261573903893,정상,0.1333485691217458,0.026690448446730346,1.0
2025-06-08,1359.18994140625,1363.760009765625,1350.550048828125,1359.18994140625,0.3530191720848585,0.0,0.12749003984063745,1,0.18336570836552024,19.252433836333356,정상,0.13063572726945388,0.02676357242108625,1.0
2025-06-09,1353.8499755859375,1367.8900146484375,1351.699951171875,1353.8499755859375,0.4408069416812685,0.0,0.08366533864541832,1,0.20348504286209124,21.776007700068142,정상,0.12735209309052148,0.027040583643624657,1.0
2025-06-10,1363.8800048828125,1375.280029296875,1362.0899658203125,1363.8800048828125,0.5062220063710908,0.0,0.035856573705179286,0,0.21336518402398816,23.136037743354755,정상,0.12441762368969914,0.026698760817016897,1.0
2025-06-11,1365.68994140625,1370.300048828125,1349.0899658203125,1365.68994140625,0.4580199534757119,0.0,0.07569721115537849,0,0.20764072743432638,22.533864258571455,정상,0.12399489228768368,0.026773393277367975,1.0
2025-06-12,1349.7900390625,1373.0,1349.7900390625,1349.7900390625,0.6371971947142734,0.0,0.0199203187250996,1,0.2600635704804074,29.788699432105144,정상,0.12032805683618869,0.02428181224750564,0.0
2025-06-15,1365.1400146484375,1368.1800537109375,1351.72998046875,1365.1400146484375,0.6882396541940895,0.0,0.11952191235059761,0,0.31395809800267094,38.444687119800584,정상,0.12523447860914697,0.022919873599976347,0.0
2025-06-16,1357.780029296875,1371.9200439453125,1355.4200439453125,1357.780029296875,0.6874277130622222,0.0,0.24701195219123506,1,0.3566439661735893,45.86916830873397,주의,0.12913575272422,0.02489838181746772,1.0
2025-06-17,1380.5,1380.5,1368.3399658203125,1380.5,0.758615858538428,0.0,0.22709163346613545,0,0.37822757914240857,49.69948306710325,주의,0.12695413990104443,0.019288421293534034,0.0
2025-06-18,1370.75,1385.6400146484375,1370.75,1370.75,0.7857492821741031,0.0,0.35856573705179284,0,0.4333682764963326,59.38535120154425,주의,0.13897527993705627,0.01794969758384928,0.0
2025-06-19,1374.8900146484375,1375.6099853515625,1364.050048828125,1374.8900146484375,0.6466667877373324,0.0,0.33067729083665337,0,0.3686622667320273,47.963571173634705,주의,0.13753125105940736,0.017779225811661747,0.0
2025-06-22,1369.469970703125,1390.3199462890625,1369.469970703125,1369.469970703125,0.6635510213304323,0.0,0.3187250996015936,0,0.3713432107560107,48.46583214620669,주의,0.13385612666620383,0.01773607497911722,0.0
2025-06-23,1361.93994140625,1368.739990234375,1354.3900146484375,1361.93994140625,0.6370084739358176,0.0,0.2908366533864542,0,0.3513819992132855,44.97024796938065,주의,0.13068404442091022,0.01915233613310423,0.0
2025-06-24,1353.780029296875,1366.75,1353.780029296875,1353.780029296875,0.4270241119922008,0.0,0.32270916334661354,1,0.2786464128849133,32.77963736970381,정상,0.1285039958659025,0.01845801265324101,0.0
2025-06-25,1357.030029296875,1379.489990234375,1351.0,1357.030029296875,0.4975487130259593,0.0,0.3346613545816733,1,0.3107183790137772,38.035170280203396,정상,0.12676162246793485,0.01840715441015519,0.0
2025-06-26,1352.760009765625,1361.8800048828125,1352.760009765625,1352.760009765625,0.47078532070009255,0.0,0.350597609561753,1,0.3054535982027968,37.15655045825044,정상,0.1232531160235771,0.01813724924190869,0.0
2025-06-29,1363.5899658203125,1363.5899658203125,1346.4000244140625,1363.5899658203125,0.4944568188125283,0.0,0.3665338645418327,0,0.32024124371065965,39.658840492668205,정상,0.12012504698850462,0.016779204786329986,0.0
2025-06-30,1348.5,1358.989990234375,1348.0699462890625,1348.5,0.5268150025594132,0.0,0.3545816733067729,1,0.3290744811692804,41.08146537159713,주의,0.12052224888982896,0.01286274593801814,0.0
2025-07-01,1355.5899658203125,1363.6500244140625,1353.8299560546875,1355.5899658203125,0.5167138680397136,0.0,0.4063745019920319,1,0.3425306470010535,43.34715297777743,주의,0.1246051143403582,0.012175384229078504,0.0
2025-07-02,1354.75,1369.1700439453125,1353.6600341796875,1354.75,0.4449987242202465,0.0,0.46613545816733065,1,0.3341777196138963,41.87495379609169,주의,0.12251785502092463,0.012209618887881982,0.0
2025-07-03,1357.0999755859375,1366.97998046875,1357.0999755859375,1357.0999755859375,0.44352602657862017,0.0,0.35856573705179284,1,0.29730360860897187,35.632835543999,정상,0.11880991593884144,0.013003295465563877,0.0
2025-07-06,1362.199951171875,1371.050048828125,1360.75,1362.199951171875,0.3515120387715461,0.0,0.36254980079681276,0,0.26206375544303345,30.208742785837284,정상,0.11538745252830299,0.012471696852799653,0.0
2025-07-07,1374.6400146484375,1374.6400146484375,1364.47998046875,1374.6400146484375,0.2633682950297222,0.0,0.38247011952191234,0,0.23373876003125754,26.254253081497108,정상,0.1128190644530964,0.01061808403156842,0.0
2025-07-08,1370.300048828125,1377.8499755859375,1369.800048828125,1370.300048828125,0.29154735902329554,0.0,0.4342629482071713,0,0.26241476382613915,30.53744598455712,정상,0.11495230781197235,0.01024338818215038,0.0
2025-07-09,1373.0,1375.0400390625,1368.5999755859375,1373.0,0.23847419443663329,0.0,0.41434262948207173,0,0.2345932776133362,26.635980970864324,정상,0.11212662399232962,0.01097394893804947,0.0
2025-07-10,1372.6400146484375,1377.2900390625,1369.97998046875,1372.6400146484375,0.2490061348127113,0.0,0.42231075697211157,0,0.24146871860287467,27.710324930013247,정상,0.10897990999247774,0.011042119220728994,0.0
2025-07-13,1378.1700439453125,1382.8900146484375,1375.1500244140625,1378.1700439453125,0.24605435306743514,0.0,0.30278884462151395,0,0.19997447350153916,22.31418146563972,정상,0.10566486266511771,0.01292347173172895,0.0
2025-07-14,1382.010009765625,1387.77001953125,1376.31005859375,1382.010009765625,0.1827593356047364,0.0,0.250996015936255,0,0.1573367050743547,17.66329124962562,정상,0.10363196883485232,0.013232135464761782,0.0
2025-07-15,1386.449951171875,1394.2099609375,1382.4300537109375,1386.449951171875,0.18359930420130344,0.0,0.24302788844621515,0,0.15498262548357877,17.576524155607576,정상,0.10105575429986496,0.012844053004849513,0.0
2025-07-16,1384.9200439453125,1396.22998046875,1384.9200439453125,1384.9200439453125,0.2526103784314816,0.0,0.1752988047808765,0,0.15957239785666788,18.18687426861515,정상,0.09876784339799732,0.013064346334683558,0.0
2025-07-17,1391.5799560546875,1394.3199462890625,1385.5,1391.5799560546875,0.2628009475576469,0.0,0.16334661354581673,1,0.15959200540584595,18.325725848272896,정상,0.09585516601581609,0.012173290836155619,0.0
2025-07-20,1390.5699462890625,1392.719970703125,1380.3499755859375,1390.5699462890625,0.33223094593535074,0.0,0.1553784860557769,1,0.18450866054732926,21.149835253887417,정상,0.09478871623519174,0.012189183743997717,0.0
2025-07-21,1381.8199462890625,1388.969970703125,1379.8900146484375,1381.8199462890625,0.39597134829245906,0.0,0.12749003984063745,0,0.2004430796287831,23.091041832922766,정상,0.09194442605196398,0.011459076611656757,0.0
2025-07-22,1379.780029296875,1381.3800048828125,1373.3900146484375,1379.780029296875,0.38130307667281216,0.0,0.1952191235059761,0,0.21745948178759195,25.313980609554854,정상,0.0924608156388842,0.011566672035222172,0.0
2025-07-23,1373.719970703125,1373.9100341796875,1363.97998046875,1373.719970703125,0.42083087187545454,0.0,0.16733067729083664,0,0.22376720163895694,26.28267667747504,정상,0.08982795997446119,0.010812546327415348,0.0
2025-07-24,1372.0,1383.449951171875,1370.0799560546875,1372.0,0.3948919566254324,0.0,0.20717131474103587,0,0.2268943539926298,26.852593280421726,정상,0.08875737032067346,0.010747882600525921,0.0
2025-07-27,1382.780029296875,1388.530029296875,1377.0,1382.780029296875,0.5565661434702912,0.0,0.18326693227091634,0,0.2831103233506659,35.30714332021861,정상,0.0861912462544391,0.007645920504975142,0.0
2025-07-28,1388.2900390625,1394.7099609375,1385.7900390625,1388.2900390625,0.5833968230654889,0.0,0.21912350597609562,0,0.3058741364878531,39.15886656213124,정상,0.08893450976655608,0.006684130145818062,0.0
2025-07-29,1388.8599853515625,1392.22998046875,1376.7099609375,1388.8599853515625,0.6334536387334434,0.0,0.10756972111553785,0,0.28814364180046614,36.37969548415492,정상,0.08760085570936352,0.008237899062592638,0.0
2025-07-30,1392.52001953125,1397.22998046875,1385.3800048828125,1392.52001953125,0.5788009233538794,0.0,0.08764940239043825,1,0.2596941414169915,32.00445552832062,정상,0.08494717553218104,0.008406983446260025,0.0
2025-07-31,1391.510009765625,1406.0,1383.0899658203125,1391.510009765625,0.6255093863789251,0.0,0.1394422310756972,1,0.29573725567016923,37.94858892374709,정상,0.08299270483581232,0.01064568306858743,0.0
2025-08-03,1390.1800537109375,1390.1800537109375,1379.050048828125,1390.1800537109375,0.6112715921714661,0.0,0.20318725099601595,1,0.3115807899945401,40.75136133274639,주의,0.08051386061113437,0.010602947128107531,0.0
2025-08-04,1383.5899658203125,1391.6199951171875,1381.27001953125,1383.5899658203125,0.6624590218635215,0.0,0.1752988047808765,0,0.3225242681368765,42.752287234549705,주의,0.07814958711878237,0.00950990334243776,0.0
2025-08-05,1386.5799560546875,1391.22998046875,1383.9300537109375,1386.5799560546875,0.6069074927301821,0.0,0.13147410358565736,0,0.28565327904210136,36.5857464920127,정상,0.07798916424354722,0.009795307184228415,0.0
2025-08-06,1384.3900146484375,1387.8800048828125,1377.2099609375,1384.3900146484375,0.5752045530718991,0.0,0.20318725099601595,0,0.29724088288266404,38.66495378818578,정상,0.07607779267844661,0.010460057459276818,0.0
2025-08-07,1384.969970703125,1391.43994140625,1378.3499755859375,1384.969970703125,0.43341771269845725,0.0,0.26294820717131473,0,0.26102812433549283,32.843709062288234,정상,0.07401578531346222,0.010628541521051126,0.0
2025-08-10,1387.81005859375,1392.9300537109375,1384.780029296875,1387.81005859375,0.38227069012795195,0.0,0.27091633466135456,0,0.2433806041534981,30.246455157577053,정상,0.07177944491441346,0.01591238194950007,0.0
2025-08-11,1389.7900390625,1392.4599609375,1382.550048828125,1389.7900390625,0.3224993982015635,0.0,0.28286852589641437,1,0.2236481791054361,27.456611983885264,정상,0.07004715066202517,0.016459816774376492,0.0
2025-08-12,1383.0899658203125,1386.3599853515625,1373.75,1383.0899658203125,0.4225410463337195,0.0,0.2749003984063745,0,0.26073573113724374,33.26263977600094,정상,0.0681391177164522,0.016123627309869198,0.0
2025-08-13,1378.780029296875,1391.280029296875,1377.5799560546875,1378.780029296875,0.497303204086021,0.0,0.3386454183266932,0,0.311964788529953,42.147779748999056,주의,0.06868386513684797,0.015842101834382148,0.0
2025-08-14,1387.8699951171875,1391.489990234375,1385.7099609375,1387.8699951171875,0.5332383463323476,0.0,0.38247011952191234,0,0.3410364912720604,47.572157778429705,주의,0.06768830242751496,0.015616213459239955,0.0
2025-08-17,1387.97998046875,1388.0999755859375,1381.72998046875,1387.97998046875,0.5419644968035349,0.0,0.4302788844621514,0,0.3606341826440589,51.33434579216044,주의,0.07042499762113512,0.015939458606798688,0.0
2025-08-18,1386.9100341796875,1392.2099609375,1386.8499755859375,1386.9100341796875,0.535984698354773,0.0,0.43824701195219123,0,0.3609447154261309,51.50557397858577,주의,0.06828026377617681,0.016191380574734213,0.0
2025-08-19,1391.3399658203125,1399.760009765625,1391.3399658203125,1391.3399658203125,0.4669874649198198,0.0,0.4103585657370518,1,0.32410392991556025,44.81099091734238,주의,0.06626805041808857,0.015917247133104134,0.0
2025-08-20,1396.9100341796875,1403.760009765625,1395.800048828125,1396.9100341796875,0.3375334505133591,0.0,0.4701195219123506,1,0.292794584102249,39.271880569211184,정상,0.06543496398820003,0.0158110043598307,0.0
2025-08-21,1399.6099853515625,1400.510009765625,1379.3599853515625,1399.6099853515625,0.5587501786235473,0.0,0.44223107569721115,1,0.37134007245902373,53.846046902880396,주의,0.06531610344974595,0.01578961599588099,0.0
2025-08-24,1382.8900146484375,1388.9000244140625,1382.8599853515625,1382.8900146484375,0.7342469301467103,0.0,0.4063745019920319,0,0.4290196957905823,64.25646277096449,경계,0.06376987498961377,0.011274830795694609,0.0
2025-08-25,1389.050048828125,1398.2900390625,1386.25,1389.050048828125,0.7674630943320669,0.0,0.5537848605577689,0,0.4919549181756113,74.12551104140437,경계,0.07750130123013414,0.010362940973435474,0.0
2025-08-26,1393.949951171875,1398.93994140625,1392.9100341796875,1393.949951171875,0.768276625108268,0.0,0.5697211155378487,1,0.49765445618834464,74.79612233515732,경계,0.07710219498460534,0.00980860232882433,0.0
2025-08-27,1392.75,1392.75,1383.550048828125,1392.75,0.7642896464599463,0.0,0.5896414342629482,1,0.5027893794282021,75.36341182675407,경계,0.07599701459502689,0.009770789017338192,0.0
2025-08-28,1384.4100341796875,1393.2099609375,1383.300048828125,1384.4100341796875,0.6556330202655225,0.0,0.601593625498008,0,0.463620616659114,69.4615630109047,경계,0.07375789722059976,0.007882849361518077,0.0
2025-08-31,1388.8399658203125,1394.0899658203125,1387.699951171875,1388.8399658203125,0.47009026813544413,0.0,0.7250996015936255,0,0.431515273410737,64.11210939556649,경계,0.07522796285814601,0.00781291230507845,0.0
2025-09-01,1392.93994140625,1398.199951171875,1388.5699462890625,1392.93994140625,0.42570036262331795,0.0,0.7330677290836654,1,0.41655431784231467,61.436221526580326,경계,0.0739865788848716,0.00956417556401767,0.0
2025-09-02,1394.5699462890625,1395.52001953125,1386.8900146484375,1394.5699462890625,0.4275819990399522,0.0,0.6852589641434262,1,0.40117418029318497,58.62956241365519,주의,0.07264263949783097,0.010889118724026127,0.0
2025-09-03,1389.6300048828125,1395.5,1387.489990234375,1389.6300048828125,0.41420411067235335,0.0,0.6733067729083665,1,0.39182319630869783,56.84214853405503,주의,0.07057631465291177,0.010322840289348162,0.0
2025-09-04,1392.06005859375,1393.1700439453125,1382.4300537109375,1392.06005859375,0.34188704209695997,0.0,0.7211155378486056,1,0.3791988849272365,54.43661837512022,주의,0.06980365447381132,0.011725501407745469,0.0
2025-09-07,1385.510009765625,1393.3699951171875,1384.699951171875,1385.510009765625,0.39513281844583314,0.0,0.701195219123506,0,0.39364878486952604,56.99225900026107,주의,0.06801729901975995,0.012714478220116808,0.0
2025-09-08,1385.719970703125,1389.6500244140625,1382.9100341796875,1385.719970703125,0.3556255205313103,0.0,0.7529880478087649,0,0.39541334356841756,57.200363829422265,주의,0.06844784192715395,0.013629091617319108,0.0
2025-09-09,1387.25,1389.52001953125,1385.02001953125,1387.25,0.3320093409671111,0.0,0.7370517928286853,0,0.3806476921821428,54.35983068374084,주의,0.06636526057950554,0.013699036579524596,0.0
2025-09-10,1387.199951171875,1393.1300048828125,1386.030029296875,1387.199951171875,0.33060509022227963,0.0,0.6573705179282868,0,0.35320894553406335,49.14855262868034,주의,0.06448643108245791,0.01609140924333913,0.0
2025-09-11,1389.5,1395.1400146484375,1385.6600341796875,1389.5,0.29437998437597995,0.0,0.6095617529880478,0,0.3226779345550925,43.40528491986868,주의,0.06252207199914768,0.016438749287141986,0.0
2025-09-14,1393.699951171875,1393.699951171875,1384.18994140625,1393.699951171875,0.26517988325821934,0.0,0.5617529880478087,1,0.2949399977452998,38.32835859113889,정상,0.06095873206866155,0.01616001029771957,0.0
2025-09-15,1385.010009765625,1386.47998046875,1377.739990234375,1385.010009765625,0.38940486070469277,0.0,0.549800796812749,0,0.34029858691580517,46.49330666753718,주의,0.060255570540442345,0.01632968496294652,0.0
2025-09-16,1377.6400146484375,1381.8499755859375,1374.469970703125,1377.6400146484375,0.4454329414685248,0.0,0.6135458167330677,0,0.38407915586731584,54.619643784106046,주의,0.06328032442526041,0.01567238399908191,0.0
2025-09-17,1378.68994140625,1390.56005859375,1378.68994140625,1378.68994140625,0.5230940741732306,0.0,0.6653386454183267,0,0.4324287532461416,63.32295544421458,경계,0.06476541911201278,0.015682558668494457,0.0
2025-09-18,1386.75,1399.3399658203125,1386.75,1386.75,0.6926576306539401,0.0,0.545816733067729,0,0.4595249438250173,67.87098138467158,경계,0.06286224106814234,0.01480982164832741,0.0
2025-09-21,1396.22998046875,1397.8299560546875,1389.43994140625,1396.22998046875,0.7674466364904224,0.0,0.6454183266932271,1,0.5228608692963168,77.35538152486991,경계,0.06502556348275997,0.013153304710740067,0.0
2025-09-22,1389.3900146484375,1395.1300048828125,1389.3900146484375,1389.3900146484375,0.743469745027717,0.0,0.44223107569721115,0,0.44478279163176593,65.56076308008781,경계,0.06838434626690974,0.012506319925231197,0.0
2025-09-23,1391.8499755859375,1404.8199462890625,1391.8499755859375,1391.8499755859375,0.7285022066448572,0.0,0.46613545816733065,1,0.4468959716622355,66.04550863613639,경계,0.0689962671964344,0.012810923755884827,0.0
2025-09-24,1403.6500244140625,1410.8800048828125,1398.1300048828125,1403.6500244140625,0.7050921533255653,0.0,0.46613545816733065,1,0.43758836010155316,64.5477424602987,경계,0.06724708167414191,0.011147103717858835,0.0
2025-09-25,1408.9200439453125,1413.739990234375,1406.949951171875,1408.9200439453125,0.645433918418632,0.0,0.5896414342629482,1,0.45553348755635426,67.6001001655996,경계,0.07299629840091963,0.010522299659119046,0.0
2025-09-28,1408.7099609375,1409.0,1397.72998046875,1408.7099609375,0.6523795960786336,0.0,0.5219123505976095,1,0.4354466564738311,64.17903198280813,경계,0.07225711997121272,0.011770090984967323,0.0
2025-09-29,1399.3299560546875,1405.3699951171875,1398.3900146484375,1399.3299560546875,0.6770143620488497,0.0,0.4940239043824701,1,0.435833051449653,64.29265701502976,경계,0.07005827663466793,0.00990963801167272,0.0
2025-09-30,1403.1500244140625,1409.2099609375,1400.199951171875,1403.1500244140625,0.6058292880998408,0.0,0.6135458167330677,1,0.4478511972990439,66.39165141304623,경계,0.07272230604484368,0.009813630804601684,0.0
2025-10-01,1401.8199462890625,1408.06005859375,1398.1099853515625,1401.8199462890625,0.4707191250362585,0.0,0.6852589641434262,1,0.4183250858097887,61.21565699224697,경계,0.07129934592359577,0.011763651852536963,0.0
2025-10-02,1405.6300048828125,1412.2099609375,1403.7099609375,1405.6300048828125,0.4762185428640173,0.0,0.6215139442231076,1,0.3990072572621637,57.64570777065335,주의,0.06922557339081405,0.011853908277692572,0.0
2025-10-05,1406.06005859375,1414.8699951171875,1406.06005859375,1406.06005859375,0.44947373650649713,0.0,0.6653386454183267,1,0.40315801658346445,58.40961993370526,주의,0.0679414497148001,0.012184490956603351,0.0
2025-10-06,1409.9200439453125,1413.52001953125,1407.1099853515625,1409.9200439453125,0.31344131080238047,0.0,0.5976095617529881,1,0.32622446970556895,43.84934657516178,주의,0.06588241831282926,0.011872070739901026,0.0
2025-10-07,1414.5699462890625,1427.6099853515625,1414.5699462890625,1414.5699462890625,0.40009729621310103,0.0,0.6095617529880478,0,0.36471011877949,51.14106524422335,주의,0.06475879626894747,0.01377218861694882,0.0
2025-10-08,1422.52001953125,1423.8199462890625,1415.1199951171875,1422.52001953125,0.39411224926249155,0.0,0.6733067729083665,0,0.3838348658686323,54.74036172080997,주의,0.06407803946011478,0.012582541479766101,0.0
2025-10-09,1421.510009765625,1429.8699951171875,1417.81005859375,1421.510009765625,0.4383218748345695,0.0,0.7768924302788844,0,0.43635674599216334,64.28894651803117,경계,0.06583725468516932,0.013123435425640172,0.0
2025-10-12,1429.030029296875,1431.9300537109375,1423.8900146484375,1429.030029296875,0.4087109167258974,0.0,0.7729083665338645,0,0.42323969295063635,61.87668090512995,경계,0.06389130751421213,0.012041800091183028,0.0
2025-10-13,1426.0699462890625,1435.1700439453125,1424.5400390625,1426.0699462890625,0.5189505879539001,0.0,0.7808764940239044,0,0.4697579666885304,69.70962258938837,경계,0.06525405100354786,0.012578269194653666,0.0
2025-10-14,1429.4300537109375,1429.4300537109375,1418.3499755859375,1429.4300537109375,0.4847396264589986,0.0,0.6414342629482072,0,0.4091152654903223,59.11036800937461,주의,0.06377785872040305,0.012842351447983982,0.0
2025-10-15,1420.0899658203125,1420.989990234375,1413.4200439453125,1420.0899658203125,0.5334456053364329,0.0,0.5298804780876494,0,0.3908476911151382,55.63243912842134,주의,0.06250841894664061,0.011128441401691525,0.0
2025-10-16,1415.719970703125,1425.4200439453125,1415.719970703125,1415.719970703125,0.5666453073800878,0.0,0.7290836653386454,0,0.47124864786777065,69.72478565811745,경계,0.06574689990774665,0.01069315043448671,0.0
2025-10-19,1419.739990234375,1423.780029296875,1416.260009765625,1419.739990234375,0.5290967742626,0.0,0.5816733067729084,0,0.40659091735309927,58.319952463157186,주의,0.06486075300194273,0.010544460085254786,0.0
2025-10-20,1419.739990234375,1432.3399658203125,1418.1500244140625,1419.739990234375,0.5759483209119761,0.0,0.4860557768924303,0,0.392962124615461,55.65839335062942,주의,0.06384411413421752,0.010619520925576708,0.0
2025-10-21,1430.739990234375,1432.6400146484375,1427.18994140625,1430.739990234375,0.6255311723065333,0.0,0.4302788844621514,0,0.3938594873621185,55.72477410777672,주의,0.06189916522060707,0.010503293195796976,0.0
2025-10-22,1430.4000244140625,1441.31005859375,1430.4000244140625,1430.4000244140625,0.5895170076013466,0.0,0.5896414342629482,0,0.43330146277357817,62.89184007764255,경계,0.06709907445561689,0.010500717207354985,0.0
2025-10-23,1435.8399658203125,1439.3699951171875,1432.9200439453125,1435.8399658203125,0.4787053620110108,0.0,0.4541832669322709,0,0.34354708940321615,45.901859636939655,주의,0.06506152887426134,0.011304788037441017,0.0
2025-10-27,1436.969970703125,1436.969970703125,1429.050048828125,1436.969970703125,0.5272193467334948,0.0,0.4581673306772908,0,0.36417980362854785,49.769855300168416,주의,0.06478334445550743,0.012035533770735516,0.0
2025-10-28,1430.969970703125,1438.780029296875,1429.6600341796875,1430.969970703125,0.5385969242355059,0.0,0.4581673306772908,0,0.36870341877994983,50.54341472333105,주의,0.06288422926922808,0.011375839228679624,0.0
2025-10-29,1425.969970703125,1435.25,1418.93994140625,1425.969970703125,0.523732748454028,0.0,0.3745019920318725,0,0.33456911416717294,44.001790755809736,주의,0.06310209046064372,0.011125356032414591,0.0
2025-10-30,1424.010009765625,1434.8199462890625,1419.0899658203125,1424.010009765625,0.5271121404120739,0.0,0.41434262948207173,0,0.3493529428806801,46.879014256111454,주의,0.06267541847629565,0.012373549012755863,0.0
2025-10-31,1424.02001953125,1430.550048828125,1423.5699462890625,1424.02001953125,0.4947657575783888,0.0,0.44621513944223107,0,0.3472445048731241,46.671366002296445,주의,0.06100097832632985,0.012382465185275417,0.0
2025-11-03,1427.1700439453125,1432.5,1425.27001953125,1427.1700439453125,0.5010584051498256,0.0,0.42231075697211157,0,0.3416822718694381,45.8294916835723,주의,0.05914264909901301,0.019493460797176235,0.0
2025-11-04,1428.969970703125,1441.0400390625,1428.969970703125,1428.969970703125,0.5331354339040686,0.0,0.4701195219123506,0,0.37056404737807325,51.865921706036154,주의,0.057981066539882414,0.022070358297218266,0.0
2025-11-05,1439.81005859375,1449.27001953125,1439.81005859375,1439.81005859375,0.5548456652528354,0.0,0.4581673306772908,1,0.3751637615940688,53.09271502595874,주의,0.056427965192876635,0.021033221352534496,0.0
2025-11-06,1439.739990234375,1452.030029296875,1439.739990234375,1439.739990234375,0.5383743499056168,0.0,0.601593625498008,1,0.4169996995280672,61.784109311703084,경계,0.0621016700239756,0.022031118667721644,0.0
2025-11-07,1447.9000244140625,1462.4200439453125,1446.300048828125,1447.9000244140625,0.6206036844559771,0.0,0.5099601593625498,1,0.4187807957734776,62.30084769111135,경계,0.06021010035495389,0.021837997735055067,0.0
2025-11-10,1454.0,1456.6199951171875,1449.739990234375,1454.0,0.6181175241031993,0.0,0.6294820717131474,1,0.45811296751052655,69.69480654779615,경계,0.06237548946857339,0.021755802728995483,0.0
2025-11-11,1453.6600341796875,1467.050048828125,1453.6600341796875,1456.0899658203125,0.6247223140394632,0.0,0.5537848605577689,1,0.43520255974602184,65.58031891309672,경계,0.0626458408022953,0.022242669698081315,0.0
2025-11-12,1460.449951171875,1469.72998046875,1458.6800537109375,1459.8399658203125,0.5907296031061998,0.0,0.5537848605577689,1,0.42168738551954366,63.0340520327597,경계,0.060993653336699226,0.023105210875926218,0.0
2025-11-13,1467.0699462890625,1474.1300048828125,1460.510009765625,1468.02001953125,0.5501224562183965,0.0,0.5816733067729084,0,0.41495052584154846,61.73669398908653,경계,0.059975328112757485,0.022749737177045423,0.0
2025-11-14,1469.0,1473.550048828125,1446.800048828125,1468.7099609375,0.6614221527838083,0.0,0.5219123505976095,0,0.4390418898626355,66.36606986090639,경계,0.0620750240338684,0.023592946432756674,0.0
2025-11-17,1454.1500244140625,1462.449951171875,1446.530029296875,1446.530029296875,0.7739803732208831,0.18465125258471218,0.4820717131474104,1,0.519297443870847,79.31366299266566,경계,0.0602116953774955,0.01825895586633424,0.0
2025-11-18,1461.6500244140625,1467.1600341796875,1458.75,1461.68994140625,0.8090202964385996,0.15117965908547407,0.852589641434263,0,0.6493509908736576,91.64546806533126,심각,0.08312031984412908,0.015306972231709124,0.0
2025-11-19,1456.550048828125,1468.969970703125,1456.550048828125,1456.550048828125,0.824248275873705,0.12377543613312275,0.8804780876494024,1,0.6575498693125811,91.88411073009839,심각,0.0902103427939026,0.015018490642497778,0.0
2025-11-20,1466.1700439453125,1473.43994140625,1465.1800537109375,1466.1300048828125,0.8251386771781557,0.10133875603782722,0.848605577689243,0,0.641204640421809,90.58061502655892,심각,0.08852825214669637,0.01360530039328275,0.0
2025-11-21,1473.22998046875,1477.6500244140625,1468.5999755859375,1473.25,0.6944070574306621,0.08296915604683616,0.8844621513944223,0,0.5964541514130852,86.79901624740593,심각,0.08953667319397772,0.013663031518322473,0.0
2025-11-24,1467.72998046875,1479.0400390625,1467.72998046875,1467.72998046875,0.5164776840056382,0.06792939961247077,0.896414342629482,0,0.5257567705697098,78.71517471637512,경계,0.0888294458675541,0.013142937262247498,0.0
2025-11-25,1474.4599609375,1475.5699462890625,1463.1300048828125,1474.8599853515625,0.4693163725026069,0.05561588850085336,0.896414342629482,0,0.503742065460606,75.5912047884159,경계,0.0873515548630638,0.01242138858581132,0.0
2025-11-26,1462.0999755859375,1475.6199951171875,1456.1600341796875,1464.9200439453125,0.571102672413821,0.04553443827540474,0.8844621513944223,0,0.5375070610934798,80.16460943108626,심각,0.08676152696080285,0.010426740435208338,0.0
2025-11-27,1470.2099609375,1470.5899658203125,1459.27001953125,1470.5899658203125,0.5695918350020198,0.037280444940205,0.8844621513944223,0,0.5347185612384938,79.78373374759043,경계,0.08813255091745457,0.009714192390209138,0.0
2025-11-28,1461.0799560546875,1471.1600341796875,1322.4200439453125,1461.4000244140625,0.9647146575645441,0.030522646760976282,0.8207171314741036,0,0.6685200193933294,91.71057696256266,심각,0.08675792365856759,0.007522251290473664,0.0
2025-12-01,1465.8499755859375,1471.6199951171875,1463.8800048828125,1465.6199951171875,0.9632625621888162,0.024989829568547332,0.8247011952191236,0,0.6678201719141499,91.38533961202162,심각,0.08757566518350374,0.007087229975264273,0.0
2025-12-02,1470.18994140625,1472.0400390625,1465.56005859375,1470.1700439453125,0.960275271905115,0.02045994198194718,0.8167330677290837,0,0.662743717986578,90.78635366891173,심각,0.08564484930085588,0.007366276143813341,0.0
2025-12-03,1467.280029296875,1471.1199951171875,1462.3599853515625,1467.3599853515625,0.9561262924795301,0.016751183706811428,0.8127490039840638,0,0.6587670578907003,90.24712021761366,심각,0.08390598336516451,0.007681426842828647,0.0
2025-12-04,1465.3399658203125,1474.219970703125,1464.1500244140625,1465.030029296875,0.9532902708269744,0.013714709251225343,0.7808764940239044,0,0.6460824623311618,89.08901165172544,심각,0.08168932716948009,0.007670298990156596,0.0
2025-12-05,1472.530029296875,1474.050048828125,1466.8900146484375,1472.3800048828125,0.0738014764753416,0.011228654233501289,0.9282868525896414,0,0.34547603601606336,45.44926584055216,주의,0.07944142413053022,0.005817995673305035,0.0
2025-12-08,1471.81005859375,1472.050048828125,1464.7099609375,1471.81005859375,0.07660697369107707,0.009193244536646779,0.900398406374502,0,0.3366438179529858,43.64138533047316,주의,0.07944148420736838,0.005821314046192718,0.0
2025-12-09,1468.510009765625,1472.0799560546875,1465.489990234375,1468.510009765625,0.07835555029468776,0.00752679202271886,0.8924302788844621,0,0.33420928184324633,43.04785897054681,주의,0.07703608834705498,0.005772492176507455,0.0
2025-12-10,1467.9300537109375,1472.3499755859375,1467.510009765625,1467.9300537109375,0.0773490209498068,0.006162416101021958,0.8884462151394422,0,0.33210343216229504,42.487419142975085,주의,0.07519753555994373,0.005890612453934512,0.0
2025-12-11,1462.550048828125,1473.9300537109375,1462.550048828125,1469.0400390625,0.08065352441380506,0.00504535957516959,0.8725099601593626,0,0.327745097599656,41.548703709795284,주의,0.07292289328784317,0.022745394754145266,0.0
2025-12-12,1471.5799560546875,1479.6500244140625,1469.4000244140625,1470.8499755859375,0.07995799951097787,0.004130791044527803,0.7729083665338645,0,0.29362561023843475,35.33107553222157,정상,0.0707624345343478,0.022994710914622303,0.0
2025-12-15,1472.9100341796875,1477.75,1462.4200439453125,1472.9100341796875,0.09152634897778672,0.0,0.7649402390438247,0,0.2944421230059524,35.52558708390815,정상,0.0687735855872132,0.023409198125688643,0.0
2025-12-16,1467.47998046875,1477.0400390625,1467.25,1467.47998046875,0.10210396079901132,0.0,0.2549800796812749,0,0.12661292695714543,13.353418595677194,정상,0.06690019752446025,0.023223114633906496,0.0
2025-12-17,1471.72998046875,1481.7900390625,1470.4100341796875,1471.739990234375,0.11497220718947862,0.0,0.18326693227091634,0,0.10753683061251146,12.001570186627768,정상,0.06643309720710008,0.023382195119732066,0.0
2025-12-18,1476.1500244140625,1479.5400390625,1471.0,1474.0,0.11268702574603436,0.0,0.21912350597609562,0,0.11872445803553988,13.171780012224882,정상,0.06538809890850122,0.02343447312830381,0.0
2025-12-19,1475.0899658203125,1479.1500244140625,1473.68994140625,1474.3599853515625,0.11022420708520157,0.0,0.18326693227091634,0,0.10564907153490734,12.325631718788744,정상,0.06367626527259015,0.023696170276440387,0.0
2025-12-22,1473.719970703125,1481.6700439453125,1473.719970703125,1473.719970703125,0.10637790103139871,0.0,0.18326693227091634,0,0.10411981732074475,12.447971225398186,정상,0.06174373139896112,0.023695830221686146,0.0
2025-12-23,1476.8399658203125,1484.4300537109375,1476.8399658203125,1476.8399658203125,0.0993703528068458,0.0,0.19123505976095617,0,0.10402172669798414,12.688600185845289,정상,0.059886572058754126,0.02361538019526384,0.0
2025-12-24,1478.6700439453125,1478.6700439453125,1429.68994140625,1478.6700439453125,0.2810968140817749,0.0,0.1593625498007968,0,0.16552224408579375,18.810350848398176,정상,0.058641649106331475,0.023739312921154266,0.0
2025-12-26,1447.1800537109375,1452.9000244140625,1429.9000244140625,1446.52001953125,0.37681108035840266,0.18465125258471218,0.07171314741035857,1,0.22295254621904814,26.21828565666438,정상,0.05705875618142831,0.009640934049464516,0.0
2025-12-29,1433.9000244140625,1441.3299560546875,1429.6400146484375,1441.3299560546875,0.9143426829451129,0.15117965908547407,0.7609561752988048,1,0.6603136619932011,89.48811209204835,심각,0.10181709918733586,0.011138811906291513,0.0
2025-12-30,1430.510009765625,1448.6300048828125,1428.949951171875,1434.7099609375,0.9063771222913887,0.12377543613312275,0.7450199203187251,0,0.6445067758972147,88.10031643837402,심각,0.0996998811937918,0.011538422591855094,0.0
2025-12-31,1439.550048828125,1449.199951171875,1437.3699951171875,1437.9100341796875,0.9065466332289495,0.10133875603782722,0.7450199203187251,0,0.6386270999796606,87.40161980539126,심각,0.0983061366957602,0.013251570158632433,0.0
2026-01-02,1440.81005859375,1446.6300048828125,1439.0400390625,1443.6400146484375,0.6525996733975896,0.08296915604683616,0.7768924302788844,1,0.5435433578669833,77.65070853038351,경계,0.09570425815246865,0.013274317128352744,0.0
2026-01-05,1440.47998046875,1449.75,1440.47998046875,1440.47998046875,0.3794521843089031,0.06792939961247077,0.8247011952191236,1,0.44708436553980263,63.443801291902616,경계,0.09406856432739967,0.013224175876005962,0.0
2026-01-06,1445.3800048828125,1449.010009765625,1442.1500244140625,1445.56005859375,0.34478440298794377,0.05561588850085336,0.8286852589641435,1,0.43138098911586664,60.72046326974928,경계,0.09160003562494992,0.012747034990704845,0.0
2026-01-07,1446.449951171875,1449.510009765625,1444.0,1444.9599609375,0.20043708332002816,0.04553443827540474,0.852589641434263,1,0.37938182351541194,51.60077629436709,주의,0.08985835268675633,0.013428896738803089,0.0
2026-01-08,1447.5999755859375,1454.300048828125,1445.4300537109375,1446.1400146484375,0.17846330350895953,0.037280444940205,0.852589641434263,1,0.3684574549956571,49.68566548016466,주의,0.08713586466316216,0.01603561165336005,0.0
2026-01-09,1451.050048828125,1461.4000244140625,1450.0799560546875,1450.0799560546875,0.2115597100908908,0.030522646760976282,0.8286852589641435,1,0.37176091461128785,50.32714575161131,주의,0.08454096876191244,0.015839452888993598,0.0
2026-01-12,1455.239990234375,1470.1500244140625,1455.239990234375,1455.239990234375,0.23740986536803982,0.024989829568547332,0.8247011952191236,1,0.3792281358287809,51.81998020518203,주의,0.08264544936943116,0.01998200301152745,0.0
2026-01-13,1465.5,1477.530029296875,1464.9300537109375,1464.9300537109375,0.2867434729461776,0.02045994198194718,0.8207171314741036,0,0.39629798809760963,55.014507733321125,주의,0.08130948775627017,0.01903368451603847,0.0
2026-01-14,1476.550048828125,1478.56005859375,1462.5699462890625,1473.010009765625,0.32541258486276115,0.016751183706811428,0.8605577689243028,0,0.42412962496266804,60.0439358839169,경계,0.08294892789065111,0.019151514723595935,0.0
2026-01-15,1464.3499755859375,1473.22998046875,1462.9000244140625,1462.9000244140625,0.41123971887898697,0.013714709251225343,0.8565737051792829,0,0.4561047960428126,65.64059650054978,경계,0.08321746070809231,0.018013184957644687,0.0
2026-01-16,1468.3499755859375,1475.699951171875,1467.989990234375,1468.8399658203125,0.3963196408151578,0.011228654233501289,0.8685258964143426,0,0.45354582698360035,65.40931665885216,경계,0.08501071305545854,0.01755511755530623,0.0
2026-01-19,1471.5799560546875,1476.52001953125,1469.5,1471.5799560546875,0.34533983876219737,0.009193244536646779,0.8725099601593626,0,0.434081264378565,62.28421829774206,경계,0.0839135464708214,0.02233199707979676,0.0
2026-01-20,1473.800048828125,1479.8800048828125,1471.52001953125,1471.52001953125,0.29777698724404844,0.00752679202271886,0.8764940239043825,0,0.41607304425151953,59.280827892079245,주의,0.08167931347348638,0.022480282579244063,0.0
2026-01-21,1479.4100341796875,1479.8499755859375,1462.739990234375,1477.780029296875,0.29445324002716106,0.006162416101021958,0.8685258964143426,0,0.4117018695749445,58.50986992175634,주의,0.07919119091060742,0.022442901559149634,0.0
2026-01-22,1465.3299560546875,1470.9300537109375,1463.25,1464.8299560546875,0.3117990563359584,0.00504535957516959,0.8725099601593626,0,0.41964633318316275,59.96896769362235,주의,0.07853307655465769,0.022618528026078145,0.0
2026-01-23,1463.75,1469.6300048828125,1460.5799560546875,1463.260009765625,0.4051468012384361,0.004130791044527803,0.9163346613545816,0,0.47130231761176244,68.74884615403026,경계,0.08347918159966065,0.023716606882238606,1.0
2026-01-26,1447.9000244140625,1448.5,1432.449951171875,1444.81005859375,0.6461244874177615,0.0,0.796812749003984,1,0.525697169360213,76.66589126833794,경계,0.08104340721629974,0.020816932567852935,0.0
2026-01-27,1450.0999755859375,1451.050048828125,1435.06005859375,1440.97998046875,0.7006939007025311,0.0,0.28286852589641437,1,0.37401466805160394,51.74228102170931,주의,0.09278157277696898,0.020815473702316362,0.0
2026-01-28,1432.22998046875,1436.8699951171875,1420.1099853515625,1432.510009765625,0.623334145553251,0.0,0.2908366533864542,0,0.34594521804913253,46.61706993014707,주의,0.09054530055117045,0.020084430863483813,0.0
2026-01-29,1427.949951171875,1438.989990234375,1423.3199462890625,1429.27001953125,0.633492466250833,0.0,0.30278884462151395,0,0.35401613295999856,48.156590662514006,주의,0.09073052102379507,0.021384627344212107,0.0
2026-01-30,1429.949951171875,1446.719970703125,1428.760009765625,1428.760009765625,0.6968633898260358,0.0,0.30278884462151395,0,0.3792118013694165,52.86236144761246,주의,0.08840604148822327,0.02150293485509698,0.0
2026-02-02,1449.0999755859375,1464.530029296875,1447.6199951171875,1448.800048828125,0.7404907368723229,0.0,0.2868525896414343,1,0.3911815280330942,55.09393824751941,주의,0.0857240712275583,0.016409909495690364,0.0
2026-02-03,1451.699951171875,1453.030029296875,1438.800048828125,1452.5400390625,0.7381652048518917,0.0,0.7211155378486056,1,0.5367552628900407,78.21912410644163,경계,0.09920241327931624,0.01621362324358411,0.0
2026-02-04,1447.68994140625,1459.5999755859375,1446.6800537109375,1446.6800537109375,0.6915871102783393,0.0,0.7131474103585658,1,0.515548218424398,75.27679169507998,경계,0.09670134087041261,0.01570263286796635,0.0
2026-02-05,1459.3800048828125,1468.6400146484375,1457.800048828125,1460.1099853515625,0.6531999413835512,0.0,0.7529880478087649,1,0.5137260651120796,74.86088559041278,경계,0.09506399852346227,0.01269661929735862,0.0
2026-02-06,1471.5,1473.8800048828125,1461.43994140625,1470.6800537109375,0.5748181673953403,0.0,0.8087649402390438,0,0.5013785283221621,72.95150943329854,경계,0.09892406003194189,0.011696332308647127,0.0
2026-02-09,1461.56005859375,1467.9599609375,1452.8199462890625,1462.4000244140625,0.5268326680445445,0.0,0.8366533864541833,0,0.4917081068215313,71.3836341036998,경계,0.09992746382880513,0.010668484419304854,0.0
2026-02-10,1457.2099609375,1462.530029296875,1452.43994140625,1458.5400390625,0.516675087649168,0.0,0.8406374501992032,1,0.48901357226506303,70.83796678394181,경계,0.09933956529106631,0.010371588185533237,0.0
2026-02-11,1456.2099609375,1457.8599853515625,1445.3699951171875,1455.3299560546875,0.5045408163593802,0.0,0.7928286852589641,1,0.46806084490494626,67.37743734695076,경계,0.09686003493942283,0.010250217752654932,0.0
2026-02-12,1447.300048828125,1449.6800537109375,1431.5400390625,1444.18994140625,0.48165163390887333,0.0,0.7729083665338645,1,0.4522402190595304,64.59568978587261,경계,0.09429928834202528,0.011359107787554605,0.0
2026-02-13,1440.1099853515625,1448.3499755859375,1438.3499755859375,1440.9000244140625,0.3357979789021678,0.0,0.7928286852589641,1,0.40097031916894615,55.27871972182671,주의,0.09618511221557685,0.011749130015439781,0.0
2026-02-16,1443.1400146484375,1444.81005859375,1436.1800537109375,1439.52001953125,0.3164550156473741,0.0,0.7808764940239044,0,0.389247678904008,52.93390488340697,주의,0.0936756363798956,0.012476404874797967,0.0
2026-02-17,1440.219970703125,1448.8699951171875,1439.3499755859375,1440.22998046875,0.3299932708344519,0.0,0.7529880478087649,1,0.3852222081467751,52.00982067049102,주의,0.09089829294753611,0.015690140424468063,0.0
2026-02-18,1439.949951171875,1449.699951171875,1439.449951171875,1439.969970703125,0.33817080006636235,0.0,0.7370517928286853,1,0.3830974289324475,51.43948576109435,주의,0.08815001783412713,0.02620258387668545,1.0
2026-02-19,1449.9000244140625,1452.1500244140625,1440.1600341796875,1440.1600341796875,0.2856489680172448,0.0,0.6852589641434262,1,0.3447429751877712,43.99519528885413,주의,0.08546749669180444,0.030273944275826862,1.0
2026-02-20,1449.199951171875,1450.7099609375,1441.7900390625,1447.75,0.2648116766254898,0.0,0.49800796812749004,1,0.273289258267601,31.132082101461023,정상,0.08286540166208492,0.03243029631096344,1.0
2026-02-23,1439.949951171875,1445.25,1438.3699951171875,1443.43994140625,0.3640523745425798,0.0,0.50199203187251,1,0.3140904247269327,38.152950228967455,정상,0.0829001422341263,0.032427966923890925,1.0
2026-02-24,1443.5999755859375,1446.8599853515625,1437.9200439453125,1442.199951171875,0.355624780582932,0.0,0.23107569721115537,1,0.21934623230300127,22.96757370901452,정상,0.08120650031547823,0.034991132770182384,1.0
2026-02-25,1440.800048828125,1440.8699951171875,1424.0699462890625,1439.989990234375,0.44446966277219313,0.0,0.2151394422310757,1,0.24929401510786137,27.296834732195098,정상,0.07880351300000617,0.03541250134699653,1.0
2026-02-26,1426.9200439453125,1437.030029296875,1418.239990234375,1426.9300537109375,0.5184014640090123,0.0,0.18326693227091634,0,0.26793641464919354,30.25448660831085,정상,0.0766351872766318,0.03426446847860206,1.0
2026-02-27,1431.5400390625,1444.5699462890625,1429.3599853515625,1432.3199462890625,0.5285780670983627,0.0,0.3107569721115538,0,0.3149912220887889,38.36923983717566,정상,0.08231431929127098,0.034209399314005524,1.0
2026-03-02,1453.050048828125,1471.22998046875,1437.800048828125,1438.5,0.801739235237347,0.0,0.2948207171314741,0,0.4182213836447437,57.844658990762085,주의,0.08114200109533963,0.039895678234720316,1.0
2026-03-03,1452.27001953125,1506.25,1452.27001953125,1452.27001953125,0.9009080452360707,0.0,0.07569721115537849,1,0.3837287639173606,51.1820124623384,주의,0.08043170241776157,0.03968166700521837,1.0
2026-03-04,1476.699951171875,1483.0699462890625,1457.739990234375,1483.0699462890625,0.8938568440410881,0.18465125258471218,0.16733067729083664,0,0.4607814743899157,65.38884603868199,경계,0.08633330174425752,0.03378742194356535,1.0
2026-03-05,1462.0999755859375,1486.4100341796875,1455.280029296875,1460.75,0.9016114801666439,0.15117965908547407,0.7649402390438247,0,0.6565958799832141,89.26462360022514,심각,0.1168995139103597,0.03312795546042035,1.0
2026-03-06,1478.300048828125,1495.27001953125,1467.4599609375,1479.510009765625,0.8960581365360845,0.12377543613312275,0.7928286852589641,0,0.6565323046731384,88.99387699884753,심각,0.12775940987524834,0.03225692910245171,1.0
2026-03-09,1493.050048828125,1497.949951171875,1476.1500244140625,1483.8900146484375,0.8695379834974154,0.10133875603782722,0.8127490039840638,0,0.6467611831301288,87.98743762806477,심각,0.13343646361613315,0.033524826890194696,1.0
2026-03-10,1465.8299560546875,1479.47998046875,1411.530029296875,1464.469970703125,0.8235388556704818,0.08296915604683616,0.8007968127490039,0,0.6195712581581736,85.41193841266896,심각,0.12988108495633102,0.03330762420636629,1.0
2026-03-11,1472.06005859375,1476.3900146484375,1463.4100341796875,1472.780029296875,0.7691603275299542,0.06792939961247077,0.8725099601593626,0,0.6181568251135542,85.05024868852973,심각,0.13594465760312777,0.03378741121373136,1.0
2026-03-12,1476.719970703125,1495.3399658203125,1474.280029296875,1475.3399658203125,0.7004987644401265,0.05561588850085336,0.896414342629482,0,0.5956579562309451,82.57332980206921,심각,0.13362708899988548,0.03383095224639174,1.0
2026-03-13,1487.8699951171875,1501.18994140625,1470.5799560546875,1470.5799560546875,0.680331316489648,0.04553443827540474,0.8565737051792829,0,0.5715271666414121,79.64517608607416,경계,0.12973214166031605,0.0340325149484584,1.0
2026-03-16,1493.199951171875,1501.75,1484.8699951171875,1501.75,0.6886543261998601,0.037280444940205,0.8366533864541833,1,0.5659284020963498,78.82749945571244,경계,0.12640610902838467,0.0268157239955417,1.0
2026-03-17,1488.9200439453125,1494.9300537109375,1484.43994140625,1488.9100341796875,0.3443801006725348,0.030522646760976282,0.9840637450199203,0,0.47698586037943247,65.90167329857901,경계,0.1472119831089764,0.026108873773861143,1.0
2026-03-18,1486.050048828125,1504.3699951171875,1481.8199462890625,1484.8699951171875,0.38259737202942457,0.024989829568547332,0.9760956175298805,0,0.4880261062447675,67.7289438718127,경계,0.1465807672179771,0.02731618977591571,1.0
2026-03-19,1503.5,1505.25,1493.1600341796875,1505.25,0.37416779478563866,0.02045994198194718,0.9721115537848606,1,0.48212987298198806,66.75564471581097,경계,0.14250751609077053,0.024374308175215985,1.0
2026-03-20,1488.0,1505.3499755859375,1486.1400146484375,1489.8399658203125,0.4045842253183361,0.016751183706811428,0.9681274900398407,1,0.49189608672494556,68.25588834996293,경계,0.1479850219152434,0.022177155662656427,0.0
2026-03-23,1505.1500244140625,1517.739990234375,1479.6199951171875,1504.2099609375,0.41607195069869285,0.013714709251225343,0.9601593625498008,1,0.4929706039515451,68.29807253543294,경계,0.14895183827344657,0.019992099636340206,0.0
2026-03-24,1485.8199462890625,1502.6700439453125,1485.3599853515625,1485.3599853515625,0.4448360127408997,0.011228654233501289,0.9601593625498008,0,0.5037479634335077,69.85469818521169,경계,0.1491598189947111,0.015541201559549576,0.0
2026-03-25,1490.5999755859375,1505.27001953125,1489.4300537109375,1497.31005859375,0.42804969199782883,0.009193244536646779,0.9800796812749004,1,0.5032544854389372,69.63353701339875,경계,0.15270313429279184,0.014524397554262415,0.0
2026-03-26,1501.25,1509.300048828125,1500.969970703125,1500.969970703125,0.3824451293701818,0.00752679202271886,1.0,1,0.491400948117058,67.60109479863641,경계,0.15129438595672595,0.020353319703672525,0.0
2026-03-27,1508.0799560546875,1511.989990234375,1503.1500244140625,1508.3599853515625,0.3236952018649297,0.006162416101021958,0.9601593625498008,1,0.4542406863513203,61.16816505426609,경계,0.1469922081273286,0.019967681098612317,0.0
2026-03-29,1509.2099609375,1521.6300048828125,1507.02001953125,1507.02001953125,0.23646473668705117,0.00504535957516959,0.9681274900398407,1,0.42195064990893927,55.27876712805456,주의,0.14378814567410747,0.02083728272942655,0.0
2026-03-30,1518.280029296875,1536.8199462890625,1516.1300048828125,1516.1300048828125,0.20553125561666022,0.004130791044527803,0.9641434262948207,0,0.4080653587299322,52.716086547158504,주의,0.1394506078662292,0.02027059789902239,0.0
2026-03-31,1508.1500244140625,1513.280029296875,1497.1199951171875,1503.3299560546875,0.2438207387980558,0.0,0.9282868525896414,1,0.41009778617886505,53.13366178014507,주의,0.13721837891174177,0.019088829262879293,0.0
2026-04-01,1512.030029296875,1523.510009765625,1506.530029296875,1512.0899658203125,0.2814799631324567,0.0,0.5378486055776892,0,0.29335662336802854,32.32894494014478,정상,0.1370621418476013,0.01845440994447448,0.0
2026-04-02,1506.300048828125,1511.43994140625,1504.300048828125,1509.219970703125,0.30164924148232763,0.0,0.350597609561753,1,0.23820672333308307,24.19423191843827,정상,0.1347935051470669,0.018541711510839255,0.0
2026-04-05,1509.6500244140625,1511.3499755859375,1498.4000244140625,1509.260009765625,0.2987951666619311,0.0,0.1952191235059761,1,0.18465513202422962,17.714926889400513,정상,0.1308957808280804,0.02047201615191116,0.0
2026-04-06,1507.5999755859375,1512.56005859375,1494.199951171875,1507.8499755859375,0.3153262903449301,0.0,0.1952191235059761,1,0.1912277474644581,18.54577890809981,정상,0.126908209954205,0.02064162593707298,0.0
2026-04-07,1500.050048828125,1500.050048828125,1469.8699951171875,1499.1300048828125,0.46258856252922737,0.0,0.14342629482071714,1,0.23230552793306727,23.7979130193122,정상,0.12309574202000885,0.022754241014296652,0.0
2026-04-08,1480.0999755859375,1484.4000244140625,1470.6199951171875,1477.5999755859375,0.46361114556190014,0.0,0.16733067729083664,0,0.24077622611670035,25.097500549105213,정상,0.12145787751810831,0.018343576382364144,0.0
2026-04-09,1474.5,1486.550048828125,1473.280029296875,1473.280029296875,0.5156847159785285,0.0,0.33067729083665337,0,0.31658505747852694,37.58752707972695,정상,0.1305024941198449,0.018158321378831645,0.0
2026-04-12,1482.1600341796875,1496.800048828125,1482.1600341796875,1482.1800537109375,0.6039069241120291,0.0,0.32270916334661354,0,0.3489733140891824,43.71817805300531,주의,0.1270380459420272,0.01749651203587808,0.0
2026-04-13,1477.4300537109375,1485.1400146484375,1467.06005859375,1476.8399658203125,0.5964004632023291,0.0,0.11553784860557768,0,0.27609969935702455,30.810022934551572,정상,0.12537466766349722,0.017158529874982408,0.0
2026-04-14,1470.739990234375,1478.949951171875,1469.239990234375,1469.4200439453125,0.4314800699806621,0.0,0.14741035856573706,0,0.22128111264099382,22.76254989822159,정상,0.12236280089256306,0.016416934965522993,0.0
2026-04-15,1472.800048828125,1479.3199462890625,1466.5899658203125,1474.06005859375,0.3601103255667269,0.0,0.18326693227091634,0,0.2050013837022608,20.823239830110698,정상,0.12024095920424985,0.01917696686212258,0.0
2026-04-16,1481.75,1485.239990234375,1453.6300048828125,1477.9200439453125,0.5086633080461732,0.0,0.09163346613545817,0,0.23315212310019934,24.760921442150526,정상,0.1172207515656297,0.021034508981918144,0.0
2026-04-19,1465.1500244140625,1478.6400146484375,1464.489990234375,1465.1500244140625,0.5678861837038824,0.0,0.00796812749003984,0,0.22847411604758117,24.256423100909544,정상,0.11410377268484254,0.019223367173537845,0.0
2026-04-20,1471.0699462890625,1479.1199951171875,1466.9100341796875,1469.260009765625,0.5976290583163483,0.0,0.05179282868525897,0,0.2550838328629728,28.311571037055668,정상,0.11565969058018973,0.0192427149425929,0.0
2026-04-21,1478.1300048828125,1485.800048828125,1473.3199462890625,1485.800048828125,0.597062306928374,0.0,0.00398406374501992,0,0.2387302399216494,25.998155780240182,정상,0.11266401240702804,0.015715378470404794,0.0
2026-04-22,1477.0,1484.4000244140625,1475.47998046875,1477.9599609375,0.6203569171774089,0.0,0.12749003984063745,0,0.289656619064968,34.238465924547945,정상,0.11758562758179103,0.025059805416145872,1.0
2026-04-23,1481.1800537109375,1485.6600341796875,1473.5400390625,1479.949951171875,0.42234813144353334,0.0,0.1952191235059761,0,0.23377859994944494,25.505419420034553,정상,0.11584481153064646,0.02602043403703212,1.0
2026-04-26,1476.4100341796875,1477.0999755859375,1468.0999755859375,1474.68994140625,0.3119044534487655,0.0,0.21115537848605578,0,0.1952433441134798,20.431650326221277,정상,0.11243750928196057,0.026076814973500506,1.0
2026-04-27,1473.0899658203125,1478.219970703125,1470.68994140625,1473.0,0.2991568797078349,0.0,0.23107569721115537,0,0.19689513918398677,20.761104746997503,정상,0.10988786026460948,0.02772007104767139,1.0
2026-04-28,1471.739990234375,1488.18994140625,1471.1400146484375,1471.989990234375,0.3145857028664482,0.0,0.22310756972111553,0,0.20034144755161476,21.322122640985405,정상,0.10663348530357765,0.030398636171695716,1.0
2026-04-29,1485.2900390625,1487.5699462890625,1471.1800537109375,1487.3800048828125,0.42578328516285935,0.0,0.15139442231075698,0,0.22036014741054885,24.181404794446898,정상,0.10341939795293069,0.028641891975131964,1.0
2026-04-30,1473.449951171875,1476.3699951171875,1466.030029296875,1474.010009765625,0.49944265010382427,0.0,0.24302788844621515,0,0.2805588955412075,33.89710943786338,정상,0.10811808630427944,0.02728241721082569,1.0
2026-05-03,1471.6400146484375,1476.25,1463.489990234375,1471.72998046875,0.5099071973708749,0.0,0.28286852589641437,0,0.29815971371492134,37.07725844033317,정상,0.11054835576567701,0.027357390835876023,1.0
2026-05-04,1476.050048828125,1478.050048828125,1466.1700439453125,1476.050048828125,0.5442162252235653,0.0,0.2948207171314741,0,0.31583271701275817,40.414021758587175,주의,0.10734950209176625,0.027391195714862152,1.0
2026-05-05,1463.3499755859375,1473.9599609375,1439.1500244140625,1473.9599609375,0.7238132722534689,0.0,0.26294820717131473,0,0.37648659982122035,52.070602041179725,주의,0.10470137999321928,0.029248100626123794,1.0
2026-05-06,1446.1700439453125,1454.6300048828125,1444.449951171875,1444.449951171875,0.6866767118356785,0.18465125258471218,0.250996015936255,1,0.4066331023332072,57.81870482564116,주의,0.10166118086286687,0.021801579352521288,0.0
2026-05-07,1457.6300048828125,1470.780029296875,1454.7900390625,1454.7900390625,0.7786731948880332,0.15117965908547407,0.5657370517928287,1,0.540515727486563,79.39103409079924,경계,0.1260918422381514,0.020830995260221585,0.0
2026-05-10,1462.2099609375,1476.68994140625,1460.550048828125,1460.550048828125,0.8152629073417756,0.12377543613312275,0.601593625498008,0,0.5598958680861629,81.55264359698961,심각,0.1253575018546907,0.021202362728521343,0.0
2026-05-11,1474.1800537109375,1493.93994140625,1474.1800537109375,1474.449951171875,0.8433619793795428,0.10133875603782722,0.5697211155378487,0,0.5543685444267092,80.70711531699456,심각,0.12250601974960693,0.019013150618968477,0.0
2026-05-12,1493.18994140625,1499.7900390625,1486.050048828125,1492.989990234375,0.7524001143588667,0.08296915604683616,0.6932270916334662,1,0.5549985996700006,80.59466079873741,심각,0.124353445428413,0.015610618136854992,0.0
2026-05-13,1489.969970703125,1494.02001953125,1487.6400146484375,1489.8399658203125,0.44146868489846697,0.06792939961247077,0.848605577689243,1,0.47980565745087433,69.72474349285258,경계,0.12998795492272694,0.01554443533548158,0.0
2026-05-14,1493.550048828125,1505.780029296875,1493.3399658203125,1493.3399658203125,0.45852857387786605,0.05561588850085336,0.8087649402390438,1,0.4698844676106214,67.94617880544875,경계,0.12629531453953877,0.01622747854983402,0.0
2026-05-17,1499.18994140625,1506.6600341796875,1491.8800048828125,1497.1500244140625,0.4386374945152703,0.04553443827540474,0.8007968127490039,1,0.45661573154258955,65.56096858255002,경계,0.12278732454750413,0.017777623175422606,0.0
2026-05-18,1493.1199951171875,1512.6800537109375,1492.3199462890625,1492.3199462890625,0.43932242498907764,0.037280444940205,0.7290836653386454,1,0.43050786075670056,60.76631359750556,경계,0.11945834492627407,0.017726251656627803,0.0
2026-05-19,1509.3599853515625,1513.030029296875,1492.27001953125,1507.8499755859375,0.4453986905670502,0.030522646760976282,0.7091633466135459,1,0.4244123942485954,59.53972043920154,주의,0.11649875683343094,0.014813269157469926,0.0
2026-05-20,1499.030029296875,1510.81005859375,1497.719970703125,1499.77001953125,0.5015392031830147,0.024989829568547332,0.6454183266932271,1,0.42376244702358895,59.31017336408362,주의,0.11990925673651347,0.016407824080757707,0.0
2026-05-21,1505.8499755859375,1519.1400146484375,1504.4000244140625,1504.4000244140625,0.5051031335065534,0.02045994198194718,0.6414342629482072,1,0.4226347167695048,58.97864659119495,주의,0.11811874433531241,0.016231159763098642,0.0
2026-05-24,1512.8299560546875,1515.4599609375,1504.800048828125,1512.8299560546875,0.49935542275962636,0.016751183706811428,0.649402390438247,0,0.4220544810227522,58.717847390041335,주의,0.11514587421912623,0.02060512266810747,0.0
2026-05-25,1513.9200439453125,1515.1600341796875,1500.1600341796875,1514.7900390625,0.4279748501493413,0.013714709251225343,0.6812749003984063,0,0.4036215767422963,55.02257072641604,주의,0.11373289020040757,0.02643182622631488,1.0
2026-05-26,1505.6800537109375,1506.2900390625,1493.3599853515625,1505.43994140625,0.36234590142696627,0.011228654233501289,0.6932270916334662,1,0.38090124946944537,50.418631341757866,주의,0.11038301017464934,0.02577488638425137,1.0
2026-05-27,1505.1800537109375,1510.68994140625,1492.6300048828125,1503.1099853515625,0.3519787715427671,0.009193244536646779,0.7689243027888446,1,0.40177628094946016,54.385323470245396,주의,0.10969501223920737,0.025733129181143573,1.0
2026-05-28,1495.6099853515625,1510.1800537109375,1495.2900390625,1495.2900390625,0.3655517371523156,0.00752679202271886,0.50199203187251,1,0.3166816101561025,37.59840802703042,정상,0.10652365821974023,0.02569841857319179,1.0
2026-05-31,1507.6199951171875,1518.0,1501.949951171875,1506.8399658203125,0.4082873379673218,0.006162416101021958,0.4342629482071713,1,0.3104628657463241,36.31946296831667,정상,0.10525127743583111,0.025066165924330638,1.0
2026-06-01,1512.030029296875,1519.9300537109375,1509.1800537109375,1511.27001953125,0.38842841897915514,0.00504535957516959,0.5099601593625498,0,0.32780747227852103,39.46832774924352,정상,0.10634073617027616,0.025020979937924553,1.0
2026-06-02,1516.9300537109375,1534.550048828125,1514.739990234375,1516.5999755859375,0.43421582957913835,0.004130791044527803,0.50199203187251,0,0.3430816466448368,42.30071303981489,주의,0.10373117079493825,0.024820761739678905,1.0
2026-06-03,1529.25,1540.050048828125,1521.0,1530.1099853515625,0.52000968657786,0.0,0.50199203187251,0,0.37609754878915247,48.79881465917178,주의,0.10149853845408517,0.025062637730544176,1.0
2026-06-04,1534.0799560546875,1556.3900146484375,1532.1600341796875,1533.0699462890625,0.5087291116866043,0.0,0.1553784860557769,0,0.2546826300628879,26.397764561236887,정상,0.10427400482327377,0.0262152192209103,1.0
2026-06-07,1554.280029296875,1555.4100341796875,1525.1099853515625,1554.47998046875,0.6533167454110608,0.0,0.10358565737051793,1,0.29469700005951216,33.180425557317854,정상,0.10137631259176366,0.02261366458873652,0.0
2026-06-08,1529.9599609375,1532.9599609375,1509.719970703125,1528.8800048828125,0.8207947879956337,0.0,0.23904382470119523,0,0.40698138669264305,55.0793703583332,주의,0.11211057983834755,0.016153000674420815,0.0
2026-06-09,1525.510009765625,1528.2900390625,1514.8699951171875,1525.81005859375,0.8192013497622125,0.0,0.5059760956175299,0,0.4963972918005283,71.52702992361627,경계,0.12642763871449247,0.016216992687951997,0.0
2026-06-10,1524.25,1533.739990234375,1523.0899658203125,1525.050048828125,0.7877253456910926,0.0,0.3386454183266932,0,0.42743383278257185,59.00581339010464,주의,0.12282506514845809,0.016927935324701774,0.0
2026-06-11,1517.5999755859375,1523.6099853515625,1513.8199462890625,1517.3800048828125,0.7336231738391376,0.0,0.3426294820717131,0,0.40726735222529525,55.00332980612879,주의,0.11909907667261985,0.01633807565249018,0.0
2026-06-14,1509.239990234375,1515.280029296875,1503.1600341796875,1509.5,0.39048869307277534,0.0,0.44223107569721115,1,0.3044409276014879,34.87641220160485,정상,0.1171234440947324,0.017118265143204987,0.0
2026-06-15,1513.22998046875,1517.18994140625,1504.1500244140625,1513.31005859375,0.23666912872464044,0.0,0.4860557768924303,0,0.25806798796266484,26.972404672871896,정상,0.11534611206397118,0.017449223429198076,0.0
2026-06-16,1512.449951171875,1517.489990234375,1509.3699951171875,1510.9599609375,0.2287706650455312,0.0,0.4820717131474104,0,0.2535836134292773,26.333161193097116,정상,0.11226097560930276,0.017941170284184692,0.0
2026-06-17,1524.469970703125,1540.449951171875,1519.2099609375,1525.4200439453125,0.3698690390040798,0.0,0.2788844621513944,0,0.2411378702093214,24.517462482734175,정상,0.1090086971070462,0.015343674801231619,0.0
2026-06-18,1535.22998046875,1540.1300048828125,1525.0899658203125,1537.56005859375,0.3849560728279134,0.0,0.40239043824701193,0,0.2888009960751503,32.270785808067856,정상,0.11198922303536447,0.014551533889392565,0.0
2026-06-21,1530.0400390625,1541.1700439453125,1529.550048828125,1531.3299560546875,0.38546623680702347,0.0,0.50199203187251,0,0.32260436996460307,38.44826343473259,정상,0.11286799604008886,0.01573943813362965,0.0
2026-06-22,1539.5400390625,1541.6600341796875,1531.199951171875,1539.050048828125,0.38711049458555596,0.0,0.450199203187251,0,0.3057858314526069,35.35051111505875,정상,0.11056259151910752,0.014986167202348724,0.0
2026-06-23,1533.31005859375,1548.27001953125,1533.31005859375,1535.25,0.4571571650902467,0.0,0.5258964143426295,0,0.3591721210791779,45.5742176342762,주의,0.10896331104159367,,0.0
2026-06-24,1543.3299560546875,1549.0799560546875,1537.43994140625,1542.760009765625,0.372100508160618,0.0,0.4302788844621514,1,0.2930978980028992,33.050526925468034,정상,0.10608029278777215,,0.0
2026-06-25,1544.93994140625,1549.8299560546875,1531.550048828125,1546.47998046875,0.37293551117829327,0.0,0.50199203187251,1,0.3176222742326983,37.4689936632415,정상,0.10458436725906502,,0.0
2026-06-28,1535.6500244140625,1545.6300048828125,1534.739990234375,1535.239990234375,0.3960253360097424,0.0,0.41832669322709165,0,0.2985781144419285,33.89380673506343,정상,0.10182982927569018,,0.0
2026-06-29,1542.4200439453125,1554.7099609375,1541.72998046875,1541.72998046875,0.40851228617278235,0.0,0.38247011952191234,1,0.2914466119315104,32.590728400767624,정상,0.10272156696679255,,0.0
2026-06-30,1552.0999755859375,1558.8800048828125,1548.6099853515625,1548.6099853515625,0.3877176379531172,0.0,0.4262948207171315,1,0.29796309677750055,33.67711457874598,정상,0.10093404039583763,,0.0
2026-07-01,1551.4000244140625,1556.530029296875,1537.18994140625,1551.81005859375,0.4274005294242986,0.0,0.43824701195219123,1,0.3177726964537736,37.2429565777875,정상,0.09937898568261766,,0.0
2026-07-02,1544.52001953125,1547.6500244140625,1525.3800048828125,1542.1300048828125,0.4945105498481159,0.0,0.2868525896414343,1,0.29338217656563836,32.654742391900314,정상,0.09668527412073327,,0.0
2026-07-05,1531.5799560546875,1536.550048828125,1526.1400146484375,1531.0,0.5607350356610701,0.0,0.3386454183266932,0,0.3371846733730448,40.66853693443741,주의,0.09684623535417507,,0.0
2026-07-06,1528.300048828125,1531.56005859375,1509.8599853515625,1528.760009765625,0.6623025598354618,0.0,0.1752988047808765,0,0.32246206034258773,37.60790223773707,정상,0.0980293549687651,,0.0
